Name;MP;Area;County;Electorate;CON;LAB;LIB;UKIP;Green;NAT;MIN;OTH
Aldershot;Leo Docherty;12;Surrey West and Aldershot;77531;29801;11631;8333;0;1820;0;0;37
Aldridge-Brownhills;Wendy Morton;7;Wolverhampton and Walsall;72512;32522;10230;2704;394;852;0;0;364
Altrincham and Sale West;Graham Brady;4;Manchester Central and Trafford;73107;26311;20172;6037;0;1565;0;0;679
Amber Valley;Nigel Mills;8;Derbyshire North;70045;29125;12226;2875;0;1389;0;0;0
Arundel and South Downs;Andrew Griffith;12;Sussex West;76681;34382;8265;11413;0;2256;0;0;558
Ashfield;Lee Anderson;8;Nottinghamshire North;69549;17507;10297;820;2205;529;0;12210;26
Ashford;Damian Green;12;Kent South;73390;29102;11862;5264;0;2275;0;0;678
Ashton-under-Lyne;Angela Rayner;4;Manchester East;71709;14986;19961;1319;3378;1267;0;0;73
Aylesbury;Rob Butler;12;Buckinghamshire North;76209;27464;13349;11633;261;1551;0;0;182
Banbury;Victoria Prentis;12;Oxfordshire;69699;25582;12744;9266;0;1556;0;0;0
Barking;Margaret Hodge;11;Dagenham and Redbridge;71151;10722;24900;1353;2888;751;0;0;0
Barnsley North;Dan Jarvis;5;Barnsley and Sheffield West;76552;9998;17124;1306;12819;943;0;0;767
Barnsley South;Stephanie Peacock;5;Barnsley and Sheffield West;75635;11305;16213;1460;11287;879;0;0;575
Barrow and Furness;Simon Fell;4;Cumbria;78041;27394;19726;2211;1355;793;0;0;0
Basildon and Billericay;John Baron;9;Essex South West;76681;31817;10621;3850;0;1395;0;343;224
Basildon South and East Thurrock;Stephen Metcalfe;9;Essex South West;73037;29435;9945;1884;0;53;0;2944;93
Basingstoke;Maria Miller;12;Hampshire;77260;27256;14602;6691;0;2077;0;0;639
Bassetlaw;Brendan Clarke-Smith;8;Nottinghamshire North;76595;26595;13664;3226;5176;0;0;0;0
Bath;Wera Hobhouse;10;Avon South;73515;18033;7364;29921;643;141;0;0;401
Battersea;Marsha De Cordova;11;Lambeth and Wandsworth;71971;19343;25124;8223;347;1364;0;0;0
Beaconsfield;Joy Morrissey;12;Buckinghamshire South;71573;29544;5382;0;0;1941;0;15643;781
Beckenham and Penge;Bob Stewart;11;Croydon;76436;22012;21605;8634;474;2246;0;0;59
Bedford;Mohammad Yasin;9;Bedfordshire;71098;20004;20533;4636;881;961;0;16;0
Bedfordshire Mid;Nadine Dorries;9;Bedfordshire;70946;31150;11083;6872;1;2018;0;0;1170
Bedfordshire North;Richard Fuller;9;Bedfordshire;76467;32479;11154;7376;15;1615;0;2158;24
Bermondsey and Old Southwark;Neil Coyle;11;South East London;71073;7799;21981;13602;1275;21;0;0;0
Bethnal Green and Stepney;Rushanara Ali;11;Hackney and Tower Hamlets;76294;5427;38303;5004;890;2145;0;0;397
Beverley and Holderness;Graham Stuart;5;East Yorkshire;71221;29546;11673;4420;0;1099;0;0;1113
Bexhill and Battle;Huw Merriman;12;Sussex East;70305;31719;10212;6299;0;2117;0;0;113
Bexleyheath and Crayford;David Evennett;11;Bexley and Bromley;68825;27026;13129;2818;462;1204;0;0;487
Bicester and Woodstock;Unknown (new seat);12;Oxfordshire;70137;27079;8698;13426;365;1171;0;0;0
Birkenhead;Mick Whitley;4;Wirral and Chester North;75675;8221;30308;2218;1757;1594;0;7283;0
Birmingham Edgbaston;Preet Gill;7;Birmingham South;73255;16019;23086;3373;1085;1123;0;0;0
Birmingham Erdington;Jack Dromey;7;Birmingham North;78252;17024;21193;1568;1738;770;0;0;20
Birmingham Hall Green and Moseley;Tahir Ali;7;Birmingham South;77165;7495;33851;3627;874;836;0;3828;0
Birmingham Hodge Hill and Solihull North;Liam Byrne;7;Birmingham North;77784;13310;27847;1977;1431;1051;0;0;130
Birmingham Ladywood;Shabana Mahmood;7;Birmingham North;78301;4206;36582;1895;889;910;0;391;65
Birmingham Northfield;Gary Sambrook;7;Birmingham South;74909;20178;18755;2023;1675;975;0;0;252
Birmingham Perry Barr;Khalid Mahmood;7;Birmingham North;75301;9240;30092;2193;1243;827;0;0;129
Birmingham Selly Oak;Steve McCabe;7;Birmingham South;81511;15272;27225;3090;1422;1792;0;48;1
Birmingham Yardley;Jess Phillips;7;Birmingham South;73100;11843;23833;3417;2078;567;0;6;61
Bishop Auckland;Dehenna Davison;3;County Durham;70578;23704;17124;1878;2882;287;0;0;571
Blackburn;Kate Hollern;4;Lancashire East;69792;10343;28665;1097;2708;730;0;0;309
Blackley and Middleton South;Graham Stringer;4;Manchester North East;70878;10229;22486;1634;3535;867;0;0;18
Blackpool North and Fleetwood;Paul Maynard;4;Lancashire West;75797;26664;17436;1709;941;937;0;0;370
Blackpool South;Scott Benton;4;Lancashire West;77039;21944;17724;1530;2007;845;0;0;485
Blaydon and Consett;Unknown (changed seat);3;County Durham;70058;16808;19901;2586;4800;1454;0;0;1166
Blyth and Ashington;Ian Lavery;3;Northumberland;75298;16967;22717;2362;4481;1312;0;0;157
Bognor Regis and Littlehampton;Nick Gibb;12;South Coast;76860;32053;10226;6163;0;1692;0;0;1082
Bolsover;Mark Fletcher;8;Derbyshire North;74427;21846;16556;1758;4140;760;0;0;985
Bolton North East;Mark Logan;4;Manchester North West;77252;22245;21474;2125;2645;754;0;0;0
Bolton South and Walkden;Yasmin Qureshi;4;Manchester North West;76112;14176;24863;1702;3008;1129;0;0;0
Bolton West;Chris Green;4;Manchester North West;72183;26077;17475;2802;391;1013;0;0;0
Bootle;Peter Dowd;4;Merseyside East and Liverpool;74832;4509;39066;1823;2611;1166;0;0;0
Boston and Skegness;Matt Warman;8;Lincolnshire South;75021;34535;7201;2196;0;0;0;0;1498
Bournemouth East;Tobias Ellwood;10;Bournemouth;74219;24958;16140;5422;0;2051;0;0;760
Bournemouth West;Conor Burns;10;Bournemouth;73342;24304;14297;4899;0;2065;0;0;25
Bracknell;James Sunderland;12;Berkshire;69872;27973;11806;6156;0;1802;0;0;516
Bradford East;Imran Hussain;5;Bradford;71646;9493;27147;3287;2667;648;0;0;0
Bradford South;Judith Cummins;5;Bradford;70607;16234;19067;1535;2852;995;0;0;0
Bradford West;Naz Shah;5;Bradford;70695;6717;33736;1349;1556;813;0;0;90
Braintree;James Cleverly;9;Essex North;76023;34287;9532;5235;0;297;0;0;2037
Brent East;Dawn Butler;11;Brent Harrow Barnet;74720;11140;27367;4702;218;1245;0;0;72
Brent West;Barry Gardiner;11;Brent Harrow Barnet;79036;16315;26286;4014;682;923;0;0;185
Brentford and Isleworth;Ruth Cadbury;11;South West London;75746;15482;25999;7599;1043;1379;0;0;0
Brentwood and Ongar;Alex Burghart;9;Essex South West;75078;36206;7234;7181;0;1678;0;0;531
Bridgwater;Ian Liddell-Grainger;10;Somerset West and Barnstaple;71290;28752;9906;9174;0;915;0;0;487
Bridlington and the Wolds;Greg Knight;5;East Yorkshire;72681;30726;10353;3501;0;1367;0;0;1613
Brigg and Immingham;Martin Vickers;5;Lincolnshire North;71838;32226;8661;2229;261;1404;0;0;5
Brighton Kemptown and Peacehaven;Lloyd Russell-Moyle;12;South Coast;70996;17055;25268;2962;1337;2743;0;0;19
Brighton Pavilion;Caroline Lucas;12;South Coast;77893;10095;12975;0;760;32644;0;0;671
Bristol Central;Thangam Debbonaire;10;Avon North;69801;7507;31407;0;606;13597;0;0;0
Bristol East;Kerry McCarthy;10;Avon South;75476;13827;30528;3267;1391;4912;0;0;0
Bristol North East;Unknown (new seat);10;Avon North;69495;18188;26083;2980;830;1436;0;0;154
Bristol North West;Darren Jones;10;Avon North;76243;20721;26993;4600;101;3704;0;0;0
Bristol South;Karin Smyth;10;Avon South;74269;15937;24966;3359;2149;2344;0;0;0
Broadland and Fakenham;Jerome Mayhew;9;Norfolk North;72907;31610;11350;8509;0;1351;0;0;338
Bromley and Biggin Hill;Bob Neill;11;Bexley and Bromley;70212;27453;12091;7849;0;1967;0;0;167
Bromsgrove;Sajid Javid;7;Worcestershire;75078;34408;11302;6780;0;1782;0;0;0
Broxbourne;Charles Walker;9;Hertfordshire East;75559;31469;11443;4472;0;1379;0;0;117
Broxtowe;Darren Henry;8;Nottinghamshire South;71567;24273;20350;331;299;1606;0;5055;748
Buckingham and Bletchley;Unknown (new seat);12;Buckinghamshire North;73799;27679;14434;8525;500;554;0;0;588
Buckinghamshire Mid;Greg Smith;12;Buckinghamshire South;72601;33575;7364;10457;527;1292;0;0;444
Burnley;Antony Higginbotham;4;Lancashire East;74722;18769;18170;3622;3363;818;0;0;1311
Burton and Uttoxeter;Kate Griffiths;7;Staffordshire South;75038;29558;15065;2682;0;1434;0;0;0
Bury North;James Daly;4;Manchester North East;77499;24637;23822;1720;1404;893;0;0;183
Bury South;Christian Wakeford;4;Manchester North East;75131;21381;20998;2515;1712;822;0;0;1589
Bury St Edmunds and Stowmarket;Jo Churchill;9;Suffolk West and Ipswich;76811;32828;10779;452;0;7187;0;0;1425
Calder Valley;Craig Whittaker;5;Huddersfield and Halifax;76434;28789;23418;2834;0;0;0;0;674
Camborne and Redruth;George Eustice;10;Cornwall;73101;27482;18890;4341;0;1493;0;0;659
Cambridge;Daniel Zeichner;9;Cambridgeshire South;73882;7529;23599;15269;954;2044;0;0;259
Cambridgeshire North East;Steve Barclay;9;Cambridgeshire North;70565;32896;7239;3032;0;1485;0;0;0
Cambridgeshire North West;Shailesh Vara;9;Cambridgeshire North;72889;30003;11727;5246;30;2529;0;0;5
Cambridgeshire South;Anthony Browne;9;Cambridgeshire South;75311;25057;8383;23009;87;120;0;0;139
Cannock Chase;Amanda Milling;7;Staffordshire South;74815;31637;11758;0;0;2918;0;0;0
Canterbury;Rosie Duffield;12;Kent East;75633;25366;27537;3336;0;0;0;0;448
Carlisle;John Stevenson;4;Cumbria;76811;29200;17176;3105;0;778;0;0;1205
Carshalton and Wallington;Elliot Colburn;11;Wimbledon and Sutton;73133;20896;6098;20229;1044;760;0;0;201
Castle Point;Rebecca Harris;9;Essex South East;71217;34560;7635;3033;0;0;0;27;0
Chatham and Aylesford;Tracey Crouch;12;Medway and Maidstone;74212;29275;11340;3128;0;1132;0;0;301
Cheadle;Mary Robinson;4;Manchester East;74578;25693;6852;23358;0;0;0;0;0
Chelmsford;Vicky Ford;9;Essex South East;76077;29852;9870;13832;0;0;0;0;500
Chelsea and Fulham;Greg Hands;11;West London;78943;25006;15949;13030;194;348;0;0;493
Cheltenham;Alex Chalk;10;Gloucestershire;76294;27078;2680;25688;0;0;0;0;429
Chesham and Amersham;Cheryl Gillan;12;Buckinghamshire South;73642;31505;7818;12460;0;2803;0;1121;185
Cheshire Mid;Unknown (new seat);4;Cheshire;69411;23253;19695;5103;488;928;0;0;262
Chester North and Neston;Chris Matheson;4;Wirral and Chester North;73078;19594;26163;3320;1585;1347;0;0;0
Chester South and Eddisbury;Edward Timpson;4;Cheshire;71875;30390;11774;7340;432;1206;0;0;283
Chesterfield;Toby Perkins;8;Derbyshire North;71033;16722;18172;3985;4771;1149;0;0;389
Chichester;Gillian Keegan;12;Sussex West;76286;31130;8851;11154;0;2410;0;0;453
Chingford and Woodford Green;Iain Duncan Smith;11;Lea Valley;75340;26348;25162;3144;190;241;0;0;64
Chippenham;Michelle Donelan;10;Swindon and Chippenham;71341;28902;6505;16584;0;992;0;0;0
Chipping Barnet;Theresa Villiers;11;Brent Harrow Barnet;77717;26808;21795;5540;0;1228;0;0;57
Chorley;Lindsay Hoyle;4;Lancashire South;74743;0;25640;0;0;3455;0;9025;0
Christchurch;Christopher Chope;10;Bournemouth;71673;34082;6587;9219;0;2178;0;0;0
Cities of London and Westminster;Nickie Aiken;11;Central London;74448;20465;14155;13887;78;912;0;0;241
Clacton;Giles Watling;9;Essex North;76574;34121;7407;2953;0;1347;0;0;1633
Clapham and Brixton Hill;Bell Ribeiro-Addy;11;Lambeth and Wandsworth;79342;8870;28899;11077;491;2354;0;0;71
Colchester;Will Quince;9;Essex North;75677;25008;15490;6996;0;1413;0;0;2
Colne Valley;Jason McCartney;5;Huddersfield and Halifax;71047;25793;19165;3651;1128;952;0;0;706
Congleton;Fiona Bruce;4;Cheshire;69884;29645;12060;5690;0;1466;0;0;561
Corby and East Northamptonshire;Tom Pursglove;8;Northamptonshire;76933;29482;20902;3619;0;0;0;0;0
Cornwall North;Scott Mann;10;Cornwall;74608;32474;5389;16255;0;64;0;0;758
Cornwall South East;Sheryll Murray;10;Cornwall;71359;31581;10764;8615;0;1487;0;0;857
Cotswolds North;Unknown (new seat);10;Gloucestershire;70809;31534;8097;10046;245;2923;0;0;92
Cotswolds South;Geoffrey Clifton-Brown;10;Swindon and Chippenham;72683;31596;6094;14303;0;2295;0;0;0
Coventry East;Colleen Fletcher;7;Coventry and Meriden;74310;15534;23197;2041;2115;1078;0;0;105
Coventry North West;Taiwo Owatemi;7;Coventry and Meriden;75247;20710;20919;2718;1956;1443;0;0;0
Coventry South;Zarah Sultana;7;Coventry and Meriden;72674;19326;19759;3419;1428;1157;0;0;329
Cramlington and Killingworth;Unknown (changed seat);3;Northumberland;73124;19530;20605;2797;3466;1153;0;0;0
Crawley;Henry Smith;12;Sussex West;74206;27040;18680;2730;0;1451;0;0;0
Crewe and Nantwich;Kieran Mullan;4;Cheshire;76322;26530;19805;2596;1334;950;0;0;145
Croydon East;Sarah Jones;11;Croydon;75259;20885;23941;3390;919;1136;0;0;27
Croydon South;Chris Philp;11;Croydon;71305;27181;14607;6535;23;1466;0;0;370
Croydon West;Steve Reed;11;Croydon;70732;10530;29806;3205;548;1288;0;0;176
Dagenham and Rainham;Jon Cruddas;11;Dagenham and Redbridge;73233;19537;19967;1346;2957;700;0;0;401
Darlington;Peter Gibson;3;Teesside;70099;22535;17982;2197;1696;1175;0;0;306
Dartford;Gareth Johnson;12;Kent West;71324;28581;13823;3285;0;1180;0;0;0
Daventry;Chris Heaton-Harris;8;Northamptonshire;76041;35999;10734;6787;0;2414;0;0;5
Derby North;Amanda Solloway;8;Derbyshire South;73198;21259;18718;3450;1908;1046;0;0;636
Derby South;Margaret Beckett;8;Derbyshire South;73061;15671;21689;2623;2479;0;0;0;0
Derbyshire Dales;Sarah Dines;8;Derbyshire North;71145;31795;12963;6825;0;2211;0;0;0
Derbyshire Mid;Pauline Latham;8;Derbyshire South;70483;30698;13985;5028;0;1985;0;0;0
Derbyshire North East;Lee Rowley;8;Derbyshire North;72212;28841;15961;3019;13;1273;0;0;1
Derbyshire South;Heather Wheeler;8;Derbyshire South;70152;29360;12817;3452;0;1579;0;0;0
Devon Central;Mel Stride;10;Devon Central and East;73137;31303;14073;8513;0;2792;0;0;1
Devon North;Selaine Saxby;10;Somerset West and Barnstaple;75860;31481;5096;16667;0;1760;0;0;581
Devon South;Anthony Mangnall;10;Devon South;72090;28862;9155;15172;0;77;0;0;539
Devon South West;Gary Streeter;10;Devon South;75337;34537;11894;6857;0;2149;0;0;33
Dewsbury and Batley;Unknown (changed seat);5;Wakefield and Dewsbury;69626;14675;26806;1355;1275;676;0;2630;141
Didcot and Wantage;David Johnston;12;Oxfordshire;73642;26796;8777;17449;0;200;0;0;1279
Doncaster Central;Rosie Winterton;5;Doncaster and Rotherham;75156;15928;16844;2021;6903;1157;0;0;1057
Doncaster East and the Isle of Axholme;Nick Fletcher;5;Doncaster and Rotherham;70027;23006;12271;1724;4463;987;0;0;647
Doncaster North;Ed Miliband;5;Doncaster and Rotherham;71752;13372;15591;1459;8236;17;0;0;1740
Dorking and Horley;Paul Beresford;12;Surrey East;70013;28448;5140;16111;0;2108;0;59;673
Dorset Mid and North Poole;Michael Tomlinson;10;Dorset;74424;33365;4240;15976;0;1562;0;0;6
Dorset North;Simon Hoare;10;Dorset;72596;33632;6502;10826;0;2120;0;0;0
Dorset South;Richard Drax;10;Dorset;77420;31682;13129;6136;0;2386;0;0;479
Dorset West;Chris Loder;10;Dorset;76136;30953;5255;18441;0;1972;0;0;1
Dover and Deal;Natalie Elphicke;12;Kent East;76985;29121;16645;2907;0;1389;0;0;1053
Droitwich and Evesham;Nigel Huddleston;7;Worcestershire;73836;34948;9041;6271;0;2104;0;0;610
Dudley;Marco Longhi;7;Black Country;71755;26829;13594;1359;0;814;0;0;0
Dulwich and West Norwood;Helen Hayes;11;Lambeth and Wandsworth;74932;8282;33661;551;557;8289;0;0;264
Dunstable and Leighton Buzzard;Andrew Selous;9;Bedfordshire;74095;29324;13019;5252;6;1807;0;5;1
Durham North;Kevan Jones;3;County Durham;72859;15672;20114;3170;4955;1214;0;0;1075
Durham, City of;Mary Foy;3;County Durham;72653;16277;20224;7921;3246;1674;0;0;177
Ealing Central and Acton;Rupa Huq;11;West London;76249;14362;29242;9041;706;1673;0;0;0
Ealing North;James Murray;11;Southall;73069;15525;27408;4321;0;1439;0;0;0
Ealing Southall;Virendra Sharma;11;Southall;75523;11616;30009;5067;962;1967;0;0;455
Earley and Woodley;Unknown (new seat);12;Berkshire;70472;23563;14802;11085;308;1325;0;0;110
Easington;Grahame Morris;3;County Durham;69856;11276;18278;1794;7296;74;0;0;1488
East Grinstead and Uckfield;Unknown (new seat);12;Sussex East;72092;33075;7086;10196;0;2479;0;0;365
East Ham;Stephen Timms;11;Lea Valley;70899;6396;34275;1515;821;706;0;0;138
Eastbourne;Caroline Ansell;12;Sussex East;73000;24338;3748;21135;1387;0;0;0;139
Eastleigh;Paul Holmes;12;Southampton;69813;26483;5572;17449;0;988;0;0;110
Edmonton and Winchmore Hill;Kate Osamor;11;Enfield and Haringey;75656;14841;28710;3204;866;997;0;0;50
Ellesmere Port and Bromborough;Justin Madders;4;Wirral and Chester North;71097;14728;29919;3201;2091;891;0;0;0
Eltham and Chislehurst;Unknown (changed seat);11;Bexley and Bromley;74030;23063;20485;3999;1329;1518;0;0;100
Ely and East Cambridgeshire;Lucy Frazer;9;Cambridgeshire South;76033;29605;8266;16313;0;327;0;0;599
Enfield North;Feryal Clark;11;Enfield and Haringey;77308;18102;27127;3253;918;1232;0;0;24
Epping Forest;Eleanor Laing;9;Essex South West;74303;32363;10191;5386;0;1974;0;0;352
Epsom and Ewell;Chris Grayling;12;Surrey East;77463;30101;9698;14053;0;1972;0;0;1215
Erewash;Maggie Throup;8;Derbyshire South;72525;27561;16954;2486;0;1115;0;0;698
Erith and Thamesmead;Abena Oppong-Asare;11;Bexley and Bromley;73353;14773;26168;2617;2140;1212;0;0;292
Esher and Walton;Dominic Raab;12;Runnymede;72783;27098;2978;25075;0;203;0;0;790
Essex North West;Kemi Badenoch;9;Essex North;76643;34493;7477;10990;0;2606;0;0;0
Exeter;Ben Bradshaw;10;Devon Central and East;72928;16644;26893;24;1184;4530;0;182;523
Exmouth and Exeter East;Simon Jupp;10;Devon Central and East;74902;28603;5633;1746;245;956;0;17223;225
Fareham and Waterlooville;Suella Braverman;12;Portsmouth;76845;33983;9260;10219;0;2458;0;0;0
Farnham and Bordon;Jeremy Hunt;12;Surrey West and Aldershot;72663;30726;4599;18752;0;543;0;0;321
Faversham and Mid Kent;Helen Whately;12;Medway and Maidstone;71738;30576;9585;5958;0;2069;0;0;542
Feltham and Heston;Seema Malhotra;11;South West London;74250;15747;22561;2970;1548;1037;0;0;0
Filton and Bradley Stoke;Jack Lopresti;10;Avon North;73358;26888;19181;5408;0;1363;0;0;331
Finchley and Golders Green;Mike Freer;11;Brent Harrow Barnet;77742;24168;13488;17562;0;13;0;0;0
Folkestone and Hythe;Damian Collins;12;Kent South;69793;26775;12180;4767;0;2211;0;0;716
Forest of Dean;Mark Harper;10;Gloucestershire;71437;30681;14810;0;0;4681;0;0;1302
Frome and East Somerset;Unknown (new seat);10;Somerset East and Weston;70040;27660;10664;11982;0;2565;0;0;209
Fylde;Mark Menzies;4;Lancashire West;74016;32738;12534;3705;0;1838;0;0;961
Gainsborough;Edward Leigh;8;Lincolnshire North;74306;32925;10616;5097;0;0;0;0;1043
Gateshead Central and Whickham;Ian Mearns;3;Tyne and Wear South;71243;15211;20914;4323;1416;1699;0;0;205
Gedling;Tom Randall;8;Nottinghamshire South;76299;24752;22936;2535;1817;1208;0;0;41
Gillingham and Rainham;Rehman Chishti;12;Medway and Maidstone;73549;28172;13053;2504;0;1043;0;0;1184
Glastonbury and Somerton;David Warburton;10;Somerset East and Weston;69925;29521;4921;16126;0;1452;0;0;207
Gloucester;Richard Graham;10;Gloucestershire;76123;27479;18015;3827;0;1266;0;0;0
Godalming and Ash;Unknown (new seat);12;Surrey West and Aldershot;71232;29901;3801;17798;0;664;0;1115;277
Goole and Pocklington;David Davis;5;East Yorkshire;76519;34448;10771;3920;0;1799;0;0;938
Gorton and Denton;Afzal Khan;4;Manchester East;73749;8233;29823;2118;2336;1272;0;0;187
Gosport;Caroline Dinenage;12;Portsmouth;73541;32225;8949;5474;0;1804;0;0;0
Grantham and Bourne;Gareth Davies;8;Lincolnshire South;72168;32552;10275;4526;0;2061;0;0;484
Gravesham;Adam Holloway;12;Kent West;73240;29580;14000;2583;0;1394;0;0;0
Great Grimsby and Cleethorpes;Lia Nici;5;Lincolnshire North;77565;24695;14287;2026;2117;780;0;0;152
Great Yarmouth;Brandon Lewis;9;Norfolk North;71956;28594;10931;1663;0;1065;0;0;1215
Greenwich and Woolwich;Matthew Pennycook;11;South East London;69900;10590;25590;6683;1067;2186;0;0;299
Guildford;Angela Richardson;12;Surrey West and Aldershot;71286;24466;4485;20782;0;239;0;3184;782
Hackney North and Stoke Newington;Diane Abbott;11;Hackney and Tower Hamlets;80736;6233;35026;3628;562;3933;0;0;212
Hackney South and Shoreditch;Meg Hillier;11;Hackney and Tower Hamlets;80391;5057;35924;4142;643;3141;0;0;97
Halesowen;James Morris;7;Black Country;70183;26540;14302;1908;0;820;0;0;615
Halifax;Holly Lynch;5;Huddersfield and Halifax;74742;20118;22284;2326;2813;945;0;0;49
Hamble Valley;Unknown (new seat);12;Southampton;76428;34388;7298;11444;0;1702;0;0;0
Hammersmith and Chiswick;Andy Slaughter;11;West London;75119;14984;26236;7915;962;1754;0;0;0
Hampshire East;Damian Hinds;12;Hampshire;69715;31542;5209;11643;0;2599;0;0;502
Hampshire North East;Ranil Jayawardena;12;Hampshire;75361;34211;5328;13339;0;1739;0;0;1341
Hampshire North West;Kit Malthouse;12;Hampshire;75968;32372;9289;9778;0;2260;0;0;123
Hampstead and Highgate;Tulip Siddiq;11;Central London;77786;12690;23788;13123;651;1956;0;0;76
Harborough, Oadby and Wigston;Neil O'Brien;8;Leicestershire East and Rutland;74366;28983;13413;8806;0;1634;0;0;341
Harlow;Robert Halfon;9;Essex South West;73339;30342;13887;2818;0;111;0;0;1
Harpenden and Berkhamsted;Unknown (new seat);9;Hertfordshire West;71327;27732;5889;13502;0;764;0;6097;211
Harrogate and Knaresborough;Andrew Jones;5;York;75382;28748;5402;19710;0;49;0;0;1159
Harrow East;Bob Blackman;11;Brent Harrow Barnet;77127;28288;19707;3998;128;112;0;0;17
Harrow West;Gareth Thomas;11;Brent Harrow Barnet;74387;16618;26588;4201;880;1065;0;0;0
Hartlepool;Mike Hill;3;County Durham;70854;11871;15464;1697;10604;0;0;0;1406
Harwich and North Essex;Bernard Jenkin;9;Essex North;75459;31058;12980;5889;0;1937;0;0;607
Hastings and Rye;Sally-Ann Hart;12;Sussex East;76846;25252;22223;3901;0;24;0;0;454
Havant;Alan Mak;12;Portsmouth;72102;30051;8259;5708;0;1597;0;0;343
Hayes and Harlington;John McDonnell;11;Southall;72327;15274;24538;1946;1290;738;0;0;186
Hazel Grove;William Wragg;4;Manchester East;73970;23512;8595;18437;289;213;0;0;0
Hemel Hempstead;Mike Penning;9;Hertfordshire West;70036;27028;13506;5775;0;1433;0;1210;0
Hendon;Matthew Offord;11;Brent Harrow Barnet;72939;23031;20616;4128;0;821;0;0;0
Henley and Thame;John Howell;12;Oxfordshire;70107;29232;5033;17071;0;2413;0;0;0
Hereford and South Herefordshire;Jesse Norman;7;English Marches;71233;29964;10570;6182;0;2359;0;0;0
Herefordshire North;Bill Wiggin;7;English Marches;71099;32589;6937;7300;0;4784;0;0;0
Herne Bay and Sandwich;Roger Gale;12;Kent East;75704;32519;12320;3746;0;1857;0;0;56
Hertford and Stortford;Julie Marson;9;Hertfordshire East;74993;30697;13205;7810;0;2535;0;0;870
Hertfordshire North East;Oliver Heald;9;Hertfordshire East;76123;31292;13104;8562;0;2369;0;0;0
Hertfordshire South West;Gagan Mohindra;9;Hertfordshire West;71163;26893;9335;6925;0;883;0;8612;66
Hertsmere;Oliver Dowden;9;Hertfordshire West;73133;32943;10877;5906;0;1584;0;0;0
Hexham;Guy Opperman;3;Northumberland;72603;28992;17216;5218;440;2011;0;0;4
Heywood and Middleton North;Unknown (changed seat);4;Manchester North East;72636;17909;18783;1810;3379;1219;0;0;0
High Peak;Robert Largan;8;Derbyshire North;74264;24845;24251;2753;1181;1147;0;0;0
Hinckley and Bosworth;Luke Evans;8;Leicestershire West;75165;33221;8705;8572;0;1449;0;0;29
Hitchin;Bim Afolami;9;Hertfordshire East;71857;27062;12927;12602;0;734;0;351;310
Holborn and St Pancras;Keir Starmer;11;Central London;72190;7227;31428;5819;850;2188;0;0;126
Honiton and Sidmouth;Neil Parish;10;Devon Central and East;74523;30750;7490;5286;0;1197;0;8468;740
Hornchurch and Upminster;Julia Lopez;11;Dagenham and Redbridge;76844;33670;11691;3676;0;1828;0;0;490
Hornsey and Friern Barnet;Catherine West;11;Enfield and Haringey;69277;7295;27891;12595;488;1861;0;0;260
Horsham;Jeremy Quin;12;Sussex West;76767;31320;8914;13572;0;1923;0;0;350
Houghton and Sunderland South;Bridget Phillipson;3;Tyne and Wear South;76748;14471;18050;2584;6932;1232;0;0;1019
Hove and Portslade;Peter Kyle;12;South Coast;74313;15831;32876;3729;1112;2495;0;0;345
Huddersfield;Barry Sheerman;5;Huddersfield and Halifax;75495;18504;24808;2391;1656;1826;0;0;173
Hull East;Karl Turner;5;East Yorkshire;73112;12215;15151;1845;6253;898;0;0;0
Hull North and Cottingham;Diana Johnson;5;East Yorkshire;76620;14524;18830;3022;4636;1117;0;0;239
Hull West and Haltemprice;Unknown (changed seat);5;East Yorkshire;74518;17830;14742;3632;5284;488;0;0;265
Huntingdon;Jonathan Djanogly;9;Cambridgeshire North;75121;30498;10602;8271;0;1811;0;0;873
Hyndburn;Sara Britcliffe;4;Lancashire East;70839;20563;17611;1225;2155;843;0;0;0
Ilford North;Wes Streeting;11;Dagenham and Redbridge;74670;18321;27382;2127;902;636;0;782;116
Ilford South;Sam Tarry;11;Dagenham and Redbridge;74166;9977;30366;1442;1060;607;0;3097;32
Ipswich;Tom Hunt;9;Suffolk West and Ipswich;75526;24953;19473;2438;1433;1283;0;0;0
Isle of Wight East;Bob Seely;12;Isle of Wight and the New Forest;57470;21466;9481;0;0;4996;0;0;1909
Isle of Wight West;Unknown (new seat);12;Isle of Wight and the New Forest;55555;20351;8597;0;0;6343;0;0;1301
Islington North;Jeremy Corbyn;11;Central London;75162;5483;34603;8415;742;4326;0;0;235
Islington South and Finsbury;Emily Thornberry;11;Central London;77383;8591;29570;10220;1198;2238;0;0;201
Jarrow and Gateshead East;Kate Osborne;3;Tyne and Wear South;71050;12026;21199;2632;3812;1003;0;2624;726
Keighley and Ilkley;Robbie Moore;5;Bradford;72788;25303;23083;2573;851;0;0;0;800
Kenilworth and Southam;Jeremy Wright;7;Warwickshire;70364;31644;9783;9658;72;2318;0;0;455
Kensington and Bayswater;Felicity Buchan;11;West London;79095;20619;20026;11340;458;748;0;0;176
Kettering;Philip Hollobone;8;Northamptonshire;76557;31208;13866;3485;0;1544;0;0;1641
Kingston and Surbiton;Ed Davey;11;South West London;75437;18531;5893;29602;664;975;0;0;629
Kingswinford and South Staffordshire;Gavin Williamson;7;Staffordshire South;71981;35325;6267;3231;0;1711;0;0;0
Knowsley;George Howarth;4;Merseyside East and Warrington;70836;4044;37022;1085;2787;968;0;0;337
Lancashire West;Rosie Cooper;4;Lancashire South;73347;19123;27458;2559;2274;1246;0;0;0
Lancaster and Wyre;Unknown (changed seat);4;Lancashire West;75065;23914;20615;2483;810;1908;0;0;127
Leeds Central and Headingley;Alex Sobel;5;Leeds;75218;10241;28512;5602;1424;1875;0;0;158
Leeds East;Richard Burgon;5;Leeds;74719;18449;21002;2174;2594;993;0;0;437
Leeds North East;Fabian Hamilton;5;Leeds;70545;11926;29015;5661;1768;1931;0;0;176
Leeds North West;Stuart Andrew;5;Leeds;71302;22190;20289;7337;853;1087;0;0;594
Leeds South;Hilary Benn;5;Leeds;74574;10523;23823;1863;2891;1469;0;0;198
Leeds South West and Morley;Andrea Jenkyns;5;Leeds;70921;23794;16974;1602;1038;1305;0;0;862
Leeds West and Pudsey;Unknown (new seat);5;Leeds;69837;18453;23643;1845;1171;953;0;0;778
Leicester East;Claudia Webbe;8;Leicestershire East and Rutland;76155;18493;24402;2703;1215;855;0;0;314
Leicester South;Jonathan Ashworth;8;Leicestershire East and Rutland;71620;9986;31496;2316;881;1487;0;0;15
Leicester West;Liz Kendall;8;Leicestershire East and Rutland;73309;14602;20089;2340;1957;1190;0;0;0
Leicestershire Mid;Edward Argar;8;Leicestershire West;75557;32902;12635;4929;0;2295;0;0;0
Leicestershire North West;Andrew Bridgen;8;Leicestershire West;74791;31837;12878;3437;0;2361;0;0;480
Leicestershire South;Alberto Costa;8;Leicestershire West;75166;35537;10635;5306;0;2124;0;0;52
Leigh and Atherton;James Grundy;4;Manchester North West;76369;21870;19504;2065;2650;74;0;0;910
Lewes;Maria Caulfield;12;Sussex East;74728;27689;3669;23471;142;1536;0;0;142
Lewisham East;Janet Daby;11;South East London;69956;9424;29222;4481;1242;1701;0;0;516
Lewisham North;Vicky Foxcroft;11;South East London;75020;6278;35623;5623;766;2763;0;0;216
Lewisham West and East Dulwich;Ellie Reeves;11;South East London;70348;7884;30546;5087;872;3494;0;0;271
Leyton and Wanstead;John Cryer;11;Lea Valley;71085;9769;30708;5262;831;1913;0;12;446
Lichfield;Michael Fabricant;7;Staffordshire South;74665;33661;11109;5553;0;1709;0;0;566
Lincoln;Karl McCartney;8;Lincolnshire North;74943;24266;20752;2422;1080;1193;0;0;913
Liverpool Garston;Maria Eagle;4;Merseyside East and Warrington;70128;6540;34018;4218;2633;1336;0;0;207
Liverpool Riverside;Kim Johnson;4;Merseyside East and Liverpool;70301;3368;37875;1504;1209;1862;0;0;272
Liverpool Walton;Dan Carden;4;Merseyside East and Liverpool;70861;5070;38125;1147;1000;838;0;0;824
Liverpool Wavertree;Paula Barker;4;Merseyside East and Liverpool;71135;4413;35097;3834;1869;2266;0;0;365
Liverpool West Derby;Ian Byrne;4;Merseyside East and Liverpool;70379;4266;36361;1482;2433;960;0;0;1551
Loughborough;Jane Hunt;8;Leicestershire West;73617;25454;19537;3851;0;1354;0;0;226
Louth and Horncastle;Victoria Atkins;8;Lincolnshire South;76035;36420;8604;3942;0;0;0;0;1003
Lowestoft;Peter Aldous;9;Suffolk East;75537;28738;13003;2278;0;2397;0;0;237
Luton North;Sarah Owen;9;Bedfordshire;73355;15624;24779;2063;1355;841;0;225;839
Luton South and South Bedfordshire;Rachel Hopkins;9;Bedfordshire;69998;14544;21114;183;1456;1151;0;3663;712
Macclesfield;David Rutley;4;Cheshire;76216;28293;17582;5682;0;2311;0;0;0
Maidenhead;Theresa May;12;Buckinghamshire South;72602;30741;7926;12539;0;1844;0;0;118
Maidstone and Malling;Helen Grant;12;Medway and Maidstone;72955;29261;9154;8925;0;2030;0;0;233
Makerfield;Yvonne Fovargue;4;Lancashire South;76308;15736;20519;2176;5914;1167;0;0;32
Maldon;John Whittingdale;9;Essex South East;76755;38388;6687;6467;0;1852;0;0;80
Manchester Central;Lucy Powell;4;Manchester Central and Trafford;73790;8772;26110;2626;2461;1344;0;0;44
Manchester Rusholme;Unknown (new seat);4;Manchester Central and Trafford;69299;3800;31359;2175;790;1658;0;0;45
Manchester Withington;Jeff Smith;4;Manchester Central and Trafford;71167;5521;32631;7753;1036;1942;0;0;0
Mansfield;Ben Bradley;8;Nottinghamshire North;74411;30447;14554;1573;0;0;0;0;960
Melksham and Devizes;Unknown (new seat);10;Wiltshire South;71522;29479;6504;14378;0;1345;0;0;0
Melton and Syston;Unknown (new seat);8;Leicestershire East and Rutland;72307;31608;11473;4178;0;2725;0;0;642
Meriden and Solihull East;Saqib Bhatti;7;Coventry and Meriden;74917;29969;10081;6841;0;1935;0;0;0
Middlesbrough and Thornaby East;Andy McDonald;3;Teesside;70890;12078;21577;1003;2327;551;0;4224;0
Middlesbrough South and East Cleveland;Simon Clarke;3;Teesside;69287;26415;15766;1779;150;1010;0;323;0
Milton Keynes Central;Iain Stewart;12;Buckinghamshire North;76559;24616;20374;4785;0;1411;0;0;320
Milton Keynes North;Ben Everitt;12;Buckinghamshire North;70484;24679;18140;3532;0;1465;0;0;83
Mitcham and Morden;Siobhain McDonagh;11;Wimbledon and Sutton;76805;13476;29621;5332;1198;1158;0;0;233
Morecambe and Lunesdale;David Morris;4;Lancashire West;76057;28188;15006;7889;211;790;0;0;523
New Forest East;Julian Lewis;12;Isle of Wight and the New Forest;73549;32768;7519;7391;0;2434;0;0;675
New Forest West;Desmond Swayne;12;Isle of Wight and the New Forest;70868;32114;6596;7712;0;3889;0;0;0
Newark;Robert Jenrick;8;Nottinghamshire North;76720;34852;12905;5365;188;1791;0;0;17
Newbury;Laura Farris;12;Berkshire;71439;28612;4037;16458;0;2005;0;0;271
Newcastle upon Tyne Central and West;Chi Onwurah;3;Tyne and Wear North;75872;13379;28767;2429;4263;1480;0;0;0
Newcastle upon Tyne East and Wallsend;Nick Brown;3;Tyne and Wear North;76871;12605;29869;4037;2495;1912;0;0;0
Newcastle upon Tyne North;Catherine McKinnell;3;Tyne and Wear North;76162;16254;23206;6574;2725;2146;0;0;0
Newcastle-under-Lyme;Aaron Bell;7;Staffordshire North;71555;24907;16698;2586;1921;1028;0;0;0
Newton Abbot;Anne Marie Morris;10;Devon Central and East;72392;29139;9309;11667;0;1507;0;0;840
Newton Aycliffe and Spennymoor;Paul Howell;3;County Durham;71018;20491;18852;2672;3474;662;0;0;310
Norfolk Mid;George Freeman;9;Norfolk South;71200;31343;10672;5615;0;145;0;0;817
Norfolk North;Duncan Baker;9;Norfolk North;71794;30233;4033;15565;1738;14;0;0;14
Norfolk North West;James Wild;9;Norfolk North;75586;32329;11032;3780;0;1721;0;0;45
Norfolk South;Richard Bacon;9;Norfolk South;69725;28439;11614;8136;0;1670;0;0;117
Norfolk South West;Liz Truss;9;Norfolk South;72980;32893;8787;3982;0;1456;0;0;793
Normanton and Hemsworth;Jon Trickett;5;Wakefield and Dewsbury;75392;14721;17396;1702;7000;802;0;1956;1026
Northampton North;Michael Ellis;8;Northamptonshire;75272;24822;21532;2640;0;1361;0;0;0
Northampton South;Andrew Lewer;8;Northamptonshire;71109;28289;14668;4107;0;1556;0;0;146
Northamptonshire South;Andrea Leadsom;8;Northamptonshire;76174;35841;10820;6439;0;2086;0;0;483
Northumberland North;Anne-Marie Trevelyan;3;Northumberland;72484;27437;11455;8632;641;1761;0;0;19
Norwich North;Chloe Smith;9;Norfolk North;72378;25500;19629;3210;25;1150;0;0;500
Norwich South;Clive Lewis;9;Norfolk South;77605;15062;27547;4852;1631;2467;0;0;0
Nottingham East;Nadia Whittome;8;Nottinghamshire South;75287;9758;28551;2688;1547;1481;0;0;1447
Nottingham North and Kimberley;Alex Norris;8;Nottinghamshire South;73973;16778;19720;1630;2441;1028;0;898;178
Nottingham South;Lilian Greenwood;8;Nottinghamshire South;75840;13759;24606;3155;2054;1469;0;0;0
Nuneaton;Marcus Jones;7;Warwickshire;70225;27390;14245;1861;0;1693;0;0;0
Old Bexley and Sidcup;James Brokenshire;11;Bexley and Bromley;73965;32940;12309;4140;0;1646;0;0;307
Oldham East and Saddleworth;Debbie Abrahams;4;Manchester North East;72120;18588;20088;2422;2979;779;0;0;1306
Oldham West, Chadderton and Royton;Jim McMahon;4;Manchester North East;72998;13450;24578;1484;3315;681;0;0;923
Orpington;Gareth Bacon;11;Bexley and Bromley;71351;30464;10587;7361;0;1664;0;0;107
Ossett and Denby Dale;Imran Ahmad-Khan;5;Wakefield and Dewsbury;71264;25103;14622;2516;2285;486;0;501;932
Oxford East;Anneliese Dodds;12;Oxfordshire;71602;9522;25782;6284;1055;2170;0;0;323
Oxford West and Abingdon;Layla Moran;12;Oxfordshire;71526;19126;6011;27604;549;223;0;0;201
Peckham;Harriet Harman;11;South East London;71491;5088;32839;4195;863;2271;0;0;50
Pendle and Clitheroe;Andrew Stephenson;4;Lancashire East;76246;29483;17783;3428;0;1163;0;0;419
Penistone and Stocksbridge;Miriam Cates;5;Barnsley and Sheffield West;70927;23689;16478;5053;4299;0;0;0;0
Penrith and Solway;Mark Jenkinson;4;Cumbria;77207;29459;16019;4201;913;1495;0;0;1090
Peterborough;Paul Bristow;9;Cambridgeshire North;71663;21998;19575;2305;2098;719;0;0;520
Plymouth Moor View;Johnny Mercer;10;Devon South;73457;28127;15015;2465;120;1264;0;0;0
Plymouth Sutton and Devonport;Luke Pollard;10;Devon South;73824;19408;24380;2383;2789;1466;0;0;0
Pontefract, Castleford and Knottingley;Yvette Cooper;5;Wakefield and Dewsbury;72666;15028;15788;2848;6189;0;0;0;1634
Poole;Robert Syms;10;Bournemouth;71928;28856;10164;7493;0;1680;0;0;821
Poplar and Limehouse;Apsana Begum;11;Hackney and Tower Hamlets;74951;8591;30463;7627;1232;1781;0;0;312
Portsmouth North;Penny Mordaunt;12;Portsmouth;71298;28173;12392;3418;0;1305;0;0;623
Portsmouth South;Stephen Morgan;12;Portsmouth;74186;17705;23067;5419;994;0;0;0;240
Preston;Mark Hendrick;4;Lancashire West;73810;13081;24908;3040;1795;917;0;0;41
Putney;Fleur Anderson;11;Lambeth and Wandsworth;72934;20286;24945;9476;38;1297;0;0;0
Queen's Park and Maida Vale;Karen Buck;11;West London;77359;9544;31669;6913;471;1277;0;0;77
Rawmarsh and Conisbrough;John Healey;5;Doncaster and Rotherham;69958;14690;16162;1673;6310;253;0;0;1054
Rayleigh and Wickford;Mark Francois;9;Essex South East;76201;38639;8332;4086;0;1945;0;0;0
Reading Central;Matt Rodda;12;Berkshire;71434;18495;25726;4342;544;1667;0;0;123
Reading West and Mid Berkshire;Alok Sharma;12;Berkshire;69675;27905;11420;7723;0;1404;0;0;60
Redcar;Jacob Young;3;Teesside;70725;20507;16421;2194;2916;695;0;0;1322
Redditch;Rachel Maclean;7;Worcestershire;69775;30386;12239;3108;0;1459;0;0;26
Reigate;Crispin Blunt;12;Surrey East;75944;30192;9537;10847;0;3141;0;0;860
Ribble Valley;Nigel Evans;4;Lancashire West;75219;31674;14593;4408;5;1530;0;0;473
Richmond and Northallerton;Rishi Sunak;5;North Yorkshire;73217;32102;8594;6509;0;2067;0;0;1895
Richmond Park;Sarah Olney;11;South West London;75915;24723;3017;31721;0;0;0;0;269
Rochdale;Tony Lloyd;4;Manchester North East;70809;13467;21559;3085;3624;843;0;0;0
Rochester and Strood;Kelly Tolhurst;12;Medway and Maidstone;71774;27166;12463;3049;0;1176;0;0;1569
Romford;Andrew Rosindell;11;Dagenham and Redbridge;73812;31210;12762;2769;0;1459;0;0;7
Romsey and Southampton North;Caroline Nokes;12;Southampton;73616;31290;6514;16146;0;435;0;0;621
Rossendale and Darwen;Jake Berry;4;Lancashire East;74211;27966;18424;2044;60;1205;0;0;12
Rother Valley;Alexander Stafford;5;Doncaster and Rotherham;69565;20613;14473;2254;5810;1133;0;0;959
Rotherham;Sarah Champion;5;Doncaster and Rotherham;74645;14179;17700;2595;7310;35;0;0;1388
Rugby;Mark Pawsey;7;Warwickshire;72566;29339;15892;4249;0;1550;0;0;3
Ruislip, Northwood and Pinner;David Simmonds;11;Southall;72003;28649;13321;7527;51;1452;0;0;737
Runcorn and Helsby;Mike Amesbury;4;Cheshire;70451;17633;24270;3203;2177;1357;0;0;9
Runnymede and Weybridge;Ben Spencer;12;Runnymede;74090;28761;9052;11487;0;1363;0;0;1621
Rushcliffe;Ruth Edwards;8;Nottinghamshire South;75883;28203;20868;9511;0;0;0;0;1009
Rutland and Stamford;Alicia Kearns;8;Leicestershire East and Rutland;71730;32588;7111;7757;0;1858;0;0;740
Salford;Rebecca Long-Bailey;4;Manchester North West;71672;10148;25274;2651;3555;1780;0;0;0
Salisbury;John Glen;10;Wiltshire South;69961;27972;9251;9928;0;2507;0;0;613
Scarborough and Whitby;Robert Goodwill;5;North Yorkshire;74404;27592;17322;3038;0;0;0;0;1769
Scunthorpe;Holly Mumby-Croft;5;Lincolnshire North;73696;25563;15853;1205;2044;815;0;0;0
Sefton Central;Bill Esterson;4;Merseyside East and Liverpool;74418;16939;29216;3951;2090;1167;0;0;414
Selby;Nigel Adams;5;York;74457;29918;16328;4115;0;1651;0;0;1561
Sevenoaks;Laura Trott;12;Kent West;73255;31770;7234;9870;0;1859;0;0;965
Sheffield Brightside and Hillsborough;Gill Furniss;5;Sheffield;70294;10192;22686;1567;3894;1219;0;0;587
Sheffield Central;Paul Blomfield;5;Sheffield;70914;5302;26831;2663;1213;3827;0;0;349
Sheffield Hallam;Olivia Blake;5;Barnsley and Sheffield West;76154;15076;20706;19218;1616;1800;0;0;317
Sheffield Heeley;Louise Haigh;5;Sheffield;74095;12440;24861;3070;3615;2208;0;0;97
Sheffield South East;Clive Betts;5;Sheffield;75260;16501;21799;2276;5061;132;0;0;967
Sherwood Forest;Mark Spencer;8;Nottinghamshire North;76676;31860;15563;2763;0;1264;0;0;651
Shipley;Philip Davies;5;Bradford;74018;27432;21192;3187;0;1302;0;0;883
Shrewsbury;Daniel Kawczynski;7;English Marches;74764;27458;18676;5456;0;1612;0;0;494
Shropshire North;Owen Paterson;7;English Marches;76778;32247;11640;5430;0;1726;0;0;1070
Shropshire South;Philip Dunne;7;English Marches;76915;35748;8717;8983;0;2059;0;0;78
Sittingbourne and Sheppey;Gordon Henderson;12;Medway and Maidstone;76885;31602;9804;2896;0;1006;0;0;1776
Skipton and Ripon;Julian Smith;5;North Yorkshire;76159;33512;10908;8614;0;2678;0;0;1118
Sleaford and North Hykeham;Caroline Johnson;8;Lincolnshire South;74547;34729;9743;4394;0;1315;0;0;2172
Slough;Tan Dhesi;12;Runnymede;77608;14004;26428;2977;1247;968;0;0;0
Smethwick;John Spellar;7;Black Country;70903;13387;23830;1759;2469;1024;0;0;66
Solihull West and Shirley;Julian Knight;7;Birmingham South;71171;29982;9595;7682;0;1974;0;0;0
Somerset North;Liam Fox;10;Avon South;73346;30347;14025;9646;0;2745;0;0;0
Somerset North East and Hanham;Jacob Rees-Mogg;10;Avon South;72940;30094;13844;8331;0;1429;0;0;431
South Holland and The Deepings;John Hayes;8;Lincolnshire South;75977;37340;6502;3225;0;1613;0;0;503
South Ribble;Katherine Fletcher;4;Lancashire South;71551;26497;18287;3738;0;1307;0;415;30
South Shields;Emma Lewell-Buck;3;Tyne and Wear South;69711;9403;18783;1727;6757;1414;0;4024;101
Southampton Itchen;Royston Smith;12;Southampton;72298;23951;19453;2503;0;1041;0;0;472
Southampton Test;Alan Whitehead;12;Southampton;70117;16043;22256;3450;1591;1431;0;0;222
Southend East and Rochford;James Duddridge;9;Essex South East;70283;25442;13664;2652;0;56;0;0;1296
Southend West and Leigh;David Amess;9;Essex South East;77112;30399;14741;5567;0;0;0;0;754
Southgate and Wood Green;Bambos Charalambous;11;Enfield and Haringey;75799;14812;31774;5619;652;1420;0;0;82
Southport;Damien Moore;4;Merseyside East and Liverpool;73910;25229;19224;6095;0;170;0;0;0
Spelthorne;Kwasi Kwarteng;12;Runnymede;70929;29140;10748;7499;0;2121;0;0;0
Spen Valley;Unknown (changed seat);5;Wakefield and Dewsbury;71601;22387;16491;2675;1848;761;0;3801;34
St Albans;Daisy Cooper;9;Hertfordshire West;70565;21653;4851;27497;0;977;0;0;151
St Austell and Newquay;Steve Double;10;Cornwall;74107;29056;13678;5484;0;1478;0;0;2039
St Helens North;Conor McGinn;4;Lancashire South;75594;12662;24870;2668;5397;1967;0;0;0
St Helens South and Whiston;Marie Rimmer;4;Merseyside East and Warrington;70538;9337;26181;2601;4762;2006;0;0;0
St Ives;Derek Thomas;10;Cornwall;71343;26470;4121;21168;0;1001;0;0;475
St Neots and Mid Cambridgeshire;Unknown (new seat);9;Cambridgeshire South;74372;27413;10195;14450;0;923;0;0;1499
Stafford;Theo Clarke;7;Staffordshire North;69680;28552;15213;3341;0;2255;0;0;0
Staffordshire Moorlands;Karen Bradley;7;Staffordshire North;72269;31060;13098;3005;0;1514;0;0;0
Stalybridge and Hyde;Jonathan Reynolds;4;Manchester East;73063;16079;19025;1828;3592;1411;0;0;437
Stevenage;Stephen McPartland;9;Hertfordshire East;71562;25326;16766;4133;0;1457;0;0;0
Stockport;Navendu Mishra;4;Manchester East;75659;13350;24779;4676;2634;1606;0;0;64
Stockton North;Alex Cunningham;3;Teesside;69643;16863;19944;1810;3792;0;0;0;1154
Stockton West;Matt Vickers;3;Teesside;69969;27688;16419;2300;2333;266;0;0;66
Stoke-on-Trent Central;Jo Gideon;7;Staffordshire North;71444;19992;17845;1538;1716;821;0;0;21
Stoke-on-Trent North;Jonathan Gullis;7;Staffordshire North;70840;22395;14915;1327;2348;543;0;0;299
Stoke-on-Trent South;Jack Brereton;7;Staffordshire North;69994;28867;12994;2645;0;683;0;0;0
Stone, Great Wyrley and Penkridge;Unknown (new seat);7;Staffordshire South;70181;32879;11129;3139;0;1707;0;0;0
Stourbridge;Suzanne Webb;7;Black Country;70361;27480;13538;2358;0;1199;0;0;368
Stratford and Bow;Unknown (new seat);11;Lea Valley;73601;6807;32638;4604;1055;1775;0;0;288
Stratford-on-Avon;Nadhim Zahawi;7;Warwickshire;72318;32445;6113;13154;0;2056;0;0;0
Streatham and Croydon North;Unknown (new seat);11;Croydon;78082;9890;28741;9091;710;2013;0;0;214
Stretford and Urmston;Kate Green;4;Manchester Central and Trafford;72371;13776;30195;2968;1767;1359;0;0;0
Stroud;Siobhan Baillie;10;Gloucestershire;76249;27215;25012;1111;841;4635;0;0;475
Suffolk Central and North Ipswich;Dan Poulter;9;Suffolk East;72161;31245;11133;5488;0;2696;0;0;102
Suffolk Coastal;Therese Coffey;9;Suffolk East;73982;29663;11260;7930;0;2443;0;0;1366
Suffolk South;James Cartlidge;9;Suffolk West and Ipswich;72700;31435;10026;6498;0;3073;0;0;0
Suffolk West;Matt Hancock;9;Suffolk West and Ipswich;77063;32368;10666;4434;0;2233;0;0;27
Sunderland Central;Julie Elliott;3;Tyne and Wear South;72679;15371;18336;3024;5046;1213;0;0;483
Surrey East;Claire Coutinho;12;Surrey East;72655;30613;7071;10918;0;1806;0;0;1739
Surrey Heath;Michael Gove;12;Surrey West and Aldershot;70526;29688;4657;14136;0;1784;0;0;560
Sussex Mid;Mims Davies;12;Sussex West;72208;25760;9593;15447;0;2153;0;0;454
Sussex Weald;Nus Ghani;12;Sussex East;69515;31406;8196;8840;0;2431;0;0;0
Sutton and Cheam;Paul Scully;11;Wimbledon and Sutton;71645;25170;7201;16853;2;1165;0;0;0
Sutton Coldfield;Andrew Mitchell;7;Birmingham North;75638;31604;12332;6360;0;2032;0;0;0
Swindon North;Justin Tomlinson;10;Swindon and Chippenham;72058;28482;14296;3815;0;1581;0;0;0
Swindon South;Robert Buckland;10;Swindon and Chippenham;72559;25627;20457;3880;0;130;0;0;0
Tamworth;Christopher Pincher;7;Staffordshire South;73523;31728;11005;2507;0;972;0;0;1244
Tatton;Esther McVey;4;Cheshire;75992;31205;11966;8440;337;2049;0;0;28
Taunton and Wellington;Rebecca Pow;10;Somerset West and Barnstaple;77219;29178;4402;20063;0;0;0;1854;0
Telford;Lucy Allan;7;English Marches;70351;26061;15010;2718;0;26;0;0;0
Tewkesbury;Laurence Robertson;10;Gloucestershire;72556;30459;8220;11698;0;2162;0;0;15
Thanet East;Craig Mackinlay;12;Kent East;74214;26157;18443;2481;0;1870;0;0;0
Thirsk and Malton;Kevin Hollinrake;5;North Yorkshire;76632;33959;9493;6362;0;2316;0;0;1416
Thornbury and Yate;Luke Hall;10;Avon North;74719;32389;5384;17954;0;224;0;0;57
Thurrock;Jackie Doyle-Price;9;Essex South West;72679;25518;14677;1411;0;754;0;0;949
Tipton and Wednesbury;Shaun Bailey;7;Black Country;73716;19907;16045;1020;2422;600;0;0;169
Tiverton and Minehead;Unknown (new seat);10;Somerset West and Barnstaple;71003;29862;7298;9312;0;2067;0;537;744
Tonbridge;Tom Tugendhat;12;Kent West;72745;33365;7539;7047;0;3988;0;0;25
Tooting;Rosena Allin-Khan;11;Lambeth and Wandsworth;76953;16504;30810;8304;461;2315;0;0;76
Torbay;Kevin Foster;10;Devon South;76019;30171;6683;12413;0;1234;0;0;655
Torridge and Tavistock;Geoffrey Cox;10;Devon Central and East;74621;33341;9870;9837;0;1877;0;0;514
Tottenham;David Lammy;11;Enfield and Haringey;75561;5293;35686;2936;508;2104;0;0;193
Truro and Falmouth;Cherilyn Mackrory;10;Cornwall;72935;26047;21549;6304;0;1616;0;0;476
Tunbridge Wells;Greg Clark;12;Kent South;74822;30123;8098;15475;0;0;0;0;957
Twickenham;Munira Wilson;11;South West London;77386;19995;4940;33124;732;0;0;0;0
Tynemouth;Alan Campbell;3;Tyne and Wear North;72908;20711;24686;3605;2112;1302;0;0;0
Uxbridge and South Ruislip;Boris Johnson;11;Southall;74828;27323;18558;3798;0;1318;0;0;723
Vauxhall and Camberwell Green;Florence Eshalomi;11;Lambeth and Wandsworth;72629;6584;28067;8804;674;1885;0;0;70
Wakefield and Rothwell;Unknown (new seat);5;Wakefield and Dewsbury;73602;22222;20068;3107;1791;523;0;0;1205
Wallasey;Angela Eagle;4;Wirral and Chester North;72516;12893;32980;2056;2135;1224;0;0;0
Walsall and Bloxwich;Eddie Hughes;7;Wolverhampton and Walsall;74080;21349;19072;1439;421;790;0;0;150
Walthamstow;Stella Creasy;11;Lea Valley;70267;5922;36783;2875;767;1732;0;0;255
Warrington North;Charlotte Nichols;4;Merseyside East and Warrington;72097;19062;20581;3057;2625;1253;0;0;0
Warrington South;Andy Carter;4;Merseyside East and Warrington;76256;24356;24284;4760;1320;4;0;0;140
Warwick and Leamington;Matt Western;7;Warwickshire;75602;22449;23400;5505;735;1619;0;0;220
Warwickshire North and Bedworth;Craig Tracey;7;Warwickshire;70270;30251;12293;2068;0;1302;0;0;0
Washington and Gateshead South;Sharon Hodgson;3;Tyne and Wear South;71731;13654;18265;2304;5856;1026;0;0;926
Watford;Dean Russell;9;Hertfordshire West;70110;21579;18755;8138;0;143;0;0;270
Waveney Valley;Unknown (new seat);9;Suffolk East;71189;30768;10194;4754;0;3947;0;0;275
Weald of Kent;Unknown (new seat);12;Kent South;70125;33824;6474;4756;0;1777;0;0;557
Wellingborough and Rushden;Peter Bone;8;Northamptonshire;77190;30586;14086;3729;0;1558;0;0;0
Wells and Mendip Hills;James Heappey;10;Somerset East and Weston;69509;28653;4988;15456;0;733;0;0;361
Welwyn Hatfield;Grant Shapps;9;Hertfordshire East;74505;27193;16396;6577;0;1612;0;0;0
West Bromwich;Nicola Richards;7;Black Country;71963;20230;16709;1513;1430;919;0;0;479
West Ham and Beckton;Lyn Brown;11;Lea Valley;70621;7381;30917;2294;1360;986;0;0;532
Westmorland and Lonsdale;Unknown (changed seat);4;Cumbria;73247;27121;4574;22401;616;453;0;0;364
Weston-super-Mare;John Penrose;10;Somerset East and Weston;69967;26651;13348;5764;0;1388;0;0;0
Wetherby and Easingwold;Alec Shelbrooke;5;York;71150;34292;8721;5180;0;1794;0;0;1032
Whitehaven and Workington;Trudy Harrison;4;Cumbria;73374;24727;21694;1921;836;709;0;0;386
Widnes and Halewood;Derek Twigg;4;Merseyside East and Warrington;70355;9317;30965;1299;3476;881;0;0;187
Wigan;Lisa Nandy;4;Lancashire South;75680;14314;21043;2429;5959;1300;0;0;0
Wiltshire East;Danny Kruger;10;Wiltshire South;70844;32523;7670;7233;0;1981;0;0;133
Wiltshire South West;Andrew Murrison;10;Wiltshire South;71331;30043;10499;7825;0;1993;0;0;0
Wimbledon;Stephen Hammond;11;Wimbledon and Sutton;74718;22519;11892;22463;124;64;0;0;535
Winchester;Steve Brine;12;Hampshire;77307;30704;3330;24385;0;586;0;0;202
Windsor;Adam Afriyie;12;Runnymede;73998;27822;10588;10271;187;1745;0;0;915
Wirral West;Unknown (changed seat);4;Wirral and Chester North;71641;25063;24382;3249;1136;1245;0;0;0
Witham;Priti Patel;9;Essex North;74881;35197;9101;4843;0;3024;0;0;134
Witney;Robert Courts;12;Oxfordshire;70019;29643;7336;14203;5;0;0;0;170
Woking;Jonathan Lord;12;Surrey West and Aldershot;71024;24463;8542;15756;0;1453;0;0;559
Wokingham;John Redwood;12;Berkshire;70557;27949;4815;17045;0;1350;0;0;175
Wolverhampton North East;Jane Stevenson;7;Wolverhampton and Walsall;71096;22088;13859;1471;1250;645;0;0;0
Wolverhampton South East;Pat McFadden;7;Wolverhampton and Walsall;76072;17924;20303;1163;2273;616;0;0;110
Wolverhampton West;Stuart Anderson;7;Wolverhampton and Walsall;77127;24000;22438;2309;1261;161;0;0;0
Worcester;Robin Walker;7;Worcestershire;73485;25857;19099;3667;0;1694;0;0;583
Worcestershire West;Harriett Baldwin;7;Worcestershire;76241;34909;9499;10410;0;2715;0;0;0
Worsley and Eccles;Barbara Keeley;4;Manchester North West;77299;17924;21446;2526;3388;1129;0;0;57
Worthing East and Shoreham;Tim Loughton;12;South Coast;75196;27109;19635;4128;0;2005;0;0;253
Worthing West;Peter Bottomley;12;South Coast;76124;29940;14940;6129;0;2003;0;0;421
Wrekin, The;Mark Pritchard;7;English Marches;75745;33712;12755;4237;0;1527;0;0;70
Wycombe;Steve Baker;12;Buckinghamshire South;71214;21755;19363;6159;0;1338;0;0;1311
Wyre Forest;Mark Garnier;7;Worcestershire;78076;32959;11547;4082;0;1971;0;0;0
Wythenshawe and Sale East;Mike Kane;4;Manchester Central and Trafford;76314;13458;23855;3111;2718;1557;0;0;57
Yeovil;Marcus Fysh;10;Somerset East and Weston;76056;31489;3611;17246;0;1547;0;0;764
York Central;Rachael Maskell;5;York;76303;14176;27969;4201;1458;2092;0;0;733
York Outer;Julian Sturdy;5;York;73271;26915;16682;9940;20;15;0;0;652
Aberafan Maesteg;Stephen Kinnock;6;West Glamorgan;69525;10303;23315;1348;3824;666;3569;0;651
Alyn and Deeside;Mark Tami;6;Clwyd;75403;21092;22970;2906;3145;0;1770;0;0
Bangor Aberconwy;Robin Millar;6;Gogledd Cymru;70127;18879;18692;2009;456;0;9402;0;0
Blaenau Gwent and Rhymney;Nick Smith;6;Gwent;70687;7981;21395;1472;7518;421;2974;0;366
Brecon, Radnor and Cwm Tawe;Fay Jones;6;Gorllewin Cymru a'r Canolbarth;72621;25107;8753;15199;946;212;1527;0;736
Bridgend;Jamie Wallis;6;Cardiff and Bridgend;70710;19564;18197;2573;2369;894;2620;0;0
Caerfyrddin (Carmarthen);Unknown (changed seat);6;Gorllewin Cymru a'r Canolbarth;72404;20246;12885;846;2001;0;15672;0;0
Caerphilly;Wayne David;6;The Valleys;70954;12811;19942;235;5252;167;6447;0;0
Cardiff East;Jo Stevens;6;Cardiff and Bridgend;75658;11370;28519;6116;2023;185;517;0;388
Cardiff North;Anna McMorrin;6;Cardiff and Bridgend;71374;19588;26888;3583;1444;821;1990;0;254
Cardiff South and Penarth;Stephen Doughty;6;Cardiff and Bridgend;73492;14231;26108;3164;980;1282;1866;0;150
Cardiff West;Kevin Brennan;6;Cardiff and Bridgend;74561;14385;25503;2752;1880;1141;4287;0;126
Ceredigion Preseli;Ben Lake;6;Gorllewin Cymru a'r Canolbarth;74308;15212;10769;7682;2063;665;16466;0;0
Clwyd East;Rob Roberts;6;Clwyd;76518;25201;19489;3394;2168;0;2400;0;0
Clwyd North;David Jones;6;Clwyd;76558;25188;20436;2253;956;0;3058;0;0
Dwyfor Meirionnydd;Liz Saville Roberts;6;Gogledd Cymru;72047;13251;10657;70;2550;0;22430;0;0
Gower;Tonia Antoniazzi;6;West Glamorgan;76005;21343;23708;3132;1942;5;2732;0;0
Llanelli;Nia Griffith;6;Gorllewin Cymru a'r Canolbarth;69600;13693;17427;0;3913;0;9686;0;0
Merthyr Tydfil and Aberdare;Gerald Jones;6;The Valleys;74598;9433;21922;1532;4714;0;3334;0;2332
Monmouthshire;David Davies;6;Gwent;72681;27309;16907;5022;431;1341;1236;0;417
Montgomeryshire and Glyndwr;Craig Williams;6;Gogledd Cymru;74118;26690;13317;8602;698;0;1098;0;729
Neath and Swansea East;Christina Rees;6;West Glamorgan;74090;12909;22086;2123;3947;778;4304;0;594
Newport East;Jessica Morden;6;Gwent;75617;17226;22751;2687;2897;913;1366;0;0
Newport West and Islwyn;Chris Evans;6;Gwent;75266;18092;19800;2494;4286;917;2204;0;0
Pembrokeshire Mid and South;Stephen Crabb;6;Gorllewin Cymru a'r Canolbarth;76780;28878;20740;2248;0;0;2780;0;0
Pontypridd;Alex Davies-Jones;6;The Valleys;73664;12636;22048;642;3808;103;4912;0;2033
Rhondda and Ogmore;Chris Bryant;6;The Valleys;73521;7775;23784;991;4954;581;5490;0;663
Swansea West;Geraint Davies;6;West Glamorgan;73780;12087;23625;2824;3027;386;2446;0;0
Torfaen;Nick Thomas-Symonds;6;Gwent;70218;14595;17990;2256;5741;941;1535;0;16
Vale of Glamorgan;Alun Cairns;6;Cardiff and Bridgend;70148;24751;22081;0;0;2962;0;0;456
Wrexham;Sarah Atherton;6;Clwyd;70870;22453;18339;2017;1776;446;2734;0;0
Ynys Mon (Anglesey);Virginia Crosbie;6;Gogledd Cymru;51927;12961;10990;0;2183;0;10418;0;0
Aberdeen North;Kirsty Blackman;2;Moray and Aberdeenshire;76515;12392;5808;4014;813;586;24933;0;0
Aberdeen South;Stephen Flynn;2;Moray and Aberdeenshire;76047;17409;4608;5418;195;297;23684;0;0
Aberdeenshire North and Moray East;David Duguid;2;Moray and Aberdeenshire;71236;21738;2066;2216;0;0;20044;0;80
Aberdeenshire West and Kincardine;Andrew Bowie;2;Moray and Aberdeenshire;72640;22752;2431;6252;0;0;21907;0;0
Airdrie and Shotts;Neil Gray;2;Lanarkshire;69843;7580;14016;1554;0;676;19662;0;64
Alloa and Grangemouth;John Nicolson;2;Forth Valley;70834;13210;7223;2666;182;684;25166;0;332
Angus and Perthshire Glens;Dave Doogan;2;Heart of Scotland;75151;21769;1929;2852;321;0;25816;0;25
Arbroath and Broughty Ferry;Stewart Hosie;2;Heart of Scotland;75106;15753;4938;3938;0;0;26264;0;259
Argyll, Bute and South Lochaber;Brendan O'Hara;2;Highlands and Islands;70737;17377;3548;7482;52;0;22641;0;44
Ayr, Carrick and Cumnock;Allan Dorans;2;South West Scotland;71971;17943;6219;2158;0;0;20272;0;0
Ayrshire Central;Philippa Whitford;2;South West Scotland;69742;16182;6583;2283;0;0;21487;0;0
Ayrshire North and Arran;Patricia Gibson;2;South West Scotland;73534;14854;6702;2108;0;1114;23376;0;0
Bathgate and Linlithgow;Martyn Day;2;Forth Valley;70467;11595;8810;3541;893;988;20590;0;350
Berwickshire, Roxburgh and Selkirk;John Lamont;2;Southern Scotland;74518;25746;2514;4286;0;0;20598;0;0
Caithness, Sutherland and Easter Ross;Unknown (changed seat);2;Highlands and Islands;74896;9559;2881;16750;1476;89;20841;0;342
Coatbridge and Bellshill;Steven Bonnar;2;Lanarkshire;71594;5615;17043;1456;0;661;22321;0;74
Cowdenbeath and Kirkcaldy;Neale Hanvey;2;Fife;70191;9881;13828;2990;905;1586;16589;0;0
Cumbernauld and Kirkintilloch;Stuart McDonald;2;Lanarkshire;69904;7441;12663;2769;0;156;24904;0;0
Dumfries and Galloway;Alister Jack;2;South West Scotland;76172;23081;4951;3188;0;0;21396;0;0
Dumfriesshire, Clydesdale and Tweeddale;David Mundell;2;Southern Scotland;70255;23276;4205;3619;0;0;19270;0;0
Dunbartonshire Mid;Amy Callaghan;2;Dunbartonshire and Glasgow North;73389;8792;5596;20049;0;916;22099;0;626
Dunbartonshire West;Martin Docherty;2;Dunbartonshire and Glasgow North;69016;6629;13338;1967;0;866;23196;0;707
Dundee Central;Chris Law;2;Heart of Scotland;74801;5868;11744;2869;1197;0;26873;0;272
Dunfermline and Dollar;Douglas Chapman;2;Fife;70060;10636;11445;3971;1;1102;21819;0;18
East Kilbride and Strathaven;Lisa Cameron;2;Clyde Valley;74435;11138;11349;3516;0;1064;24120;0;430
Edinburgh East and Musselburgh;Tommy Sheppard;2;Edinburgh;75152;7505;14102;3540;0;1878;24938;0;115
Edinburgh North and Leith;Deidre Brock;2;Edinburgh;78178;10003;12573;7024;520;1860;25012;0;127
Edinburgh South;Ian Murray;2;Edinburgh;71688;8872;24585;4260;0;1544;14257;0;0
Edinburgh South West;Joanna Cherry;2;Edinburgh;73516;12849;7486;4971;625;1266;24834;0;115
Edinburgh West;Christine Jardine;2;Edinburgh;75666;10281;5005;21377;37;1138;18911;0;12
Falkirk;Johnny McNally;2;Forth Valley;73900;12561;5930;3521;180;1515;25104;0;98
Fife North East;Unknown (changed seat);2;Fife;70255;7181;2841;20307;183;0;21280;0;0
Glasgow East;David Linden;2;Clyde Valley;70653;5096;13605;1662;11;547;19812;0;0
Glasgow North;Patrick Grady;2;Dunbartonshire and Glasgow North;75508;4209;15442;2461;272;1403;22070;0;0
Glasgow North East;Anne McLaughlin;2;Dunbartonshire and Glasgow North;76435;4737;16243;1528;0;71;20358;0;0
Glasgow South;Stewart McDonald;2;Renfrewshire and Glasgow South;72763;6196;14048;2827;481;1261;23152;0;0
Glasgow South West;Chris Stephens;2;Renfrewshire and Glasgow South;70821;4955;13737;1738;657;361;19548;0;0
Glasgow West;Carol Monaghan;2;Dunbartonshire and Glasgow North;72836;7041;12771;3416;47;347;22112;0;0
Glenrothes and Mid Fife;Peter Grant;2;Fife;68703;6782;11643;2396;1318;199;21305;0;0
Gordon and Buchan;Unknown (changed seat);2;Moray and Aberdeenshire;69002;21786;1584;4988;0;0;19161;0;0
Hamilton and Clyde Valley;Angela Crawley;2;Clyde Valley;74123;12704;13298;2408;0;86;21568;0;272
Inverclyde and Renfrewshire West;Ronnie Cowan;2;Renfrewshire and Glasgow South;69793;8192;12965;3018;0;0;22054;0;0
Inverness, Skye and West Ross-shire;Drew Hendry;2;Highlands and Islands;77420;12634;4603;8645;984;1020;26940;0;342
Kilmarnock and Loudoun;Alan Brown;2;South West Scotland;74517;11557;9007;2444;0;0;24214;0;404
Livingston;Hannah Bardell;2;Forth Valley;74224;10902;10764;3121;0;1306;23149;0;0
Lothian East;Kenny MacAskill;2;Southern Scotland;70354;13854;15068;3378;0;0;17772;0;379
Midlothian;Owen Thompson;2;Southern Scotland;70544;10468;14328;3392;0;0;20033;0;0
Moray West, Nairn and Strathspey;Unknown (changed seat);2;Moray and Aberdeenshire;75420;22211;2649;3016;416;599;22954;0;334
Motherwell, Wishaw and Carluke;Marion Fellows;2;Lanarkshire;71444;9772;13335;1963;0;0;21206;0;481
Na h-Eileanan An Iar (Western Isles);Angus MacNeil;2;Highlands and Islands;21106;3215;4093;637;0;0;6531;0;0
Orkney and Shetland;Alistair Carmichael;2;Highlands and Islands;34210;2289;1551;10382;898;0;7874;0;168
Paisley and Renfrewshire North;Gavin Newlands;2;Renfrewshire and Glasgow South;69791;9231;11658;3350;168;0;22314;0;0
Paisley and Renfrewshire South;Mhairi Black;2;Renfrewshire and Glasgow South;68828;8353;11796;3037;0;0;23035;0;0
Perth and Kinross-shire;Pete Wishart;2;Heart of Scotland;75339;21587;2624;4342;403;0;26669;0;156
Renfrewshire East;Kirsten Oswald;2;Renfrewshire and Glasgow South;72232;19450;6854;4175;0;0;24877;0;0
Rutherglen;Margaret Ferrier;2;Clyde Valley;70291;8179;14820;2911;0;1;20528;0;486
Stirling and Strathallan;Alyn Smith;2;Heart of Scotland;75296;20074;4390;3267;0;942;28940;0;12
Antrim East;Sammy Wilson;1;Antrim and the Lagan Valley;69793;6309;960;18242;10425;0;2448;0;1711
Antrim North;Ian Paisley;1;Antrim and the Lagan Valley;71240;7230;2875;19187;5849;0;5280;0;256
Antrim South;Paul Girvan;1;Antrim and the Lagan Valley;71665;12345;2195;15283;8188;0;4962;3;5
Belfast East;Gavin Robinson;1;Belfast;70264;2504;2631;21471;18619;0;0;0;52
Belfast North;John Finucane;1;Belfast;71383;257;186;19685;5042;0;22641;193;52
Belfast South and Mid Down;Claire Hanna;1;Belfast;71557;1767;24724;12487;7779;0;123;37;586
Belfast West;Paul Maskey;1;Belfast;71270;302;3051;7555;2598;0;21407;5960;1700
Down North;Stephen Farry;1;Armagh and Down;70322;5093;0;16252;19403;0;0;0;1957
Down South;Chris Hazzard;1;Armagh and Down;71721;3247;12742;7376;5967;0;14570;0;1115
Fermanagh and South Tyrone;Michelle Gildernew;1;Ulster West;74600;21431;3956;633;2777;0;22052;0;809
Foyle;Colum Eastwood;1;Ulster West;69626;933;25228;4207;1125;0;9456;1934;1268
Lagan Valley;Jeffrey Donaldson;1;Antrim and the Lagan Valley;75827;8182;1910;19719;12522;0;2035;0;1120
Londonderry East;Gregory Campbell;1;Ulster West;72184;3695;7261;16081;6012;0;6219;95;1793
Newry and Armagh;Mickey Brady;1;Armagh and Down;74651;3559;8989;9508;3969;0;19113;0;1545
Strangford;Jim Shannon;1;Armagh and Down;70029;4206;3589;16787;10537;0;2071;0;2653
Tyrone West;Órfhlaith Begley;1;Ulster West;70628;2967;8090;9583;4152;0;17661;1;1499
Ulster Mid;Francie Molloy;1;Ulster West;69900;3239;6103;10519;3444;0;20422;0;712
Upper Bann;Carla Lockhart;1;Armagh and Down;77317;5846;4250;19550;5708;0;11389;0;12