Name;MP;Area;County;Electorate;CON;LAB;LIB;UKIP;Green;NAT;MIN;OTH;Winner;CON chance;LAB chance;LIB chance;Reform chance;Green chance;NAT chance;MIN chance;OTH chance
Aldershot;Leo Docherty;12;Surrey West and Aldershot;72617;0.27;0.33;0.1;0.21;0.08;0;0;0.01;LAB;0.486;0.471;0.012;0.031;0;0;0;0
Aldridge-Brownhills;Wendy Morton;7;Wolverhampton and Walsall;60138;0.35;0.23;0.07;0.28;0.06;0;0;0.01;CON;0.805;0.175;0.001;0.019;0;0;0;0
Altrincham and Sale West;Unknown (LAB gain from CON);4;Manchester Central and Trafford;73107;0.28;0.34;0.11;0.16;0.1;0;0;0.01;LAB;0.142;0.819;0;0.036;0.001;0;0;0
Amber Valley;Unknown (LAB gain from CON);8;Derbyshire North;69976;0.24;0.28;0.06;0.33;0.08;0;0;0.01;UKIP;0.225;0.744;0;0.031;0;0;0;0
Arundel and South Downs;Andrew Griffith;12;Sussex West;81726;0.36;0.18;0.17;0.19;0.1;0;0;0.01;CON;0.627;0.113;0.161;0.095;0.004;0;0;0
Ashfield;Unknown (MIN gain from CON);8;Nottinghamshire North;78204;0.15;0.25;0.05;0.45;0.06;0;0;0.05;UKIP;0.023;0.23;0.001;0.549;0.002;0;0.193;0
Ashford;Damian Green;12;Kent South;89553;0.28;0.27;0.08;0.25;0.11;0;0;0.01;CON;0.581;0.357;0.001;0.06;0;0;0;0
Ashton under Lyne;Angela Rayner;4;Manchester East;67978;0.15;0.34;0.07;0.3;0.11;0;0;0.03;LAB;0.002;0.988;0;0.01;0;0;0;0
Aylesbury;Unknown (LAB gain from CON);12;Buckinghamshire North;86665;0.27;0.27;0.19;0.18;0.08;0;0;0.01;CON;0.441;0.469;0.042;0.046;0;0;0;0
Banbury;Unknown (LAB gain from CON);12;Oxfordshire;90116;0.29;0.33;0.11;0.18;0.08;0;0;0.01;LAB;0.299;0.653;0.013;0.034;0;0;0;0
Barking;Margaret Hodge;11;Dagenham and Redbridge;77953;0.15;0.37;0.07;0.2;0.17;0;0;0.04;LAB;0;0.999;0;0.001;0;0;0;0
Barnsley Central;Dan Jarvis;5;Barnsley and Sheffield West;65277;0.13;0.36;0.07;0.33;0.09;0;0;0.02;LAB;0.001;0.96;0;0.039;0;0;0;0
Barnsley East;Stephanie Peacock;5;Barnsley and Sheffield West;69504;0.14;0.33;0.06;0.36;0.08;0;0;0.02;UKIP;0.003;0.945;0;0.051;0;0;0;0
Barrow and Furness;Unknown (LAB gain from CON);4;Cumbria;70158;0.28;0.33;0.07;0.24;0.07;0;0;0.01;LAB;0.044;0.94;0;0.015;0;0;0;0
Basildon and Billericay;John Baron;9;Essex South West;69906;0.29;0.25;0.08;0.3;0.08;0;0;0.01;UKIP;0.672;0.305;0;0.023;0;0;0;0
Basildon South and East Thurrock;Unknown (LAB gain from CON);9;Essex South West;74441;0.27;0.25;0.06;0.34;0.07;0;0;0.02;UKIP;0.446;0.487;0;0.066;0;0;0;0
Basingstoke;Unknown (LAB gain from CON);12;Hampshire;82928;0.27;0.34;0.09;0.18;0.1;0;0;0.01;LAB;0.254;0.704;0.006;0.034;0.001;0;0;0
Bassetlaw;Unknown (LAB gain from CON);8;Nottinghamshire North;80024;0.26;0.31;0.07;0.28;0.07;0;0;0.01;LAB;0.109;0.839;0;0.051;0;0;0;0
Bath;Wera Hobhouse;10;Avon South;67805;0.17;0.21;0.34;0.11;0.15;0;0;0.02;LIB;0.004;0.005;0.981;0.009;0;0;0;0
Batley and Spen;Tracy Brabin;5;Lambeth and Wandsworth;79558;0.2;0.42;0.12;0.09;0.15;0;0;0.02;LAB;0.122;0.828;0;0.049;0;0;0;0
Battersea;Marsha De Cordova;11;Buckinghamshire South;79350;0.34;0.17;0.23;0.18;0.06;0;0;0.01;CON;0.006;0.984;0;0.009;0;0;0;0
Beaconsfield;Joy Morrissey;12;Croydon;77720;0.23;0.41;0.11;0.14;0.1;0;0;0.01;LAB;0.719;0.035;0.193;0.052;0;0;0;0
Beckenham;Unknown (LAB gain from CON);11;Bedfordshire;68662;0.22;0.37;0.12;0.17;0.1;0;0;0.02;LAB;0.439;0.534;0.005;0.021;0;0;0;0
Bedford;Mohammad Yasin;9;Bedfordshire;71581;0.32;0.28;0.1;0.21;0.08;0;0;0.02;CON;0.03;0.948;0.001;0.019;0;0;0;0
Bedfordshire Mid;Nadine Dorries;9;Bedfordshire;87795;0.34;0.25;0.12;0.21;0.08;0;0;0.01;CON;0.464;0.413;0.054;0.068;0;0;0;0
Bedfordshire North East;Unknown (LAB gain from CON);9;South East London;90678;0.09;0.38;0.21;0.11;0.19;0;0;0.02;LAB;0.406;0.512;0.017;0.064;0;0;0;0
Bedfordshire South West;Unknown (LAB gain from CON);9;Hackney and Tower Hamlets;79926;0.09;0.35;0.12;0.1;0.23;0;0;0.11;LAB;0.282;0.66;0.007;0.05;0;0;0;0
Bermondsey and Old Southwark;Neil Coyle;11;East Yorkshire;93248;0.3;0.28;0.09;0.25;0.06;0;0;0.01;CON;0;0.989;0.009;0.002;0;0;0;0
Berwick-upon-Tweed;Anne-Marie Trevelyan;3;Sussex East;59939;0.33;0.25;0.1;0.22;0.08;0;0;0.03;CON;0.47;0.403;0.046;0.08;0;0;0;0
Bethnal Green and Bow;Rushanara Ali;11;Bexley and Bromley;88262;0.29;0.29;0.08;0.26;0.07;0;0;0.01;CON;0;1;0;0;0;0;0;0
Beverley and Holderness;Unknown (LAB gain from CON);5;Oxfordshire;79696;0.27;0.19;0.31;0.16;0.07;0;0;0.01;LIB;0.342;0.566;0.005;0.087;0;0;0;0
Bexhill and Battle;Huw Merriman;12;Wirral and Chester North;81963;0.11;0.4;0.08;0.2;0.21;0;0;0.01;LAB;0.64;0.231;0.029;0.097;0.002;0;0;0
Bexleyheath and Crayford;Unknown (LAB gain from CON);11;Birmingham South;65466;0.22;0.37;0.09;0.17;0.12;0;0;0.03;LAB;0.333;0.648;0;0.019;0;0;0;0
Birkenhead;Mick Whitley;4;Birmingham North;63762;0.19;0.33;0.07;0.27;0.11;0;0;0.03;LAB;0;0.989;0;0.01;0;0;0;0
Birmingham Edgbaston;Preet Gill;7;Birmingham South;68828;0.16;0.34;0.13;0.13;0.15;0;0;0.09;LAB;0.004;0.994;0;0.002;0;0;0;0
Birmingham Erdington;Jack Dromey;7;Birmingham North;66148;0.2;0.29;0.07;0.26;0.12;0;0;0.07;LAB;0.039;0.958;0;0.003;0;0;0;0
Birmingham Hall Green;Tahir Ali;7;Birmingham North;80283;0.12;0.38;0.09;0.12;0.19;0;0;0.1;LAB;0;0.998;0;0.002;0;0;0;0
Birmingham Hodge Hill;Liam Byrne;7;Birmingham South;78295;0.24;0.31;0.08;0.25;0.1;0;0;0.01;LAB;0;0.999;0;0.001;0;0;0;0
Birmingham Ladywood;Shabana Mahmood;7;Birmingham North;74912;0.12;0.23;0.05;0.1;0.09;0;0.35;0.06;MIN;0;1;0;0;0;0;0;0
Birmingham Northfield;Unknown (LAB gain from CON);7;Birmingham South;73694;0.18;0.36;0.1;0.18;0.15;0;0;0.03;LAB;0.023;0.961;0;0.015;0;0;0;0
Birmingham Perry Barr;Khalid Mahmood;7;Birmingham South;72006;0.17;0.31;0.12;0.22;0.11;0;0;0.08;LAB;0;0.999;0;0;0;0;0;0
Birmingham Selly Oak;Steve McCabe;7;County Durham;82665;0.24;0.32;0.07;0.29;0.08;0;0;0.01;LAB;0.001;0.995;0;0.003;0;0;0;0
Birmingham Yardley;Jess Phillips;7;Lancashire East;74704;0.13;0.22;0.04;0.17;0.08;0;0.27;0.09;MIN;0.002;0.988;0;0.009;0;0;0;0
Bishop Auckland;Unknown (LAB gain from CON);3;Manchester North East;68170;0.13;0.38;0.08;0.26;0.14;0;0;0.01;LAB;0.058;0.91;0;0.031;0;0;0;0
Blackburn;Kate Hollern;4;Lancashire West;71234;0.27;0.3;0.06;0.3;0.06;0;0;0.01;LAB;0;1;0;0;0;0;0;0
Blackley and Broughton;Graham Stringer;4;Lancashire West;73372;0.18;0.34;0.06;0.33;0.08;0;0;0.01;LAB;0;0.999;0;0;0;0;0;0
Blackpool North and Cleveleys;Unknown (LAB gain from CON);4;County Durham;63692;0.16;0.38;0.08;0.28;0.09;0;0;0.01;LAB;0.112;0.873;0;0.015;0;0;0;0
Blackpool South;Unknown (LAB gain from CON);4;Northumberland;57690;0.17;0.36;0.07;0.31;0.09;0;0;0.01;LAB;0.032;0.953;0;0.015;0;0;0;0
Blaydon;Liz Twist;3;South Coast;67853;0.31;0.24;0.11;0.26;0.06;0;0;0.01;CON;0.004;0.97;0;0.025;0;0;0;0
Blyth Valley;Unknown (LAB gain from CON);3;Derbyshire North;64429;0.24;0.3;0.06;0.29;0.1;0;0;0.01;LAB;0.011;0.97;0;0.018;0;0;0;0
Bognor Regis and Littlehampton;Nick Gibb;12;Manchester North West;77446;0.22;0.29;0.06;0.27;0.13;0;0;0.02;LAB;0.62;0.315;0.011;0.053;0;0;0;0
Bolsover;Unknown (LAB gain from CON);8;Manchester North West;74292;0.15;0.32;0.07;0.29;0.12;0;0;0.04;LAB;0.017;0.942;0;0.041;0;0;0;0
Bolton North East;Unknown (LAB gain from CON);4;Manchester North West;67564;0.25;0.31;0.07;0.24;0.11;0;0;0.01;LAB;0.026;0.961;0;0.012;0;0;0;0
Bolton South East;Yasmin Qureshi;4;Merseyside West and Liverpool;69163;0.08;0.5;0.07;0.19;0.14;0;0;0.01;LAB;0.001;0.996;0;0.003;0;0;0;0
Bolton West;Unknown (LAB gain from CON);4;Lincolnshire South;73191;0.3;0.15;0.05;0.42;0.06;0;0;0.01;UKIP;0.058;0.912;0;0.029;0;0;0;0
Bootle;Peter Dowd;4;Bournemouth;74832;0.27;0.34;0.1;0.19;0.09;0;0;0.02;LAB;0;1;0;0;0;0;0;0
Boston and Skegness;Matt Warman;8;Bournemouth;69381;0.26;0.29;0.12;0.21;0.1;0;0;0.01;LAB;0.526;0.298;0;0.175;0;0;0;0
Bosworth;Luke Evans;8;Berkshire;81542;0.29;0.28;0.13;0.21;0.08;0;0;0.01;CON;0.545;0.327;0.04;0.086;0;0;0;0
Bournemouth East;Unknown (LAB gain from CON);10;Bradford;74125;0.15;0.34;0.08;0.23;0.13;0;0;0.08;LAB;0.19;0.744;0.007;0.055;0.004;0;0;0
Bournemouth West;Unknown (LAB gain from CON);10;Bradford;74205;0.19;0.29;0.06;0.29;0.13;0;0;0.04;LAB;0.189;0.745;0.013;0.05;0.001;0;0;0
Bracknell;Unknown (LAB gain from CON);12;Bradford;78978;0.16;0.32;0.06;0.19;0.16;0;0;0.11;LAB;0.481;0.48;0.006;0.032;0.001;0;0;0
Bradford East;Imran Hussain;5;Essex North;73206;0.32;0.24;0.08;0.27;0.08;0;0;0.01;CON;0;0.994;0;0.006;0;0;0;0
Bradford South;Judith Cummins;5;Brent Harrow Barnet;69046;0.17;0.42;0.1;0.12;0.15;0;0;0.04;LAB;0.004;0.978;0;0.018;0;0;0;0
Bradford West;Naz Shah;5;Brent Harrow Barnet;70694;0.29;0.35;0.1;0.12;0.12;0;0;0.02;LAB;0;1;0;0;0;0;0;0
Braintree;James Cleverly;9;South West London;75208;0.22;0.38;0.11;0.14;0.13;0;0;0.03;LAB;0.64;0.317;0.003;0.04;0;0;0;0
Brent Central;Dawn Butler;11;Essex South West;84032;0.34;0.21;0.12;0.26;0.06;0;0;0.01;CON;0;0.999;0;0.001;0;0;0;0
Brent North;Barry Gardiner;11;Somerset West and Barnstaple;83788;0.29;0.22;0.15;0.26;0.07;0;0;0.01;CON;0.001;0.995;0;0.003;0;0;0;0
Brentford and Isleworth;Ruth Cadbury;11;East Yorkshire;85775;0.31;0.22;0.08;0.31;0.06;0;0;0.02;CON;0.006;0.99;0;0.003;0;0;0;0
Brentwood and Ongar;Alex Burghart;9;Lincolnshire North;75255;0.32;0.23;0.06;0.31;0.07;0;0;0.01;CON;0.857;0.097;0.018;0.027;0;0;0;0
Bridgwater and West Somerset;Ian Liddell-Grainger;10;South Coast;85327;0.2;0.36;0.12;0.08;0.21;0;0;0.03;LAB;0.582;0.304;0.051;0.062;0;0;0;0
Brigg and Goole;Andrew Percy;5;South Coast;65939;0.1;0.27;0.07;0.07;0.49;0;0;0.01;Green;0.547;0.413;0;0.04;0;0;0;0
Brighton Kemptown;Lloyd Russell-Moyle;12;Avon North;69833;0.07;0.28;0.07;0.04;0.53;0;0;0.01;Green;0.006;0.987;0;0.006;0;0;0;0
Brighton Pavilion;Caroline Lucas;12;Avon South;79057;0.15;0.38;0.09;0.07;0.29;0;0;0.02;LAB;0.002;0.246;0;0.004;0.747;0;0;0
Bristol East;Kerry McCarthy;10;Avon North;73867;0.16;0.37;0.08;0.17;0.19;0;0;0.02;LAB;0.032;0.968;0;0;0;0;0;0
Bristol North West;Darren Jones;10;Avon North;76273;0.15;0.41;0.11;0.13;0.19;0;0;0.01;LAB;0.025;0.952;0.002;0.019;0.002;0;0;0
Bristol South;Karin Smyth;10;Avon South;84079;0.13;0.35;0.09;0.17;0.25;0;0;0.01;LAB;0.005;0.963;0.002;0.028;0.002;0;0;0
Bristol West;Thangam Debbonaire;10;Norfolk North;99253;0.3;0.27;0.12;0.22;0.08;0;0;0.01;CON;0;0.69;0;0.005;0.305;0;0;0
Broadland;Jerome Mayhew;9;Bexley and Bromley;78151;0.31;0.29;0.11;0.2;0.08;0;0;0.01;CON;0.506;0.297;0.116;0.08;0;0;0;0
Bromley and Chislehurst;Unknown (LAB gain from CON);11;Worcestershire;66697;0.31;0.24;0.14;0.23;0.06;0;0;0.02;CON;0.287;0.682;0.004;0.025;0.001;0;0;0
Bromsgrove;Sajid Javid;7;Hertfordshire East;75078;0.33;0.25;0.08;0.25;0.08;0;0;0.01;CON;0.6;0.352;0.002;0.045;0;0;0;0
Broxbourne;Charles Walker;9;Nottinghamshire South;73182;0.23;0.33;0.1;0.23;0.1;0;0;0.02;LAB;0.646;0.326;0.004;0.024;0;0;0;0
Broxtowe;Unknown (LAB gain from CON);8;Buckinghamshire North;73052;0.29;0.31;0.11;0.2;0.08;0;0;0.01;LAB;0.055;0.928;0;0.017;0;0;0;0
Buckingham;Greg Smith;12;Buckinghamshire South;83146;0.33;0.18;0.23;0.17;0.07;0;0;0.01;CON;0.743;0.152;0.073;0.031;0;0;0;0
Burnley;Unknown (LAB gain from CON);4;Lancashire East;64345;0.21;0.26;0.18;0.26;0.08;0;0;0.01;LAB;0.032;0.882;0;0.085;0.001;0;0;0
Burton;Unknown (LAB gain from CON);7;Staffordshire South;75036;0.29;0.29;0.07;0.25;0.07;0;0;0.02;CON;0.302;0.681;0;0.017;0;0;0;0
Bury North;Unknown (LAB gain from CON);4;Manchester North East;68802;0.26;0.34;0.06;0.23;0.08;0;0;0.02;LAB;0.03;0.96;0;0.009;0;0;0;0
Bury South;Unknown (LAB gain from CON);4;Manchester North East;75152;0.22;0.36;0.07;0.23;0.1;0;0;0.02;LAB;0.009;0.974;0;0.016;0;0;0;0
Bury St Edmunds;Jo Churchill;9;Suffolk West and Ipswich;89644;0.28;0.28;0.09;0.21;0.12;0;0;0.01;CON;0.585;0.291;0.002;0.083;0.038;0;0;0
Calder Valley;Unknown (LAB gain from CON);5;Huddersfield and Halifax;79287;0.24;0.35;0.08;0.22;0.1;0;0;0.01;LAB;0.046;0.943;0;0.011;0;0;0;0
Camberwell and Peckham;Harriet Harman;11;Cornwall;88971;0.24;0.33;0.11;0.23;0.08;0;0;0.01;LAB;0;1;0;0;0;0;0;0
Camborne and Redruth;Unknown (LAB gain from CON);10;Cambridgeshire South;70250;0.13;0.39;0.19;0.05;0.21;0;0;0.02;LAB;0.166;0.783;0.014;0.036;0;0;0;0
Cambridge;Daniel Zeichner;9;Cambridgeshire North;79951;0.37;0.18;0.08;0.29;0.07;0;0;0.01;CON;0.015;0.956;0.027;0;0.001;0;0;0
Cambridgeshire North East;Steve Barclay;9;Cambridgeshire North;83699;0.3;0.27;0.09;0.24;0.09;0;0;0.01;CON;0.768;0.187;0.005;0.04;0;0;0;0
Cambridgeshire North West;Shailesh Vara;9;Cambridgeshire South;94909;0.25;0.15;0.37;0.13;0.08;0;0;0.01;LIB;0.523;0.425;0.01;0.042;0;0;0;0
Cambridgeshire South;Unknown (LIB gain from CON);9;Staffordshire South;87288;0.28;0.28;0.06;0.3;0.07;0;0;0.01;UKIP;0.096;0.054;0.828;0.021;0;0;0;0
Cambridgeshire South East;Unknown (LIB gain from CON);9;Kent East;86769;0.23;0.34;0.11;0.17;0.14;0;0;0.01;LAB;0.223;0.147;0.592;0.037;0;0;0;0
Cannock Chase;Unknown (LAB gain from CON);7;Cumbria;74813;0.26;0.31;0.08;0.26;0.08;0;0;0.01;LAB;0.461;0.506;0;0.032;0;0;0;0
Canterbury;Rosie Duffield;12;Wimbledon and Sutton;80203;0.25;0.16;0.33;0.18;0.06;0;0;0.01;LIB;0.047;0.927;0.001;0.023;0.001;0;0;0
Carlisle;Unknown (LAB gain from CON);4;Essex South East;65105;0.35;0.19;0.06;0.33;0.06;0;0;0.01;CON;0.058;0.918;0;0.023;0;0;0;0
Carshalton and Wallington;Unknown (LIB gain from CON);11;Medway and Maidstone;72941;0.28;0.27;0.08;0.28;0.08;0;0;0.01;CON;0.128;0.091;0.728;0.052;0;0;0;0
Castle Point;Rebecca Harris;9;Manchester East;69608;0.22;0.19;0.34;0.16;0.07;0;0;0.01;LIB;0.664;0.233;0.001;0.102;0;0;0;0
Charnwood;Edward Argar;8;Essex South East;79534;0.28;0.15;0.32;0.18;0.06;0;0;0.01;LIB;0.537;0.415;0;0.048;0;0;0;0
Chatham and Aylesford;Unknown (LAB gain from CON);12;West London;71642;0.31;0.34;0.11;0.11;0.12;0;0;0.01;LAB;0.42;0.545;0.001;0.033;0;0;0;0
Cheadle;Unknown (LIB gain from CON);4;Gloucestershire;74577;0.32;0.12;0.39;0.08;0.09;0;0;0.01;LIB;0.201;0.143;0.588;0.068;0;0;0;0
Chelmsford;Vicky Ford;9;Buckinghamshire South;80394;0.32;0.12;0.35;0.15;0.06;0;0;0.01;LIB;0.35;0.303;0.287;0.06;0;0;0;0
Chelsea and Fulham;Unknown (LAB gain from CON);11;Cheshire;67110;0.22;0.35;0.08;0.25;0.09;0;0;0.02;LAB;0.299;0.676;0.004;0.021;0;0;0;0
Cheltenham;Unknown (LIB gain from CON);10;Wirral and Chester North;81044;0.21;0.39;0.08;0.19;0.12;0;0;0.01;LAB;0.276;0.005;0.719;0;0;0;0;0
Chesham and Amersham;Unknown (LIB gain from CON);12;Cheshire;72542;0.32;0.28;0.11;0.19;0.07;0;0;0.02;CON;0.425;0.001;0.568;0.006;0;0;0;0
Chester, City of;Chris Matheson;4;Derbyshire North;76057;0.2;0.35;0.08;0.25;0.1;0;0;0.01;LAB;0.013;0.984;0;0.003;0;0;0;0
Chesterfield;Toby Perkins;8;Sussex West;71034;0.25;0.11;0.38;0.19;0.06;0;0;0.01;LIB;0.019;0.953;0;0.028;0;0;0;0
Chichester;Gillian Keegan;12;Lea Valley;85499;0.34;0.28;0.07;0.16;0.08;0;0;0.07;CON;0.513;0.153;0.223;0.108;0.002;0;0;0
Chingford and Woodford Green;Unknown (LAB gain from CON);11;Swindon and Chippenham;65393;0.28;0.12;0.35;0.17;0.06;0;0;0.01;LIB;0.054;0.942;0;0.004;0;0;0;0
Chippenham;Unknown (LIB gain from CON);10;Brent Harrow Barnet;77221;0.31;0.36;0.09;0.13;0.1;0;0;0.01;LAB;0.379;0.05;0.544;0.027;0;0;0;0
Chipping Barnet;Unknown (LAB gain from CON);11;Lancashire South;79960;0.1;0.53;0.06;0.12;0.16;0;0;0.04;LAB;0.057;0.935;0;0.007;0;0;0;0
Chorley;Lindsay Hoyle;4;Bournemouth;78177;0.34;0.17;0.18;0.24;0.06;0;0;0.02;CON;0;1;0;0;0;0;0;0
Christchurch;Christopher Chope;10;Central London;71520;0.26;0.34;0.13;0.11;0.13;0;0;0.02;LAB;0.846;0.077;0.024;0.052;0;0;0;0
Cities of London and Westminster;Unknown (LAB gain from CON);11;Essex North;63700;0.29;0.14;0.06;0.44;0.05;0;0;0.01;UKIP;0.101;0.857;0.014;0.026;0;0;0;0
Clacton;Giles Watling;9;Lambeth and Wandsworth;70930;0.1;0.46;0.15;0.07;0.2;0;0;0.01;LAB;0.749;0.172;0.002;0.076;0;0;0;0
Cleethorpes;Martin Vickers;5;Essex North;73689;0.23;0.34;0.14;0.19;0.09;0;0;0.01;LAB;0.515;0.442;0;0.042;0;0;0;0
Colchester;Unknown (LAB gain from CON);9;Huddersfield and Halifax;82625;0.27;0.33;0.07;0.22;0.1;0;0;0.01;LAB;0.165;0.781;0.018;0.035;0;0;0;0
Colne Valley;Unknown (LAB gain from CON);5;Cheshire;84174;0.28;0.32;0.08;0.23;0.07;0;0;0.02;LAB;0.038;0.941;0;0.021;0;0;0;0
Congleton;Unknown (LAB gain from CON);4;Northamptonshire;80930;0.26;0.33;0.07;0.24;0.08;0;0;0.01;LAB;0.374;0.578;0.001;0.047;0;0;0;0
Copeland;Unknown (LAB gain from CON);4;Cornwall;61693;0.26;0.1;0.37;0.21;0.05;0;0;0.01;LIB;0.038;0.946;0;0.016;0;0;0;0
Corby;Unknown (LAB gain from CON);8;Cornwall;86153;0.27;0.27;0.16;0.23;0.06;0;0;0.01;CON;0.089;0.894;0;0.016;0;0;0;0
Cornwall North;Unknown (LIB gain from CON);10;Gloucestershire;69935;0.31;0.18;0.24;0.18;0.08;0;0;0.01;CON;0.379;0.02;0.549;0.052;0;0;0;0
Cornwall South East;Sheryll Murray;10;Swindon and Chippenham;71825;0.31;0.12;0.35;0.15;0.05;0;0;0.01;LIB;0.579;0.265;0.098;0.057;0;0;0;0
Cotswolds, The;Geoffrey Clifton-Brown;10;Coventry and Meriden;81939;0.19;0.38;0.07;0.23;0.11;0;0;0.02;LAB;0.524;0.069;0.341;0.064;0.002;0;0;0
Coventry North East;Colleen Fletcher;7;Coventry and Meriden;76006;0.21;0.37;0.08;0.22;0.11;0;0;0.01;LAB;0;0.995;0;0.004;0;0;0;0
Coventry North West;Taiwo Owatemi;7;Coventry and Meriden;75247;0.24;0.37;0.1;0.17;0.1;0;0;0.02;LAB;0.03;0.957;0;0.012;0.001;0;0;0
Coventry South;Zarah Sultana;7;Northumberland;70979;0.19;0.38;0.07;0.26;0.08;0;0;0.01;LAB;0.032;0.961;0;0.007;0;0;0;0
Crawley;Unknown (LAB gain from CON);12;Sussex West;74207;0.25;0.32;0.08;0.23;0.09;0;0;0.02;LAB;0.109;0.867;0;0.022;0;0;0;0
Crewe and Nantwich;Unknown (LAB gain from CON);4;Cheshire;80321;0.23;0.34;0.07;0.26;0.08;0;0;0.02;LAB;0.079;0.905;0;0.016;0;0;0;0
Croydon Central;Sarah Jones;11;Croydon;81407;0.25;0.34;0.1;0.18;0.12;0;0;0.01;LAB;0.006;0.988;0;0.006;0;0;0;0
Croydon North;Steve Reed;11;Croydon;88468;0.34;0.31;0.11;0.14;0.09;0;0;0.01;CON;0;1;0;0;0;0;0;0
Croydon South;Unknown (LAB gain from CON);11;Dagenham and Redbridge;83982;0.17;0.43;0.12;0.12;0.15;0;0;0.02;LAB;0.268;0.711;0.002;0.018;0;0;0;0
Dagenham and Rainham;Jon Cruddas;11;Teesside;71045;0.2;0.32;0.06;0.27;0.13;0;0;0.02;LAB;0.004;0.981;0;0.014;0;0;0;0
Darlington;Unknown (LAB gain from CON);3;Kent West;66397;0.29;0.3;0.07;0.23;0.1;0;0;0.01;LAB;0.03;0.948;0;0.022;0;0;0;0
Dartford;Unknown (LAB gain from CON);12;Northamptonshire;82209;0.29;0.28;0.08;0.25;0.09;0;0;0.01;CON;0.414;0.561;0.001;0.022;0.001;0;0;0
Daventry;Chris Heaton-Harris;8;Derbyshire South;77423;0.3;0.24;0.12;0.26;0.08;0;0;0.01;CON;0.634;0.325;0.001;0.038;0;0;0;0
Denton and Reddish;Andrew Gwynne;4;Derbyshire South;66234;0.22;0.34;0.08;0.23;0.12;0;0;0.01;LAB;0;0.992;0;0.007;0;0;0;0
Derby North;Unknown (LAB gain from CON);8;Derbyshire North;73199;0.17;0.32;0.07;0.29;0.1;0;0;0.05;LAB;0.031;0.949;0.001;0.019;0;0;0;0
Derby South;Margaret Beckett;8;Derbyshire South;73062;0.3;0.29;0.1;0.21;0.08;0;0;0.01;CON;0.002;0.991;0;0.007;0;0;0;0
Derbyshire Dales;Unknown (LAB gain from CON);8;Derbyshire North;65080;0.29;0.3;0.07;0.23;0.09;0;0;0.01;LAB;0.389;0.511;0.009;0.09;0;0;0;0
Derbyshire Mid;Unknown (LAB gain from CON);8;Derbyshire South;67442;0.3;0.29;0.07;0.25;0.08;0;0;0.01;CON;0.374;0.574;0;0.051;0;0;0;0
Derbyshire North East;Unknown (LAB gain from CON);8;Devon Central and East;72345;0.27;0.31;0.07;0.26;0.07;0;0;0.02;LAB;0.187;0.776;0;0.036;0;0;0;0
Derbyshire South;Unknown (LAB gain from CON);8;Somerset West and Barnstaple;79331;0.29;0.28;0.15;0.19;0.08;0;0;0.01;CON;0.269;0.7;0;0.03;0;0;0;0
Devizes;Danny Kruger;10;Devon South;73372;0.28;0.11;0.33;0.21;0.06;0;0;0.01;LIB;0.688;0.21;0.053;0.049;0;0;0;0
Devon Central;Mel Stride;10;Devon South;74926;0.29;0.11;0.36;0.18;0.05;0;0;0.01;LIB;0.378;0.372;0.163;0.085;0.002;0;0;0
Devon East;Simon Jupp;10;Wakefield and Dewsbury;87168;0.32;0.26;0.12;0.22;0.07;0;0;0.01;CON;0.846;0.06;0.057;0.037;0;0;0;0
Devon North;Unknown (LIB gain from CON);10;Oxfordshire;75859;0.11;0.16;0.04;0.15;0.07;0;0.41;0.06;MIN;0.269;0.028;0.647;0.055;0.001;0;0;0
Devon South West;Gary Streeter;10;Doncaster and Rotherham;72535;0.27;0.17;0.32;0.16;0.08;0;0;0.01;LIB;0.547;0.363;0.023;0.066;0;0;0;0
Devon West and Torridge;Geoffrey Cox;10;Doncaster and Rotherham;80403;0.21;0.34;0.06;0.28;0.09;0;0;0.02;LAB;0.568;0.196;0.116;0.119;0.001;0;0;0
Dewsbury;Unknown (LAB gain from CON);5;Doncaster and Rotherham;81253;0.29;0.29;0.06;0.29;0.07;0;0;0.01;CON;0.031;0.956;0;0.013;0;0;0;0
Don Valley;Unknown (LAB gain from CON);5;Surrey East;75356;0.24;0.38;0.07;0.16;0.1;0;0;0.05;LAB;0.035;0.932;0;0.032;0;0;0;0
Doncaster Central;Rosie Winterton;5;Dorset;71389;0.29;0.12;0.33;0.18;0.07;0;0;0.01;LIB;0.01;0.962;0;0.028;0;0;0;0
Doncaster North;Ed Miliband;5;Dorset;72362;0.36;0.13;0.34;0.1;0.06;0;0;0.01;CON;0.062;0.938;0;0;0;0;0;0
Dorset Mid and Poole North;Michael Tomlinson;10;Dorset;65427;0.34;0.12;0.27;0.21;0.06;0;0;0.01;CON;0.75;0.009;0.241;0;0;0;0;0
Dorset North;Simon Hoare;10;Dorset;76765;0.28;0.27;0.16;0.22;0.07;0;0;0.01;CON;0.833;0.055;0.079;0.033;0;0;0;0
Dorset South;Unknown (LAB gain from CON);10;Kent East;73809;0.33;0.11;0.4;0.09;0.06;0;0;0.01;LIB;0.376;0.509;0.022;0.091;0.002;0;0;0
Dorset West;Chris Loder;10;Worcestershire;81897;0.23;0.32;0.08;0.27;0.08;0;0;0.01;LAB;0.678;0.015;0.307;0;0;0;0;0
Dover;Unknown (LAB gain from CON);12;Black Country;76355;0.36;0.2;0.11;0.23;0.09;0;0;0.01;CON;0.247;0.726;0;0.025;0.001;0;0;0
Dudley North;Unknown (LAB gain from CON);7;Lambeth and Wandsworth;61936;0.28;0.27;0.06;0.31;0.07;0;0;0.02;UKIP;0.222;0.756;0;0.021;0;0;0;0
Dudley South;Mike Wood;7;Croydon;60731;0.09;0.49;0.11;0.07;0.23;0;0;0.01;LAB;0.524;0.452;0;0.023;0;0;0;0
Dulwich and West Norwood;Helen Hayes;11;Bedfordshire;80331;0.29;0.28;0.14;0.22;0.07;0;0;0.01;CON;0;0.999;0;0.001;0;0;0;0
Durham North;Kevan Jones;3;County Durham;66796;0.17;0.31;0.11;0.3;0.09;0;0;0.02;LAB;0.002;0.98;0;0.018;0;0;0;0
Durham North West;Unknown (LAB gain from CON);3;County Durham;72166;0.15;0.36;0.15;0.22;0.11;0;0;0.01;LAB;0.009;0.958;0;0.032;0;0;0;0
Durham, City of;Mary Foy;3;West London;71271;0.17;0.41;0.14;0.1;0.16;0;0;0.02;LAB;0.005;0.97;0.003;0.021;0;0;0;0
Ealing Central and Acton;Rupa Huq;11;Southall;75510;0.19;0.41;0.09;0.15;0.13;0;0;0.03;LAB;0.001;0.996;0;0.002;0;0;0;0
Ealing North;James Murray;11;Southall;74473;0.17;0.43;0.09;0.12;0.14;0;0;0.05;LAB;0;0.999;0;0;0;0;0;0
Ealing Southall;Virendra Sharma;11;Berkshire;64581;0.32;0.33;0.15;0.09;0.1;0;0;0.01;LAB;0;0.999;0;0.001;0;0;0;0
Easington;Grahame Morris;3;County Durham;61182;0.15;0.36;0.06;0.34;0.08;0;0;0.02;LAB;0;0.981;0;0.019;0;0;0;0
East Ham;Stephen Timms;11;Sussex East;88319;0.35;0.22;0.19;0.09;0.11;0;0;0.03;CON;0;1;0;0;0;0;0;0
Eastbourne;Unknown (LIB gain from CON);12;Lea Valley;79307;0.14;0.44;0.08;0.11;0.17;0;0;0.06;LAB;0.193;0.007;0.78;0.019;0;0;0;0
Eastleigh;Unknown (LIB gain from CON);12;Sussex East;83880;0.25;0.11;0.39;0.18;0.06;0;0;0.01;LIB;0.311;0.088;0.543;0.057;0.001;0;0;0
Eddisbury;Unknown (LAB gain from CON);4;Southampton;73700;0.29;0.17;0.28;0.18;0.07;0;0;0.01;CON;0.349;0.598;0.005;0.047;0;0;0;0
Edmonton;Kate Osamor;11;Enfield and Haringey;65747;0.2;0.41;0.1;0.14;0.13;0;0;0.02;LAB;0;1;0;0;0;0;0;0
Ellesmere Port and Neston;Justin Madders;4;Wirral and Chester North;70327;0.14;0.43;0.08;0.23;0.1;0;0;0.01;LAB;0.003;0.985;0;0.011;0;0;0;0
Elmet and Rothwell;Unknown (LAB gain from CON);5;Bexley and Bromley;80957;0.24;0.36;0.09;0.2;0.1;0;0;0.01;LAB;0.262;0.698;0;0.04;0;0;0;0
Eltham;Clive Efford;11;Cambridgeshire South;64086;0.29;0.19;0.27;0.17;0.07;0;0;0.01;CON;0.008;0.985;0;0.006;0;0;0;0
Enfield North;Feryal Clark;11;Enfield and Haringey;68301;0.2;0.4;0.09;0.17;0.12;0;0;0.02;LAB;0.003;0.995;0;0.001;0;0;0;0
Enfield Southgate;Bambos Charalambous;11;Essex South West;65525;0.38;0.26;0.13;0.12;0.08;0;0;0.03;CON;0.017;0.978;0;0.004;0;0;0;0
Epping Forest;Eleanor Laing;9;Surrey East;74304;0.29;0.18;0.31;0.15;0.06;0;0;0.01;LIB;0.83;0.169;0.001;0;0;0;0;0
Epsom and Ewell;Chris Grayling;12;Derbyshire South;81138;0.24;0.31;0.08;0.27;0.08;0;0;0.01;LAB;0.473;0.358;0.066;0.1;0.003;0;0;0
Erewash;Unknown (LAB gain from CON);8;Bexley and Bromley;72523;0.15;0.43;0.08;0.19;0.13;0;0;0.02;LAB;0.1;0.881;0;0.018;0;0;0;0
Erith and Thamesmead;Abena Oppong-Asare;11;Runnymede;65399;0.27;0.12;0.41;0.13;0.05;0;0;0.01;LIB;0.001;0.993;0;0.005;0;0;0;0
Esher and Walton;Unknown (LIB gain from CON);12;Essex North;81184;0.32;0.28;0.12;0.19;0.08;0;0;0.01;CON;0.386;0.048;0.523;0.043;0;0;0;0
Exeter;Ben Bradshaw;10;Devon Central and East;82054;0.17;0.36;0.13;0.15;0.17;0;0;0.01;LAB;0.005;0.978;0;0.015;0.002;0;0;0
Fareham;Suella Braverman;12;Devon Central and East;78337;0.28;0.26;0.2;0.19;0.07;0;0;0.01;CON;0.724;0.217;0.027;0.031;0.001;0;0;0
Faversham and Kent Mid;Helen Whately;12;Portsmouth;73403;0.32;0.21;0.17;0.22;0.06;0;0;0.01;CON;0.661;0.271;0.01;0.058;0;0;0;0
Feltham and Heston;Seema Malhotra;11;Surrey West and Aldershot;80934;0.32;0.16;0.27;0.16;0.07;0;0;0.01;CON;0.002;0.995;0;0.003;0;0;0;0
Filton and Bradley Stoke;Unknown (LAB gain from CON);10;Medway and Maidstone;74016;0.29;0.24;0.1;0.25;0.1;0;0;0.01;CON;0.105;0.872;0.003;0.02;0;0;0;0
Finchley and Golders Green;Unknown (LAB gain from CON);11;South West London;77573;0.21;0.36;0.08;0.2;0.11;0;0;0.04;LAB;0.118;0.86;0.005;0.016;0;0;0;0
Folkestone and Hythe;Damian Collins;12;Avon North;88272;0.24;0.37;0.1;0.17;0.11;0;0;0.01;LAB;0.57;0.322;0.008;0.097;0.003;0;0;0
Forest of Dean;Unknown (LAB gain from CON);10;Brent Harrow Barnet;71438;0.3;0.38;0.1;0.1;0.1;0;0;0.01;LAB;0.324;0.508;0.006;0.151;0.011;0;0;0
Fylde;Unknown (LAB gain from CON);4;Kent South;66847;0.26;0.28;0.07;0.28;0.1;0;0;0.01;LAB;0.375;0.563;0;0.061;0;0;0;0
Gainsborough;Edward Leigh;8;Gloucestershire;76343;0.31;0.28;0.08;0.22;0.1;0;0;0.01;CON;0.446;0.454;0.016;0.083;0;0;0;0
Garston and Halewood;Maria Eagle;4;Somerset East and Weston;76116;0.24;0.16;0.29;0.18;0.12;0;0;0.01;LIB;0;0.999;0;0.001;0;0;0;0
Gateshead;Ian Mearns;3;Lancashire West;64449;0.31;0.28;0.07;0.25;0.06;0;0;0.03;CON;0;0.996;0;0.003;0;0;0;0
Gedling;Unknown (LAB gain from CON);8;Lincolnshire North;71366;0.31;0.23;0.11;0.28;0.06;0;0;0.01;CON;0.022;0.963;0;0.015;0;0;0;0
Gillingham and Rainham;Unknown (LAB gain from CON);12;Tyne and Wear South;73549;0.14;0.35;0.12;0.26;0.12;0;0;0.01;LAB;0.38;0.599;0;0.02;0;0;0;0
Gloucester;Unknown (LAB gain from CON);10;Nottinghamshire South;80901;0.22;0.37;0.08;0.23;0.09;0;0;0.01;LAB;0.129;0.834;0.003;0.033;0;0;0;0
Gosport;Caroline Dinenage;12;Medway and Maidstone;73541;0.27;0.3;0.08;0.25;0.08;0;0;0.01;LAB;0.661;0.287;0.014;0.037;0.001;0;0;0
Grantham and Stamford;Gareth Davies;8;Somerset East and Weston;81502;0.28;0.11;0.33;0.2;0.07;0;0;0.01;LIB;0.51;0.397;0.003;0.088;0.001;0;0;0
Gravesham;Unknown (LAB gain from CON);12;Gloucestershire;73242;0.27;0.3;0.12;0.21;0.08;0;0;0.02;LAB;0.383;0.596;0;0.021;0;0;0;0
Great Grimsby;Unknown (LAB gain from CON);5;Surrey West and Aldershot;61409;0.37;0.1;0.33;0.15;0.05;0;0;0.01;CON;0.056;0.904;0;0.039;0;0;0;0
Great Yarmouth;Unknown (LAB gain from CON);9;East Yorkshire;71957;0.33;0.25;0.08;0.25;0.07;0;0;0.01;CON;0.429;0.539;0;0.032;0;0;0;0
Greenwich and Woolwich;Matthew Pennycook;11;Manchester East;79997;0.12;0.39;0.07;0.21;0.17;0;0;0.04;LAB;0;0.999;0;0;0;0;0;0
Guildford;Unknown (LIB gain from CON);12;Portsmouth;77729;0.36;0.23;0.1;0.24;0.07;0;0;0.01;CON;0.238;0.09;0.621;0.05;0;0;0;0
Hackney North and Stoke Newington;Diane Abbott;11;Lincolnshire South;92462;0.32;0.23;0.07;0.27;0.08;0;0;0.03;CON;0;1;0;0;0;0;0;0
Hackney South and Shoreditch;Meg Hillier;11;Kent West;89387;0.3;0.3;0.07;0.25;0.08;0;0;0.01;CON;0;0.999;0;0.001;0;0;0;0
Halesowen and Rowley Regis;Unknown (LAB gain from CON);7;Lincolnshire North;68300;0.22;0.3;0.06;0.34;0.07;0;0;0.01;UKIP;0.237;0.746;0;0.016;0;0;0;0
Halifax;Holly Lynch;5;Norfolk North;71887;0.25;0.25;0.06;0.37;0.06;0;0;0.01;UKIP;0.008;0.978;0;0.014;0;0;0;0
Haltemprice and Howden;Unknown (LAB gain from CON);5;South East London;71083;0.12;0.45;0.11;0.11;0.19;0;0;0.02;LAB;0.433;0.503;0.002;0.061;0;0;0;0
Halton;Derek Twigg;4;Surrey West and Aldershot;71930;0.28;0.13;0.38;0.13;0.08;0;0;0.01;LIB;0;0.999;0;0.001;0;0;0;0
Hammersmith;Andy Slaughter;11;Hackney and Tower Hamlets;74759;0.09;0.47;0.08;0.07;0.27;0;0;0.02;LAB;0.001;0.998;0;0.001;0;0;0;0
Hampshire East;Damian Hinds;12;Hackney and Tower Hamlets;76478;0.07;0.47;0.08;0.07;0.29;0;0;0.02;LAB;0.658;0.1;0.183;0.057;0.001;0;0;0
Hampshire North East;Ranil Jayawardena;12;Black Country;78954;0.26;0.3;0.08;0.26;0.08;0;0;0.01;LAB;0.653;0.142;0.137;0.067;0;0;0;0
Hampshire North West;Kit Malthouse;12;Huddersfield and Halifax;83083;0.21;0.29;0.08;0.26;0.13;0;0;0.03;LAB;0.688;0.221;0.053;0.037;0;0;0;0
Hampstead and Kilburn;Tulip Siddiq;11;Southampton;86571;0.33;0.17;0.23;0.19;0.06;0;0;0.01;CON;0.002;0.989;0.002;0.006;0;0;0;0
Harborough;Unknown (LAB gain from CON);8;West London;80151;0.17;0.44;0.12;0.1;0.15;0;0;0.02;LAB;0.346;0.559;0.021;0.074;0;0;0;0
Harlow;Unknown (LAB gain from CON);9;Hampshire;68078;0.33;0.13;0.28;0.17;0.07;0;0;0.01;CON;0.276;0.702;0;0.022;0;0;0;0
Harrogate and Knaresborough;Andrew Jones;5;Hampshire;77941;0.33;0.13;0.31;0.16;0.05;0;0;0.01;CON;0.424;0.112;0.399;0.065;0;0;0;0
Harrow East;Unknown (LAB gain from CON);11;Hampshire;72106;0.31;0.25;0.15;0.2;0.08;0;0;0.01;CON;0.212;0.781;0;0.006;0;0;0;0
Harrow West;Gareth Thomas;11;Central London;72464;0.16;0.41;0.14;0.09;0.18;0;0;0.02;LAB;0.003;0.996;0;0;0;0;0;0
Hartlepool;Mike Hill;3;Leicestershire East and Rutland;70855;0.32;0.27;0.1;0.2;0.1;0;0;0.01;CON;0.409;0.528;0;0.063;0;0;0;0
Harwich and North Essex;Bernard Jenkin;9;Essex South West;74153;0.29;0.29;0.07;0.26;0.08;0;0;0.01;CON;0.508;0.433;0.013;0.046;0;0;0;0
Hastings and Rye;Unknown (LAB gain from CON);12;Hertfordshire West;80524;0.28;0.13;0.4;0.12;0.06;0;0;0.01;LIB;0.08;0.89;0;0.029;0;0;0;0
Havant;Alan Mak;12;York;72103;0.27;0.13;0.34;0.18;0.07;0;0;0.01;LIB;0.743;0.22;0.008;0.029;0;0;0;0
Hayes and Harlington;John McDonnell;11;Brent Harrow Barnet;72357;0.44;0.26;0.07;0.13;0.07;0;0;0.02;CON;0.001;0.997;0;0.002;0;0;0;0
Hazel Grove;Unknown (LIB gain from CON);4;Brent Harrow Barnet;63346;0.27;0.38;0.09;0.12;0.1;0;0;0.03;LAB;0.238;0.196;0.479;0.086;0;0;0;0
Hemel Hempstead;Unknown (LAB gain from CON);9;County Durham;74035;0.22;0.33;0.05;0.31;0.07;0;0;0.02;LAB;0.259;0.687;0.01;0.043;0;0;0;0
Hemsworth;Jon Trickett;5;Essex North;73726;0.32;0.27;0.1;0.24;0.08;0;0;0.01;CON;0.004;0.952;0;0.043;0;0;0;0
Hendon;Unknown (LAB gain from CON);11;Sussex East;82661;0.23;0.34;0.09;0.21;0.13;0;0;0.01;LAB;0.048;0.948;0;0.004;0;0;0;0
Henley;Unknown (LIB gain from CON);12;Portsmouth;76646;0.29;0.25;0.1;0.27;0.08;0;0;0.01;CON;0.376;0.061;0.489;0.07;0.004;0;0;0
Hereford and South Herefordshire;Jesse Norman;7;Southall;72085;0.21;0.42;0.07;0.17;0.1;0;0;0.02;LAB;0.531;0.334;0.033;0.099;0.003;0;0;0
Herefordshire North;Bill Wiggin;7;Manchester East;70252;0.2;0.22;0.29;0.21;0.07;0;0;0.01;LIB;0.771;0.086;0.046;0.092;0.004;0;0;0
Hertford and Stortford;Julie Marson;9;Hertfordshire West;81765;0.25;0.32;0.12;0.21;0.09;0;0;0.01;LAB;0.532;0.351;0.023;0.083;0.01;0;0;0
Hertfordshire North East;Oliver Heald;9;Brent Harrow Barnet;76123;0.32;0.33;0.08;0.13;0.11;0;0;0.02;LAB;0.476;0.465;0.013;0.045;0;0;0;0
Hertfordshire South West;Gagan Mohindra;9;Oxfordshire;80449;0.3;0.12;0.36;0.15;0.06;0;0;0.01;LIB;0.606;0.223;0.076;0.093;0.001;0;0;0
Hertsmere;Oliver Dowden;9;English Marches;73971;0.3;0.25;0.12;0.23;0.09;0;0;0.01;CON;0.627;0.345;0.002;0.025;0;0;0;0
Hexham;Guy Opperman;3;English Marches;61324;0.29;0.1;0.06;0.2;0.34;0;0;0.01;Green;0.491;0.508;0.001;0;0;0;0;0
Heywood and Middleton;Unknown (LAB gain from CON);4;Kent East;80162;0.32;0.25;0.08;0.26;0.08;0;0;0.01;CON;0.011;0.97;0;0.018;0;0;0;0
High Peak;Unknown (LAB gain from CON);8;Hertfordshire East;74265;0.27;0.33;0.1;0.19;0.1;0;0;0.01;LAB;0.035;0.953;0;0.012;0;0;0;0
Hitchin and Harpenden;Unknown (LIB gain from CON);9;Hertfordshire East;76323;0.28;0.3;0.12;0.2;0.09;0;0;0.01;LAB;0.314;0.287;0.352;0.047;0;0;0;0
Holborn and St Pancras;Keir Starmer;11;Hertfordshire West;86061;0.31;0.2;0.21;0.19;0.08;0;0;0.01;CON;0;0.999;0;0.001;0;0;0;0
Hornchurch and Upminster;Unknown (LAB gain from CON);11;Hertfordshire West;80765;0.38;0.25;0.1;0.19;0.07;0;0;0.01;CON;0.405;0.506;0.001;0.087;0.001;0;0;0
Hornsey and Wood Green;Catherine West;11;Northumberland;81814;0.33;0.38;0.08;0.11;0.08;0;0;0.02;LAB;0;0.991;0.005;0.003;0;0;0;0
Horsham;Jeremy Quin;12;Manchester North East;86730;0.2;0.32;0.08;0.3;0.06;0;0;0.04;LAB;0.461;0.178;0.293;0.066;0.001;0;0;0
Houghton and Sunderland South;Bridget Phillipson;3;Derbyshire North;68835;0.26;0.36;0.07;0.2;0.1;0;0;0.01;LAB;0.002;0.973;0;0.025;0;0;0;0
Hove;Peter Kyle;12;Leicestershire West;74313;0.31;0.17;0.19;0.25;0.06;0;0;0.01;CON;0.002;0.991;0;0.007;0;0;0;0
Huddersfield;Barry Sheerman;5;Hertfordshire East;65525;0.26;0.37;0.11;0.17;0.08;0;0;0.01;LAB;0.002;0.991;0;0.006;0;0;0;0
Hull East;Karl Turner;5;Central London;65745;0.1;0.43;0.1;0.1;0.19;0;0;0.07;LAB;0.002;0.955;0;0.043;0;0;0;0
Hull North;Diana Johnson;5;Devon Central and East;65515;0.31;0.1;0.35;0.18;0.05;0;0;0.01;LIB;0.001;0.988;0;0.01;0;0;0;0
Hull West and Hessle;Emma Hardy;5;Dagenham and Redbridge;60192;0.31;0.23;0.07;0.31;0.07;0;0;0.01;CON;0.002;0.95;0;0.047;0;0;0;0
Huntingdon;Unknown (LAB gain from CON);9;Enfield and Haringey;84657;0.09;0.51;0.14;0.07;0.18;0;0;0.01;LAB;0.34;0.54;0.044;0.074;0.001;0;0;0
Hyndburn;Unknown (LAB gain from CON);4;Sussex West;70842;0.31;0.14;0.31;0.16;0.06;0;0;0.01;CON;0.026;0.964;0;0.009;0;0;0;0
Ilford North;Wes Streeting;11;Tyne and Wear South;72973;0.15;0.34;0.08;0.33;0.08;0;0;0.01;LAB;0.009;0.99;0;0.001;0;0;0;0
Ilford South;Sam Tarry;11;South Coast;84972;0.14;0.45;0.09;0.12;0.17;0;0;0.02;LAB;0;1;0;0;0;0;0;0
Ipswich;Unknown (LAB gain from CON);9;Huddersfield and Halifax;75525;0.17;0.3;0.07;0.21;0.24;0;0;0.01;LAB;0.049;0.936;0;0.014;0;0;0;0
Isle of Wight;Unknown (LAB gain from CON);12;East Yorkshire;113021;0.13;0.31;0.11;0.35;0.1;0;0;0.01;UKIP;0.356;0.526;0.004;0.104;0.009;0;0;0
Islington North;Jeremy Corbyn;11;East Yorkshire;75162;0.15;0.36;0.1;0.26;0.11;0;0;0.02;LAB;0;0.998;0;0.001;0.001;0;0;0
Islington South and Finsbury;Emily Thornberry;11;East Yorkshire;70489;0.19;0.34;0.09;0.29;0.08;0;0;0.01;LAB;0;0.997;0;0.003;0;0;0;0
Jarrow;Kate Osborne;3;Cambridgeshire North;65103;0.32;0.28;0.11;0.2;0.08;0;0;0.01;CON;0.002;0.981;0;0.017;0;0;0;0
Keighley;Unknown (LAB gain from CON);5;Lancashire East;72778;0.26;0.26;0.06;0.27;0.14;0;0;0.01;UKIP;0.041;0.94;0;0.019;0;0;0;0
Kenilworth and Southam;Jeremy Wright;7;Dagenham and Redbridge;68154;0.24;0.35;0.07;0.16;0.09;0;0;0.09;LAB;0.598;0.217;0.118;0.066;0;0;0;0
Kensington;Unknown (LAB gain from CON);11;Dagenham and Redbridge;64609;0.19;0.38;0.07;0.14;0.14;0;0;0.07;LAB;0.062;0.923;0.002;0.012;0;0;0;0
Kettering;Unknown (LAB gain from CON);8;Suffolk West and Ipswich;73164;0.25;0.34;0.08;0.21;0.11;0;0;0.01;LAB;0.274;0.668;0;0.057;0;0;0;0
Kingston and Surbiton;Ed Davey;11;Isle of Wight and the New Forest;81975;0.29;0.17;0.11;0.25;0.16;0;0;0.01;CON;0.013;0.014;0.958;0.015;0;0;0;0
Kingswood;Unknown (LAB gain from CON);10;Isle of Wight and the New Forest;68972;0.28;0.31;0.1;0.22;0.08;0;0;0.01;LAB;0.184;0.778;0.002;0.035;0.001;0;0;0
Knowsley;George Howarth;4;Central London;84082;0.05;0.21;0.04;0.04;0.08;0;0.49;0.08;MIN;0;1;0;0;0;0;0;0
Lancashire West;Rosie Cooper;4;Central London;73347;0.09;0.44;0.12;0.1;0.23;0;0;0.02;LAB;0.009;0.988;0;0.003;0;0;0;0
Lancaster and Fleetwood;Cat Smith;4;Tyne and Wear South;70059;0.12;0.37;0.07;0.31;0.1;0;0;0.01;LAB;0.01;0.968;0;0.021;0.001;0;0;0
Leeds Central;Hilary Benn;5;Bradford;90971;0.34;0.3;0.06;0.19;0.08;0;0;0.02;CON;0;0.999;0;0.001;0;0;0;0
Leeds East;Richard Burgon;5;Warwickshire;67286;0.33;0.23;0.18;0.17;0.08;0;0;0.01;CON;0.001;0.987;0;0.012;0;0;0;0
Leeds North East;Fabian Hamilton;5;West London;70580;0.28;0.35;0.1;0.11;0.13;0;0;0.03;LAB;0;0.997;0;0.003;0;0;0;0
Leeds North West;Alex Sobel;5;Northamptonshire;67741;0.26;0.29;0.06;0.24;0.14;0;0;0.01;LAB;0.002;0.981;0.004;0.012;0.001;0;0;0
Leeds West;Rachel Reeves;5;South West London;67727;0.18;0.18;0.4;0.13;0.09;0;0;0.02;LIB;0;0.996;0;0.004;0;0;0;0
Leicester East;Claudia Webbe;8;Staffordshire South;78433;0.37;0.22;0.07;0.26;0.06;0;0;0.01;CON;0.004;0.993;0;0.003;0;0;0;0
Leicester South;Jonathan Ashworth;8;Merseyside East and Warrington;77708;0.09;0.48;0.07;0.22;0.12;0;0;0.01;LAB;0.001;0.997;0;0.002;0;0;0;0
Leicester West;Liz Kendall;8;Lancashire South;64940;0.2;0.38;0.08;0.23;0.1;0;0;0.01;LAB;0;0.995;0;0.004;0;0;0;0
Leicestershire North West;Unknown (LAB gain from CON);8;Lancashire West;78935;0.23;0.33;0.07;0.21;0.15;0;0;0.01;LAB;0.266;0.69;0;0.042;0;0;0;0
Leicestershire South;Alberto Costa;8;Leeds;80520;0.11;0.34;0.11;0.11;0.3;0;0;0.02;LAB;0.468;0.479;0.002;0.051;0;0;0;0
Leigh;Unknown (LAB gain from CON);4;Leeds;77417;0.18;0.35;0.07;0.25;0.13;0;0;0.02;LAB;0.018;0.961;0;0.02;0;0;0;0
Lewes;Unknown (LIB gain from CON);12;Leeds;71503;0.16;0.43;0.08;0.13;0.16;0;0;0.03;LAB;0.119;0.001;0.846;0.032;0.001;0;0;0
Lewisham Deptford;Vicky Foxcroft;11;Leeds;80631;0.21;0.38;0.12;0.17;0.1;0;0;0.01;LAB;0;1;0;0;0;0;0;0
Lewisham East;Janet Daby;11;Leeds;67857;0.15;0.39;0.08;0.13;0.22;0;0;0.04;LAB;0;0.998;0;0.002;0;0;0;0
Lewisham West and Penge;Ellie Reeves;11;Leeds;74617;0.22;0.34;0.07;0.26;0.1;0;0;0.01;LAB;0;0.997;0;0.003;0;0;0;0
Leyton and Wanstead;John Cryer;11;Leeds;64852;0.18;0.38;0.07;0.22;0.13;0;0;0.02;LAB;0;0.999;0;0.001;0;0;0;0
Lichfield;Michael Fabricant;7;Leicestershire East and Rutland;76616;0.29;0.24;0.13;0.17;0.1;0;0;0.07;CON;0.676;0.298;0.002;0.023;0;0;0;0
Lincoln;Unknown (LAB gain from CON);8;Leicestershire East and Rutland;74942;0.11;0.21;0.05;0.1;0.11;0;0.35;0.07;MIN;0.022;0.963;0;0.015;0;0;0;0
Liverpool Riverside;Kim Johnson;4;Leicestershire East and Rutland;80310;0.19;0.33;0.08;0.22;0.16;0;0;0.02;LAB;0;1;0;0;0;0;0;0
Liverpool Walton;Dan Carden;4;Leicestershire West;62628;0.32;0.26;0.07;0.25;0.09;0;0;0.01;CON;0;1;0;0;0;0;0;0
Liverpool Wavertree;Paula Barker;4;Leicestershire West;63458;0.29;0.28;0.06;0.26;0.08;0;0;0.02;CON;0;0.999;0;0.001;0;0;0;0
Liverpool West Derby;Ian Byrne;4;Leicestershire West;65640;0.31;0.22;0.13;0.26;0.07;0;0;0.01;CON;0;1;0;0;0;0;0;0
Loughborough;Unknown (LAB gain from CON);8;Manchester North West;79764;0.17;0.35;0.07;0.31;0.08;0;0;0.01;LAB;0.064;0.926;0;0.009;0;0;0;0
Louth and Horncastle;Victoria Atkins;8;Sussex East;79634;0.26;0.12;0.39;0.17;0.06;0;0;0.01;LIB;0.627;0.265;0;0.107;0;0;0;0
Ludlow;Philip Dunne;7;South East London;69444;0.12;0.47;0.09;0.13;0.17;0;0;0.02;LAB;0.766;0.119;0.061;0.053;0;0;0;0
Luton North;Sarah Owen;9;South East London;68185;0.07;0.47;0.1;0.08;0.26;0;0;0.02;LAB;0.002;0.994;0;0.003;0;0;0;0
Luton South;Rachel Hopkins;9;South East London;69338;0.08;0.5;0.1;0.08;0.22;0;0;0.01;LAB;0.004;0.99;0;0.005;0;0;0;0
Macclesfield;Unknown (LAB gain from CON);4;Lea Valley;76216;0.13;0.43;0.09;0.11;0.19;0;0;0.04;LAB;0.193;0.776;0;0.031;0;0;0;0
Maidenhead;Theresa May;12;Staffordshire South;76668;0.31;0.29;0.1;0.24;0.06;0;0;0.01;CON;0.857;0.091;0.05;0;0.001;0;0;0
Maidstone and The Weald;Helen Grant;12;Lincolnshire North;76109;0.22;0.33;0.09;0.24;0.11;0;0;0.02;LAB;0.603;0.255;0.077;0.064;0;0;0;0
Makerfield;Yvonne Fovargue;4;Merseyside East and Warrington;74190;0.11;0.47;0.1;0.17;0.12;0;0;0.04;LAB;0.004;0.979;0;0.016;0;0;0;0
Maldon;John Whittingdale;9;Merseyside West and Liverpool;72438;0.08;0.43;0.09;0.15;0.24;0;0;0.02;LAB;0.819;0.123;0.01;0.047;0;0;0;0
Manchester Central;Lucy Powell;4;Merseyside West and Liverpool;92247;0.08;0.51;0.07;0.21;0.12;0;0;0.01;LAB;0;1;0;0;0;0;0;0
Manchester Gorton;Afzal Khan;4;Merseyside West and Liverpool;76419;0.09;0.44;0.1;0.13;0.21;0;0;0.02;LAB;0;1;0;0;0;0;0;0
Manchester Withington;Jeff Smith;4;Merseyside West and Liverpool;76530;0.09;0.5;0.07;0.19;0.12;0;0;0.03;LAB;0;1;0;0;0;0;0;0
Mansfield;Unknown (LAB gain from CON);8;Leicestershire West;77131;0.26;0.32;0.09;0.22;0.11;0;0;0.01;LAB;0.119;0.836;0;0.045;0;0;0;0
Meon Valley;Flick Drummond;12;Lincolnshire South;75737;0.33;0.19;0.07;0.32;0.07;0;0;0.02;CON;0.77;0.07;0.124;0.036;0;0;0;0
Meriden;Saqib Bhatti;7;Suffolk East;85368;0.28;0.27;0.07;0.28;0.09;0;0;0.01;CON;0.684;0.274;0.003;0.037;0.001;0;0;0
Middlesbrough;Andy McDonald;3;Bedfordshire;60764;0.23;0.34;0.08;0.19;0.1;0;0;0.06;LAB;0.001;0.991;0;0.008;0;0;0;0
Middlesbrough South and Cleveland East;Unknown (LAB gain from CON);3;Bedfordshire;72348;0.21;0.33;0.09;0.19;0.11;0;0;0.06;LAB;0.24;0.76;0;0;0;0;0;0
Milton Keynes North;Unknown (LAB gain from CON);12;Cheshire;91545;0.26;0.38;0.08;0.19;0.08;0;0;0.01;LAB;0.067;0.91;0;0.022;0;0;0;0
Milton Keynes South;Unknown (LAB gain from CON);12;Buckinghamshire South;96363;0.33;0.16;0.33;0.09;0.07;0;0;0.02;CON;0.049;0.935;0.001;0.014;0;0;0;0
Mitcham and Morden;Siobhain McDonagh;11;Medway and Maidstone;70021;0.28;0.24;0.14;0.23;0.1;0;0;0.01;CON;0;0.998;0;0.002;0;0;0;0
Mole Valley;Unknown (LIB gain from CON);12;Lancashire South;74665;0.15;0.34;0.09;0.34;0.08;0;0;0.01;LAB;0.457;0.021;0.478;0.042;0;0;0;0
Morecambe and Lunesdale;Unknown (LAB gain from CON);4;Essex South East;67397;0.35;0.18;0.12;0.28;0.06;0;0;0.01;CON;0.06;0.901;0;0.037;0.001;0;0;0
Morley and Outwood;Unknown (LAB gain from CON);5;Manchester Central and Trafford;78803;0.1;0.38;0.1;0.17;0.22;0;0;0.03;LAB;0.049;0.913;0;0.037;0;0;0;0
New Forest East;Julian Lewis;12;Manchester Central and Trafford;73549;0.1;0.37;0.06;0.11;0.31;0;0;0.05;LAB;0.767;0.131;0.048;0.053;0;0;0;0
New Forest West;Desmond Swayne;12;Manchester Central and Trafford;70866;0.08;0.43;0.14;0.08;0.24;0;0;0.02;LAB;0.844;0.079;0.026;0.049;0.001;0;0;0
Newark;Unknown (LAB gain from CON);8;Nottinghamshire North;75850;0.27;0.29;0.05;0.3;0.07;0;0;0.01;UKIP;0.398;0.541;0.002;0.059;0;0;0;0
Newbury;Unknown (LIB gain from CON);12;Wiltshire South;83414;0.31;0.12;0.31;0.18;0.06;0;0;0.01;CON;0.438;0.046;0.469;0.046;0;0;0;0
Newcastle upon Tyne Central;Chi Onwurah;3;Leicestershire East and Rutland;57845;0.33;0.22;0.07;0.26;0.1;0;0;0.01;CON;0;0.998;0;0.002;0;0;0;0
Newcastle upon Tyne East;Nick Brown;3;Coventry and Meriden;63796;0.34;0.23;0.1;0.24;0.08;0;0;0.01;CON;0;0.998;0;0.002;0;0;0;0
Newcastle upon Tyne North;Catherine McKinnell;3;Teesside;68486;0.19;0.34;0.07;0.27;0.1;0;0;0.03;LAB;0.003;0.974;0;0.022;0;0;0;0
Newcastle-under-Lyme;Unknown (LAB gain from CON);7;Teesside;68211;0.35;0.33;0.08;0.15;0.07;0;0;0.02;CON;0.134;0.848;0;0.018;0;0;0;0
Newton Abbot;Anne Marie Morris;10;Buckinghamshire North;72529;0.25;0.35;0.12;0.17;0.11;0;0;0.01;LAB;0.389;0.243;0.269;0.098;0;0;0;0
Norfolk Mid;George Freeman;9;Buckinghamshire North;82203;0.27;0.35;0.1;0.18;0.09;0;0;0.01;LAB;0.578;0.368;0.012;0.042;0;0;0;0
Norfolk North;Unknown (LIB gain from CON);9;Wimbledon and Sutton;70729;0.15;0.45;0.11;0.14;0.14;0;0;0.02;LAB;0.228;0.003;0.744;0.025;0;0;0;0
Norfolk North West;James Wild;9;Lancashire West;72080;0.26;0.32;0.12;0.22;0.07;0;0;0.01;LAB;0.523;0.423;0.003;0.051;0;0;0;0
Norfolk South;Richard Bacon;9;Isle of Wight and the New Forest;86214;0.35;0.19;0.15;0.22;0.08;0;0;0.01;CON;0.483;0.418;0.035;0.062;0.001;0;0;0
Norfolk South West;Liz Truss;9;Isle of Wight and the New Forest;78455;0.33;0.21;0.17;0.21;0.07;0;0;0.01;CON;0.655;0.297;0.003;0.045;0;0;0;0
Normanton, Pontefract and Castleford;Yvette Cooper;5;Nottinghamshire North;84527;0.34;0.27;0.08;0.23;0.07;0;0;0.02;CON;0.005;0.962;0;0.033;0;0;0;0
Northampton North;Unknown (LAB gain from CON);8;Berkshire;58768;0.31;0.12;0.32;0.16;0.08;0;0;0.01;LIB;0.059;0.926;0;0.015;0;0;0;0
Northampton South;Unknown (LAB gain from CON);8;Tyne and Wear North;62163;0.14;0.36;0.08;0.25;0.13;0;0;0.04;LAB;0.042;0.942;0;0.016;0;0;0;0
Northamptonshire South;Andrea Leadsom;8;Tyne and Wear North;90842;0.11;0.37;0.09;0.24;0.16;0;0;0.02;LAB;0.527;0.419;0.002;0.051;0;0;0;0
Norwich North;Unknown (LAB gain from CON);9;Tyne and Wear North;67172;0.15;0.39;0.13;0.17;0.15;0;0;0.01;LAB;0.091;0.892;0;0.016;0;0;0;0
Norwich South;Clive Lewis;9;Staffordshire North;77845;0.27;0.31;0.08;0.25;0.08;0;0;0.01;LAB;0.002;0.977;0.001;0.015;0.004;0;0;0
Nottingham East;Nadia Whittome;8;Devon Central and East;66262;0.27;0.17;0.26;0.22;0.06;0;0;0.02;CON;0;1;0;0;0;0;0;0
Nottingham North;Alex Norris;8;County Durham;66495;0.2;0.34;0.07;0.29;0.08;0;0;0.01;LAB;0.001;0.993;0;0.005;0;0;0;0
Nottingham South;Lilian Greenwood;8;Norfolk South;79485;0.33;0.24;0.09;0.25;0.08;0;0;0.01;CON;0.001;0.998;0;0.001;0;0;0;0
Nuneaton;Unknown (LAB gain from CON);7;Norfolk North;70226;0.33;0.1;0.32;0.2;0.05;0;0;0.01;CON;0.293;0.684;0;0.023;0;0;0;0
Old Bexley and Sidcup;James Brokenshire;11;Norfolk North;66104;0.33;0.21;0.14;0.25;0.07;0;0;0.01;CON;0.86;0.126;0;0.014;0;0;0;0
Oldham East and Saddleworth;Debbie Abrahams;4;Norfolk South;72120;0.27;0.3;0.13;0.19;0.1;0;0;0.01;LAB;0.021;0.951;0.001;0.026;0;0;0;0
Oldham West and Royton;Jim McMahon;4;Norfolk South;72999;0.28;0.24;0.08;0.28;0.07;0;0;0.04;CON;0.002;0.994;0;0.004;0;0;0;0
Orpington;Gareth Bacon;11;Wakefield and Dewsbury;68877;0.16;0.34;0.07;0.33;0.09;0;0;0.01;LAB;0.783;0.191;0.004;0.021;0;0;0;0
Oxford East;Anneliese Dodds;12;Northamptonshire;78303;0.22;0.34;0.08;0.24;0.1;0;0;0.03;LAB;0.013;0.985;0.001;0;0.001;0;0;0
Oxford West and Abingdon;Layla Moran;12;Northamptonshire;76951;0.26;0.31;0.09;0.25;0.09;0;0;0.01;LAB;0.039;0.012;0.937;0.011;0;0;0;0
Pendle;Unknown (LAB gain from CON);4;Northamptonshire;65289;0.31;0.25;0.1;0.24;0.08;0;0;0.02;CON;0.06;0.912;0;0.028;0;0;0;0
Penistone and Stocksbridge;Unknown (LAB gain from CON);5;Northumberland;70925;0.25;0.31;0.11;0.23;0.07;0;0;0.03;LAB;0.06;0.862;0.001;0.076;0;0;0;0
Penrith and The Border;Unknown (LAB gain from CON);4;Norfolk North;67555;0.22;0.36;0.08;0.22;0.11;0;0;0.01;LAB;0.371;0.512;0.017;0.098;0.001;0;0;0
Peterborough;Unknown (LAB gain from CON);9;Norfolk South;72560;0.14;0.38;0.11;0.14;0.21;0;0;0.01;LAB;0.044;0.936;0;0.019;0;0;0;0
Plymouth Moor View;Unknown (LAB gain from CON);10;Nottinghamshire South;69430;0.13;0.41;0.09;0.15;0.19;0;0;0.04;LAB;0.191;0.785;0;0.024;0;0;0;0
Plymouth Sutton and Devonport;Luke Pollard;10;Nottinghamshire South;77852;0.19;0.34;0.07;0.26;0.13;0;0;0.01;LAB;0.006;0.986;0;0.008;0;0;0;0
Poole;Unknown (LAB gain from CON);10;Nottinghamshire South;73989;0.18;0.34;0.1;0.2;0.15;0;0;0.03;LAB;0.421;0.444;0.036;0.097;0.001;0;0;0
Poplar and Limehouse;Apsana Begum;11;Warwickshire;91836;0.28;0.29;0.07;0.26;0.09;0;0;0.01;LAB;0;0.999;0;0.001;0;0;0;0
Portsmouth North;Unknown (LAB gain from CON);12;Bexley and Bromley;71299;0.34;0.25;0.07;0.25;0.07;0;0;0.01;CON;0.25;0.698;0.002;0.049;0;0;0;0
Portsmouth South;Stephen Morgan;12;Manchester North East;74186;0.2;0.3;0.1;0.26;0.09;0;0;0.05;LAB;0.012;0.958;0.006;0.023;0;0;0;0
Preston;Mark Hendrick;4;Manchester North East;59672;0.17;0.31;0.06;0.27;0.1;0;0;0.08;LAB;0;0.998;0;0.002;0;0;0;0
Pudsey;Unknown (LAB gain from CON);5;Bexley and Bromley;73212;0.34;0.24;0.11;0.23;0.07;0;0;0.01;CON;0.041;0.947;0;0.012;0;0;0;0
Putney;Fleur Anderson;11;Wakefield and Dewsbury;65556;0.26;0.31;0.07;0.27;0.08;0;0;0.02;LAB;0.014;0.978;0.002;0.006;0;0;0;0
Rayleigh and Wickford;Mark Francois;9;Oxfordshire;78930;0.15;0.43;0.12;0.07;0.19;0;0;0.05;LAB;0.753;0.184;0.002;0.06;0;0;0;0
Reading East;Matt Rodda;12;Oxfordshire;77152;0.19;0.17;0.4;0.12;0.11;0;0;0.01;LIB;0.019;0.963;0;0.016;0.001;0;0;0
Reading West;Unknown (LAB gain from CON);12;South East London;74137;0.08;0.46;0.1;0.09;0.25;0;0;0.02;LAB;0.082;0.898;0;0.02;0;0;0;0
Redcar;Unknown (LAB gain from CON);3;Lancashire East;65864;0.3;0.28;0.07;0.25;0.07;0;0;0.03;CON;0.027;0.916;0;0.057;0;0;0;0
Redditch;Unknown (LAB gain from CON);7;Barnsley and Sheffield West;65391;0.23;0.34;0.08;0.27;0.07;0;0;0.01;LAB;0.431;0.548;0;0.02;0;0;0;0
Reigate;Crispin Blunt;12;Cumbria;74242;0.27;0.32;0.11;0.23;0.07;0;0;0.01;LAB;0.58;0.285;0.05;0.079;0.005;0;0;0
Ribble South;Unknown (LAB gain from CON);4;Cambridgeshire North;75351;0.3;0.28;0.07;0.21;0.09;0;0;0.04;CON;0.148;0.832;0;0.02;0;0;0;0
Ribble Valley;Unknown (LAB gain from CON);4;Devon South;79247;0.26;0.32;0.07;0.27;0.07;0;0;0.01;LAB;0.382;0.58;0;0.038;0;0;0;0
Richmond;Rishi Sunak;5;Devon South;82569;0.18;0.38;0.09;0.2;0.12;0;0;0.02;LAB;0.634;0.288;0.006;0.072;0;0;0;0
Richmond Park;Sarah Olney;11;Wakefield and Dewsbury;82699;0.17;0.34;0.06;0.33;0.08;0;0;0.01;LAB;0.053;0.008;0.925;0.014;0;0;0;0
Rochdale;Tony Lloyd;4;Bournemouth;78909;0.3;0.27;0.13;0.22;0.07;0;0;0.01;CON;0.001;0.991;0;0.008;0;0;0;0
Rochester and Strood;Unknown (LAB gain from CON);12;Hackney and Tower Hamlets;82056;0.13;0.38;0.12;0.12;0.21;0;0;0.05;LAB;0.267;0.691;0;0.041;0;0;0;0
Rochford and Southend East;Unknown (LAB gain from CON);9;Portsmouth;75624;0.3;0.28;0.09;0.25;0.07;0;0;0.01;CON;0.225;0.745;0.001;0.027;0.001;0;0;0
Romford;Andrew Rosindell;11;Portsmouth;72350;0.16;0.38;0.14;0.18;0.13;0;0;0.01;LAB;0.516;0.468;0;0.016;0;0;0;0
Romsey and Southampton North;Caroline Nokes;12;Lancashire West;68228;0.18;0.31;0.1;0.23;0.11;0;0;0.08;LAB;0.471;0.078;0.419;0.031;0;0;0;0
Rossendale and Darwen;Unknown (LAB gain from CON);4;Lambeth and Wandsworth;72770;0.2;0.42;0.14;0.1;0.13;0;0;0.01;LAB;0.083;0.901;0;0.016;0;0;0;0
Rother Valley;Unknown (LAB gain from CON);5;West London;74804;0.13;0.43;0.11;0.1;0.19;0;0;0.03;LAB;0.066;0.859;0;0.075;0;0;0;0
Rotherham;Sarah Champion;5;Doncaster and Rotherham;61688;0.16;0.35;0.06;0.33;0.09;0;0;0.01;LAB;0;0.916;0;0.083;0;0;0;0
Rugby;Unknown (LAB gain from CON);7;Essex South East;72292;0.34;0.21;0.1;0.29;0.06;0;0;0.01;CON;0.287;0.685;0.003;0.024;0.001;0;0;0
Ruislip, Northwood and Pinner;David Simmonds;11;Berkshire;72816;0.19;0.4;0.11;0.12;0.17;0;0;0.01;LAB;0.626;0.358;0.002;0.013;0;0;0;0
Runnymede and Weybridge;Ben Spencer;12;Berkshire;77196;0.29;0.3;0.12;0.18;0.09;0;0;0.01;LAB;0.513;0.402;0.027;0.056;0.001;0;0;0
Rushcliffe;Unknown (LAB gain from CON);8;Teesside;77047;0.28;0.3;0.07;0.27;0.07;0;0;0.01;LAB;0.123;0.851;0.003;0.023;0;0;0;0
Rutland and Melton;Alicia Kearns;8;Worcestershire;82705;0.31;0.28;0.08;0.25;0.07;0;0;0.01;CON;0.597;0.276;0.009;0.116;0.002;0;0;0
Saffron Walden;Kemi Badenoch;9;Surrey East;87017;0.31;0.26;0.13;0.18;0.1;0;0;0.01;CON;0.649;0.189;0.088;0.072;0.001;0;0;0
Salford and Eccles;Rebecca Long-Bailey;4;Lancashire West;82202;0.3;0.29;0.1;0.23;0.06;0;0;0.01;CON;0;0.998;0;0.002;0;0;0;0
Salisbury;John Glen;10;North Yorkshire;74556;0.39;0.2;0.1;0.23;0.07;0;0;0.02;CON;0.594;0.295;0.073;0.038;0;0;0;0
Scarborough and Whitby;Unknown (LAB gain from CON);5;South West London;74404;0.2;0.16;0.43;0.1;0.1;0;0;0.01;LIB;0.132;0.841;0;0.027;0;0;0;0
Scunthorpe;Unknown (LAB gain from CON);5;Manchester North East;61955;0.16;0.31;0.09;0.26;0.09;0;0;0.09;LAB;0.054;0.922;0;0.023;0.001;0;0;0
Sedgefield;Unknown (LAB gain from CON);3;Medway and Maidstone;64325;0.28;0.29;0.07;0.27;0.08;0;0;0.01;LAB;0.022;0.937;0;0.04;0;0;0;0
Sefton Central;Bill Esterson;4;Dagenham and Redbridge;69760;0.32;0.26;0.07;0.26;0.07;0;0;0.01;CON;0;0.997;0;0.003;0;0;0;0
Selby and Ainsty;Unknown (LAB gain from CON);5;Southampton;78398;0.35;0.12;0.29;0.16;0.06;0;0;0.01;CON;0.341;0.633;0;0.026;0;0;0;0
Sevenoaks;Laura Trott;12;Lancashire East;71757;0.26;0.32;0.06;0.27;0.08;0;0;0.01;LAB;0.741;0.133;0.075;0.049;0.001;0;0;0
Sheffield Brightside and Hillsborough;Gill Furniss;5;Doncaster and Rotherham;69333;0.31;0.29;0.06;0.26;0.07;0;0;0.01;CON;0.006;0.993;0;0;0;0;0;0
Sheffield Central;Paul Blomfield;5;Doncaster and Rotherham;89849;0.08;0.34;0.09;0.34;0.11;0;0;0.03;LAB;0.004;0.989;0;0;0.007;0;0;0
Sheffield Hallam;Olivia Blake;5;Warwickshire;72763;0.29;0.33;0.09;0.21;0.08;0;0;0.01;LAB;0.072;0.569;0.359;0;0;0;0;0
Sheffield Heeley;Louise Haigh;5;Southall;66940;0.38;0.26;0.11;0.16;0.08;0;0;0.01;CON;0.019;0.981;0;0;0;0;0;0
Sheffield South East;Clive Betts;5;Cheshire;67832;0.17;0.4;0.08;0.24;0.1;0;0;0.01;LAB;0.037;0.963;0;0;0;0;0;0
Sherwood;Unknown (LAB gain from CON);8;Runnymede;77888;0.34;0.2;0.2;0.18;0.07;0;0;0.01;CON;0.125;0.838;0;0.037;0;0;0;0
Shipley;Unknown (LAB gain from CON);5;Nottinghamshire South;74029;0.27;0.36;0.08;0.17;0.1;0;0;0.01;LAB;0.094;0.88;0;0.024;0;0;0;0
Shrewsbury and Atcham;Unknown (LAB gain from CON);7;Leicestershire East and Rutland;82238;0.37;0.2;0.12;0.22;0.08;0;0;0.01;CON;0.229;0.731;0.003;0.036;0;0;0;0
Shropshire North;Owen Paterson;7;Manchester North West;83258;0.12;0.39;0.09;0.2;0.19;0;0;0.02;LAB;0.531;0.038;0.391;0.038;0.001;0;0;0
Sittingbourne and Sheppey;Gordon Henderson;12;Wiltshire South;83917;0.31;0.25;0.21;0.16;0.07;0;0;0.01;CON;0.487;0.456;0.001;0.055;0;0;0;0
Skipton and Ripon;Julian Smith;5;North Yorkshire;78673;0.26;0.31;0.07;0.28;0.07;0;0;0.01;LAB;0.468;0.377;0.016;0.137;0.001;0;0;0
Sleaford and North Hykeham;Caroline Johnson;8;Lincolnshire North;94761;0.27;0.3;0.06;0.29;0.07;0;0;0.02;LAB;0.542;0.376;0.001;0.081;0;0;0;0
Slough;Tan Dhesi;12;Merseyside West and Liverpool;86818;0.19;0.44;0.09;0.18;0.1;0;0;0.01;LAB;0;0.993;0;0.006;0;0;0;0
Solihull;Julian Knight;7;York;78760;0.24;0.36;0.07;0.25;0.08;0;0;0.01;LAB;0.76;0.151;0.04;0.047;0.001;0;0;0
Somerset North;Liam Fox;10;Kent West;80194;0.33;0.15;0.22;0.23;0.06;0;0;0.01;CON;0.431;0.404;0.075;0.086;0.003;0;0;0
Somerset North East;Unknown (LAB gain from CON);10;Sheffield;73692;0.16;0.39;0.08;0.14;0.18;0;0;0.05;LAB;0.251;0.54;0.148;0.06;0;0;0;0
Somerton and Frome;Unknown (LIB gain from CON);10;Sheffield;85866;0.1;0.38;0.1;0.06;0.31;0;0;0.03;LAB;0.147;0.002;0.83;0.019;0;0;0;0
South Holland and The Deepings;John Hayes;8;Barnsley and Sheffield West;75975;0.14;0.4;0.26;0.07;0.12;0;0;0.02;LAB;0.648;0.234;0;0.118;0;0;0;0
South Shields;Emma Lewell-Buck;3;Sheffield;62793;0.15;0.42;0.11;0.11;0.18;0;0;0.03;LAB;0.001;0.956;0;0.043;0;0;0;0
Southampton Itchen;Unknown (LAB gain from CON);12;Sheffield;72299;0.2;0.39;0.11;0.14;0.12;0;0;0.04;LAB;0.032;0.955;0.001;0.012;0;0;0;0
Southampton Test;Alan Whitehead;12;Nottinghamshire North;70116;0.26;0.3;0.06;0.29;0.07;0;0;0.01;LAB;0.007;0.979;0.001;0.012;0;0;0;0
Southend West;David Amess;9;Bradford;69043;0.25;0.36;0.06;0.21;0.1;0;0;0.02;LAB;0.709;0.271;0.002;0.018;0;0;0;0
Southport;Unknown (LAB gain from CON);4;English Marches;70837;0.22;0.36;0.14;0.19;0.08;0;0;0.01;LAB;0.142;0.825;0.001;0.032;0;0;0;0
Spelthorne;Kwasi Kwarteng;12;English Marches;70929;0.23;0.11;0.4;0.2;0.05;0;0;0.01;LIB;0.555;0.368;0.017;0.058;0.001;0;0;0
St Albans;Daisy Cooper;9;English Marches;73727;0.32;0.15;0.25;0.22;0.05;0;0;0.01;CON;0.043;0.022;0.923;0.012;0;0;0;0
St Austell and Newquay;Unknown (LAB gain from CON);10;Medway and Maidstone;79930;0.29;0.25;0.06;0.29;0.07;0;0;0.03;CON;0.42;0.477;0.032;0.07;0.001;0;0;0
St Helens North;Conor McGinn;4;North Yorkshire;75593;0.31;0.27;0.09;0.22;0.09;0;0;0.02;CON;0.001;0.989;0;0.01;0;0;0;0
St Helens South and Whiston;Marie Rimmer;4;Lincolnshire South;79061;0.32;0.23;0.07;0.28;0.07;0;0;0.02;CON;0;0.991;0;0.009;0;0;0;0
St Ives;Unknown (LIB gain from CON);10;Runnymede;68795;0.21;0.35;0.08;0.17;0.11;0;0;0.09;LAB;0.132;0.029;0.772;0.066;0;0;0;0
Stafford;Unknown (LAB gain from CON);7;Black Country;72572;0.17;0.38;0.07;0.22;0.12;0;0;0.04;LAB;0.309;0.659;0.002;0.029;0;0;0;0
Staffordshire Moorlands;Karen Bradley;7;Birmingham South;65485;0.32;0.23;0.16;0.19;0.09;0;0;0.01;CON;0.486;0.488;0.001;0.023;0.001;0;0;0
Staffordshire South;Gavin Williamson;7;Avon South;73668;0.31;0.31;0.14;0.15;0.08;0;0;0.01;CON;0.847;0.128;0;0.025;0;0;0;0
Stalybridge and Hyde;Jonathan Reynolds;4;Avon South;73064;0.28;0.34;0.1;0.19;0.08;0;0;0.01;LAB;0.008;0.983;0;0.008;0;0;0;0
Stevenage;Unknown (LAB gain from CON);9;Lincolnshire South;71562;0.34;0.18;0.06;0.32;0.06;0;0;0.03;CON;0.113;0.867;0;0.019;0;0;0;0
Stockport;Navendu Mishra;4;Lancashire South;65391;0.26;0.33;0.08;0.25;0.07;0;0;0.01;LAB;0;0.989;0;0.011;0;0;0;0
Stockton North;Alex Cunningham;3;Tyne and Wear South;66649;0.14;0.32;0.07;0.28;0.16;0;0;0.03;LAB;0.01;0.975;0;0.015;0;0;0;0
Stockton South;Unknown (LAB gain from CON);3;Southampton;76870;0.24;0.33;0.1;0.22;0.11;0;0;0.01;LAB;0.049;0.937;0;0.014;0;0;0;0
Stoke-on-Trent Central;Unknown (LAB gain from CON);7;Southampton;55419;0.19;0.35;0.12;0.19;0.14;0;0;0.02;LAB;0.014;0.976;0;0.01;0;0;0;0
Stoke-on-Trent North;Unknown (LAB gain from CON);7;Essex South East;68298;0.27;0.31;0.08;0.23;0.09;0;0;0.01;LAB;0.068;0.908;0;0.024;0;0;0;0
Stoke-on-Trent South;Unknown (LAB gain from CON);7;Essex South East;64491;0.29;0.3;0.09;0.22;0.09;0;0;0.01;LAB;0.208;0.772;0;0.019;0;0;0;0
Stone;Bill Cash;7;Enfield and Haringey;69378;0.18;0.43;0.11;0.11;0.16;0;0;0.02;LAB;0.624;0.339;0.001;0.034;0.001;0;0;0
Stourbridge;Unknown (LAB gain from CON);7;Merseyside West and Liverpool;69891;0.24;0.31;0.13;0.23;0.08;0;0;0.01;LAB;0.364;0.62;0;0.016;0;0;0;0
Stratford-on-Avon;Nadhim Zahawi;7;Runnymede;74037;0.28;0.24;0.17;0.22;0.07;0;0;0.01;CON;0.604;0.073;0.264;0.058;0;0;0;0
Streatham;Bell Ribeiro-Addy;11;Wakefield and Dewsbury;84783;0.23;0.3;0.06;0.29;0.09;0;0;0.02;LAB;0;0.999;0;0.001;0;0;0;0
Stretford and Urmston;Kate Green;4;Hertfordshire West;72372;0.19;0.16;0.44;0.12;0.09;0;0;0.01;LIB;0;1;0;0;0;0;0;0
Stroud;Unknown (LAB gain from CON);10;Cornwall;84537;0.28;0.28;0.11;0.24;0.07;0;0;0.01;CON;0.081;0.87;0.001;0.044;0.002;0;0;0
Suffolk Central and Ipswich North;Dan Poulter;9;Lancashire South;80037;0.14;0.39;0.07;0.27;0.11;0;0;0.01;LAB;0.654;0.251;0.015;0.076;0.003;0;0;0
Suffolk Coastal;Therese Coffey;9;Merseyside East and Warrington;81910;0.13;0.39;0.08;0.25;0.11;0;0;0.04;LAB;0.487;0.299;0.078;0.128;0.007;0;0;0
Suffolk South;James Cartlidge;9;Cornwall;76201;0.24;0.11;0.4;0.18;0.06;0;0;0.01;LIB;0.565;0.264;0.045;0.116;0.009;0;0;0
Suffolk West;Matt Hancock;9;Cambridgeshire South;80193;0.27;0.17;0.3;0.15;0.08;0;0;0.02;LIB;0.484;0.446;0.005;0.064;0;0;0;0
Sunderland Central;Julie Elliott;3;Staffordshire North;72680;0.28;0.33;0.07;0.22;0.08;0;0;0.01;LAB;0.005;0.98;0;0.014;0;0;0;0
Surrey East;Claire Coutinho;12;Staffordshire North;83148;0.33;0.26;0.07;0.27;0.07;0;0;0.01;CON;0.587;0.22;0.097;0.092;0.003;0;0;0
Surrey Heath;Michael Gove;12;Manchester East;81349;0.19;0.34;0.06;0.27;0.11;0;0;0.03;LAB;0.648;0.116;0.178;0.057;0;0;0;0
Surrey South West;Jeremy Hunt;12;Hertfordshire East;79096;0.24;0.33;0.1;0.22;0.09;0;0;0.01;LAB;0.449;0.08;0.421;0.049;0;0;0;0
Sussex Mid;Mims Davies;12;Manchester East;85146;0.13;0.4;0.11;0.2;0.14;0;0;0.02;LAB;0.481;0.228;0.215;0.073;0.003;0;0;0
Sutton and Cheam;Paul Scully;11;Teesside;71779;0.21;0.34;0.06;0.3;0.09;0;0;0.01;LAB;0.436;0.113;0.41;0.041;0;0;0;0
Sutton Coldfield;Andrew Mitchell;7;Teesside;75638;0.35;0.3;0.06;0.22;0.06;0;0;0.01;CON;0.666;0.316;0;0.018;0;0;0;0
Swindon North;Unknown (LAB gain from CON);10;Staffordshire North;82441;0.2;0.33;0.07;0.28;0.09;0;0;0.03;LAB;0.266;0.711;0;0.023;0;0;0;0
Swindon South;Unknown (LAB gain from CON);10;Staffordshire North;73118;0.26;0.3;0.06;0.29;0.06;0;0;0.02;LAB;0.104;0.881;0;0.015;0;0;0;0
Tamworth;Christopher Pincher;7;Staffordshire North;71572;0.31;0.28;0.07;0.27;0.06;0;0;0.02;CON;0.471;0.515;0;0.013;0;0;0;0
Tatton;Unknown (LAB gain from CON);4;Staffordshire South;69018;0.41;0.28;0.09;0.11;0.07;0;0;0.03;CON;0.398;0.517;0.008;0.075;0.002;0;0;0
Taunton Deane;Unknown (LIB gain from CON);10;Black Country;88676;0.29;0.3;0.07;0.25;0.07;0;0;0.01;LAB;0.252;0.023;0.691;0.034;0;0;0;0
Telford;Unknown (LAB gain from CON);7;Lea Valley;68921;0.11;0.4;0.08;0.1;0.24;0;0;0.07;LAB;0.109;0.881;0;0.01;0;0;0;0
Tewkesbury;Laurence Robertson;10;Warwickshire;83958;0.29;0.12;0.35;0.19;0.05;0;0;0.01;LIB;0.56;0.169;0.188;0.08;0.001;0;0;0
Thanet North;Roger Gale;12;Croydon;72756;0.13;0.44;0.13;0.09;0.2;0;0;0.02;LAB;0.511;0.451;0.002;0.035;0;0;0;0
Thanet South;Unknown (LAB gain from CON);12;Manchester Central and Trafford;73223;0.16;0.41;0.08;0.18;0.14;0;0;0.04;LAB;0.272;0.703;0;0.024;0;0;0;0
Thirsk and Malton;Kevin Hollinrake;5;Gloucestershire;80991;0.24;0.38;0.09;0.16;0.12;0;0;0.01;LAB;0.537;0.335;0.005;0.121;0;0;0;0
Thornbury and Yate;Unknown (LIB gain from CON);10;Suffolk East;69492;0.31;0.21;0.12;0.23;0.12;0;0;0.01;CON;0.236;0.012;0.727;0.025;0;0;0;0
Thurrock;Unknown (LAB gain from CON);9;Suffolk East;79659;0.28;0.27;0.14;0.2;0.1;0;0;0.01;CON;0.147;0.826;0;0.026;0;0;0;0
Tiverton and Honiton;Unknown (LIB gain from CON);10;Suffolk West and Ipswich;82953;0.3;0.23;0.14;0.23;0.09;0;0;0.01;CON;0.427;0.006;0.551;0.015;0;0;0;0
Tonbridge and Malling;Tom Tugendhat;12;Suffolk West and Ipswich;79278;0.31;0.23;0.11;0.25;0.08;0;0;0.01;CON;0.712;0.154;0.052;0.078;0.003;0;0;0
Tooting;Rosena Allin-Khan;11;Tyne and Wear South;76954;0.16;0.32;0.1;0.3;0.11;0;0;0.01;LAB;0.002;0.996;0;0.002;0;0;0;0
Torbay;Kevin Foster;10;Surrey East;75054;0.33;0.2;0.17;0.21;0.08;0;0;0.01;CON;0.552;0.081;0.296;0.071;0;0;0;0
Totnes;Anthony Mangnall;10;Surrey West and Aldershot;69863;0.3;0.11;0.35;0.18;0.05;0;0;0.01;LIB;0.44;0.15;0.36;0.05;0;0;0;0
Tottenham;David Lammy;11;Sussex West;75740;0.26;0.2;0.32;0.15;0.07;0;0;0.01;LIB;0;1;0;0;0;0;0;0
Truro and Falmouth;Unknown (LAB gain from CON);10;Sussex East;76719;0.32;0.17;0.18;0.22;0.09;0;0;0.02;CON;0.135;0.796;0.023;0.046;0;0;0;0
Tunbridge Wells;Greg Clark;12;Wimbledon and Sutton;74823;0.27;0.19;0.29;0.17;0.06;0;0;0.01;LIB;0.476;0.292;0.169;0.06;0.002;0;0;0
Twickenham;Munira Wilson;11;Birmingham North;84906;0.34;0.28;0.08;0.21;0.07;0;0;0.01;CON;0.008;0.001;0.984;0.006;0;0;0;0
Tynemouth;Alan Campbell;3;Swindon and Chippenham;77261;0.29;0.33;0.08;0.22;0.08;0;0;0.01;LAB;0.007;0.985;0;0.008;0;0;0;0
Tyneside North;Mary Glindon;3;Swindon and Chippenham;78902;0.25;0.39;0.08;0.19;0.09;0;0;0.01;LAB;0;0.991;0;0.009;0;0;0;0
Uxbridge and South Ruislip;Unknown (LAB gain from CON);11;Staffordshire South;70365;0.3;0.28;0.07;0.28;0.06;0;0;0.01;CON;0.41;0.587;0;0.003;0;0;0;0
Vauxhall;Florence Eshalomi;11;Cheshire;88659;0.32;0.3;0.1;0.18;0.08;0;0;0.01;CON;0;0.999;0;0.001;0;0;0;0
Wakefield;Unknown (LAB gain from CON);5;Somerset West and Barnstaple;70192;0.24;0.12;0.37;0.2;0.06;0;0;0.01;LIB;0.076;0.905;0;0.019;0;0;0;0
Wallasey;Angela Eagle;4;English Marches;66310;0.22;0.34;0.07;0.28;0.08;0;0;0.01;LAB;0;0.999;0;0.001;0;0;0;0
Walsall North;Unknown (LAB gain from CON);7;Gloucestershire;67177;0.28;0.13;0.33;0.17;0.08;0;0;0.01;LIB;0.18;0.805;0;0.014;0;0;0;0
Walsall South;Valerie Vaz;7;Kent East;68024;0.24;0.32;0.07;0.24;0.12;0;0;0.01;LAB;0.015;0.979;0;0.005;0;0;0;0
Walthamstow;Stella Creasy;11;North Yorkshire;70267;0.33;0.21;0.11;0.25;0.08;0;0;0.01;CON;0;1;0;0;0;0;0;0
Wansbeck;Ian Lavery;3;Avon North;63339;0.31;0.13;0.31;0.19;0.06;0;0;0.01;CON;0.014;0.962;0;0.023;0;0;0;0
Wantage;Unknown (LIB gain from CON);12;Essex South West;90867;0.22;0.33;0.06;0.29;0.08;0;0;0.01;LAB;0.271;0.192;0.47;0.066;0;0;0;0
Warley;John Spellar;7;Black Country;62357;0.26;0.28;0.06;0.31;0.08;0;0;0.02;UKIP;0;0.997;0;0.003;0;0;0;0
Warrington North;Charlotte Nichols;4;Somerset West and Barnstaple;72235;0.29;0.12;0.3;0.21;0.06;0;0;0.01;LIB;0.008;0.982;0;0.009;0;0;0;0
Warrington South;Unknown (LAB gain from CON);4;Kent West;86015;0.36;0.18;0.1;0.2;0.14;0;0;0.01;CON;0.042;0.938;0;0.02;0;0;0;0
Warwick and Leamington;Matt Western;7;Lambeth and Wandsworth;76362;0.16;0.47;0.11;0.08;0.16;0;0;0.02;LAB;0.043;0.928;0.001;0.025;0.001;0;0;0
Warwickshire North;Unknown (LAB gain from CON);7;Devon South;70271;0.28;0.11;0.31;0.24;0.05;0;0;0.01;LIB;0.41;0.566;0;0.023;0;0;0;0
Washington and Sunderland West;Sharon Hodgson;3;Devon Central and East;66278;0.3;0.2;0.21;0.23;0.06;0;0;0.01;CON;0.003;0.981;0;0.015;0;0;0;0
Watford;Unknown (LAB gain from CON);9;Enfield and Haringey;83359;0.08;0.47;0.09;0.09;0.24;0;0;0.03;LAB;0.089;0.852;0.023;0.035;0;0;0;0
Waveney;Unknown (LAB gain from CON);9;Cornwall;82791;0.24;0.34;0.14;0.17;0.09;0;0;0.01;LAB;0.357;0.597;0.001;0.044;0;0;0;0
Wealden;Nus Ghani;12;Kent South;82992;0.26;0.16;0.34;0.16;0.07;0;0;0.01;LIB;0.694;0.121;0.096;0.086;0.003;0;0;0
Weaver Vale;Mike Amesbury;4;South West London;70551;0.17;0.18;0.44;0.11;0.1;0;0;0.01;LIB;0.025;0.961;0;0.014;0;0;0;0
Wellingborough;Unknown (LAB gain from CON);8;Tyne and Wear North;80765;0.19;0.4;0.08;0.21;0.1;0;0;0.02;LAB;0.333;0.634;0;0.033;0;0;0;0
Wells;Unknown (LIB gain from CON);10;Southall;84124;0.31;0.3;0.07;0.19;0.12;0;0;0.01;CON;0.268;0.011;0.698;0.022;0;0;0;0
Welwyn Hatfield;Unknown (LAB gain from CON);9;Lambeth and Wandsworth;74892;0.08;0.45;0.14;0.08;0.23;0;0;0.01;LAB;0.201;0.767;0.005;0.027;0;0;0;0
Wentworth and Dearne;John Healey;5;Wakefield and Dewsbury;74536;0.19;0.34;0.09;0.27;0.1;0;0;0.02;LAB;0.005;0.968;0;0.027;0;0;0;0
West Bromwich East;Unknown (LAB gain from CON);7;Wirral and Chester North;62046;0.14;0.44;0.08;0.21;0.12;0;0;0.01;LAB;0.018;0.975;0;0.007;0;0;0;0
West Bromwich West;Unknown (LAB gain from CON);7;Wolverhampton and Walsall;64517;0.22;0.3;0.06;0.26;0.1;0;0;0.06;LAB;0.026;0.961;0;0.012;0;0;0;0
West Ham;Lyn Brown;11;Lea Valley;97947;0.08;0.5;0.08;0.09;0.23;0;0;0.03;LAB;0;1;0;0;0;0;0;0
Westminster North;Karen Buck;11;Merseyside East and Warrington;65519;0.17;0.36;0.09;0.28;0.08;0;0;0.01;LAB;0.001;0.995;0;0.004;0;0;0;0
Westmorland and Lonsdale;Tim Farron;4;Merseyside East and Warrington;67789;0.22;0.37;0.1;0.21;0.08;0;0;0.01;LAB;0.035;0.002;0.944;0.018;0;0;0;0
Weston-Super-Mare;Unknown (LAB gain from CON);10;Warwickshire;82526;0.22;0.4;0.11;0.14;0.12;0;0;0.01;LAB;0.38;0.555;0.017;0.047;0;0;0;0
Wigan;Lisa Nandy;4;Warwickshire;75680;0.29;0.28;0.06;0.29;0.06;0;0;0.01;CON;0.005;0.981;0;0.014;0;0;0;0
Wiltshire North;James Gray;10;Tyne and Wear South;73280;0.15;0.35;0.07;0.33;0.09;0;0;0.01;LAB;0.497;0.058;0.402;0.042;0;0;0;0
Wiltshire South West;Andrew Murrison;10;Hertfordshire West;77969;0.24;0.32;0.16;0.16;0.09;0;0;0.02;LAB;0.578;0.326;0.045;0.05;0;0;0;0
Wimbledon;Unknown (LAB gain from CON);11;Suffolk East;68240;0.28;0.12;0.06;0.2;0.33;0;0;0.01;Green;0.084;0.579;0.305;0.031;0.001;0;0;0
Winchester;Unknown (LIB gain from CON);12;Kent South;75582;0.35;0.21;0.1;0.24;0.09;0;0;0.01;CON;0.108;0.007;0.869;0.015;0;0;0;0
Windsor;Adam Afriyie;12;Northamptonshire;75038;0.25;0.31;0.06;0.28;0.09;0;0;0.01;LAB;0.682;0.232;0.033;0.052;0;0;0;0
Wirral South;Alison McGovern;4;Somerset East and Weston;57280;0.26;0.13;0.36;0.18;0.06;0;0;0.02;LIB;0.014;0.971;0;0.015;0;0;0;0
Wirral West;Margaret Greenwood;4;Hertfordshire East;55550;0.29;0.33;0.09;0.18;0.1;0;0;0.01;LAB;0.027;0.966;0;0.006;0;0;0;0
Witham;Priti Patel;9;Black Country;70402;0.22;0.35;0.07;0.25;0.09;0;0;0.02;LAB;0.71;0.236;0.007;0.047;0;0;0;0
Witney;Robert Courts;12;Lea Valley;83845;0.14;0.39;0.08;0.14;0.18;0;0;0.07;LAB;0.508;0.207;0.232;0.052;0;0;0;0
Woking;Jonathan Lord;12;Cumbria;75454;0.2;0.12;0.45;0.17;0.06;0;0;0.01;LIB;0.364;0.271;0.315;0.049;0;0;0;0
Wokingham;Unknown (LIB gain from CON);12;Somerset East and Weston;83953;0.27;0.31;0.11;0.23;0.08;0;0;0.01;LAB;0.394;0.157;0.414;0.033;0.001;0;0;0
Wolverhampton North East;Unknown (LAB gain from CON);7;York;61660;0.34;0.26;0.09;0.21;0.1;0;0;0.01;CON;0.025;0.961;0;0.013;0;0;0;0
Wolverhampton South East;Pat McFadden;7;Cumbria;62883;0.2;0.39;0.06;0.27;0.07;0;0;0.01;LAB;0.011;0.982;0;0.007;0;0;0;0
Wolverhampton South West;Unknown (LAB gain from CON);7;Merseyside East and Warrington;60534;0.12;0.45;0.08;0.24;0.1;0;0;0.01;LAB;0.081;0.91;0;0.009;0;0;0;0
Worcester;Unknown (LAB gain from CON);7;Lancashire South;73485;0.15;0.37;0.07;0.29;0.09;0;0;0.03;LAB;0.128;0.834;0.002;0.034;0.001;0;0;0
Worcestershire Mid;Nigel Huddleston;7;Wiltshire South;78220;0.32;0.23;0.16;0.21;0.07;0;0;0.01;CON;0.81;0.142;0.008;0.039;0;0;0;0
Worcestershire West;Harriett Baldwin;7;Wiltshire South;76241;0.31;0.24;0.15;0.22;0.07;0;0;0.01;CON;0.611;0.176;0.096;0.114;0.003;0;0;0
Workington;Unknown (LAB gain from CON);4;Wimbledon and Sutton;61370;0.21;0.24;0.36;0.1;0.08;0;0;0.01;LIB;0.044;0.93;0;0.026;0;0;0;0
Worsley and Eccles South;Barbara Keeley;4;Hampshire;75219;0.26;0.11;0.41;0.13;0.07;0;0;0.01;LIB;0.005;0.983;0;0.012;0;0;0;0
Worthing East and Shoreham;Unknown (LAB gain from CON);12;Runnymede;75194;0.33;0.22;0.19;0.16;0.08;0;0;0.02;CON;0.203;0.774;0;0.022;0;0;0;0
Worthing West;Unknown (LAB gain from CON);12;Wirral and Chester North;78585;0.24;0.37;0.09;0.18;0.1;0;0;0.01;LAB;0.456;0.505;0.004;0.035;0;0;0;0
Wrekin, The;Unknown (LAB gain from CON);7;Essex North;70693;0.34;0.24;0.09;0.24;0.08;0;0;0.01;CON;0.421;0.547;0.001;0.03;0.001;0;0;0
Wycombe;Unknown (LAB gain from CON);12;Oxfordshire;78098;0.3;0.14;0.33;0.17;0.06;0;0;0.01;LIB;0.126;0.846;0.002;0.026;0;0;0;0
Wyre and Preston North;Unknown (LAB gain from CON);4;Surrey West and Aldershot;74775;0.25;0.14;0.38;0.14;0.07;0;0;0.01;LIB;0.374;0.58;0;0.045;0;0;0;0
Wyre Forest;Mark Garnier;7;Berkshire;78077;0.3;0.13;0.37;0.14;0.06;0;0;0.01;LIB;0.514;0.436;0.002;0.047;0;0;0;0
Wythenshawe and Sale East;Mike Kane;4;Wolverhampton and Walsall;76313;0.26;0.31;0.07;0.28;0.08;0;0;0.01;LAB;0;0.994;0;0.005;0;0;0;0
Yeovil;Unknown (LIB gain from CON);10;Wolverhampton and Walsall;82468;0.19;0.36;0.07;0.28;0.09;0;0;0.02;LAB;0.271;0.009;0.688;0.031;0;0;0;0
York Central;Rachael Maskell;5;Wolverhampton and Walsall;74899;0.26;0.36;0.07;0.19;0.09;0;0;0.02;LAB;0;0.994;0;0.005;0;0;0;0
York Outer;Unknown (LAB gain from CON);5;Worcestershire;74673;0.24;0.33;0.11;0.19;0.12;0;0;0.01;LAB;0.131;0.771;0.033;0.064;0;0;0;0
Yorkshire East;Unknown (LAB gain from CON);5;Worcestershire;80923;0.33;0.16;0.21;0.19;0.1;0;0;0.01;CON;0.383;0.508;0;0.108;0;0;0;0
Aberavon;Stephen Kinnock;6;Manchester North West;50750;0.17;0.37;0.07;0.26;0.11;0;0;0.02;LAB;0;0.992;0;0.007;0;0;0;0
Aberconwy;Unknown (LAB gain from CON);6;South Coast;44699;0.25;0.37;0.09;0.19;0.09;0;0;0.01;LAB;0.101;0.884;0;0.011;0;0.004;0;0
Alyn and Deeside;Mark Tami;6;South Coast;62789;0.3;0.33;0.08;0.2;0.08;0;0;0.01;LAB;0.042;0.919;0;0.038;0;0;0;0
Arfon;Hywel Williams;6;English Marches;42215;0.3;0.26;0.11;0.24;0.08;0;0;0.01;CON;0;0.091;0;0.001;0;0.908;0;0
Blaenau Gwent;Nick Smith;6;Buckinghamshire South;50739;0.26;0.33;0.11;0.16;0.09;0;0;0.04;LAB;0.001;0.973;0;0.025;0;0.001;0;0
Brecon and Radnorshire;Fay Jones;6;Worcestershire;55490;0.31;0.25;0.09;0.26;0.07;0;0;0.02;CON;0.646;0.186;0.099;0.068;0;0;0;0
Bridgend;Unknown (LAB gain from CON);6;Manchester Central and Trafford;63303;0.15;0.39;0.08;0.21;0.15;0;0;0.02;LAB;0.058;0.912;0;0.028;0;0.002;0;0
Caerphilly;Wayne David;6;Somerset East and Weston;63166;0.24;0.11;0.37;0.2;0.07;0;0;0.01;LIB;0.004;0.983;0;0.009;0;0.004;0;0
Cardiff Central;Jo Stevens;6;York;64037;0.14;0.42;0.1;0.15;0.17;0;0;0.01;LAB;0.001;0.995;0;0.004;0;0;0;0
Cardiff North;Anna McMorrin;6;York;68438;0.24;0.37;0.12;0.18;0.08;0;0;0.01;LAB;0.036;0.956;0;0.008;0;0;0;0
Cardiff South and Penarth;Stephen Doughty;6;West Glamorgan;78837;0.13;0.35;0.05;0.21;0.06;0.18;0;0.01;LAB;0.007;0.988;0;0.005;0;0;0;0
Cardiff West;Kevin Brennan;6;Clwyd;68508;0.2;0.32;0.06;0.22;0.07;0.12;0;0.01;LAB;0.004;0.989;0;0.005;0;0.001;0;0
Carmarthen East and Dinefwr;Jonathan Edwards;6;Gogledd Cymru;57419;0.21;0.27;0.05;0.16;0.06;0.23;0;0.01;LAB;0.021;0.214;0;0.009;0;0.755;0;0
Carmarthen West and Pembrokeshire South;Unknown (LAB gain from CON);6;Gwent;59158;0.17;0.37;0.06;0.1;0.08;0.21;0;0.02;LAB;0.139;0.824;0;0.031;0;0.006;0;0
Ceredigion;Ben Lake;6;Gorllewin Cymru a'r Canolbarth;56386;0.25;0.2;0.21;0.17;0.05;0.11;0;0.01;CON;0.003;0.049;0;0.018;0;0.929;0;0
Clwyd South;Unknown (LAB gain from CON);6;Cardiff and Bridgend;53919;0.19;0.32;0.05;0.2;0.07;0.16;0;0.02;LAB;0.053;0.91;0;0.03;0;0.006;0;0
Clwyd West;Unknown (LAB gain from CON);6;Gorllewin Cymru a'r Canolbarth;57714;0.2;0.21;0.05;0.17;0.05;0.31;0;0.01;NAT;0.248;0.696;0;0.036;0;0.02;0;0
Cynon Valley;Beth Winter;6;The Valleys;51134;0.15;0.29;0.06;0.2;0.06;0.23;0;0.01;LAB;0;0.983;0;0.012;0;0.004;0;0
Delyn;Unknown (LAB gain from CON);6;Cardiff and Bridgend;54560;0.13;0.32;0.13;0.14;0.12;0.15;0;0.01;LAB;0.073;0.893;0;0.033;0;0.001;0;0
Dwyfor Meirionnydd;Liz Saville Roberts;6;Cardiff and Bridgend;44362;0.2;0.35;0.07;0.14;0.08;0.15;0;0.01;LAB;0.002;0.004;0;0.003;0;0.99;0;0
Gower;Tonia Antoniazzi;6;Cardiff and Bridgend;61762;0.16;0.33;0.08;0.12;0.16;0.15;0;0.01;LAB;0.069;0.917;0;0.014;0;0;0;0
Islwyn;Chris Evans;6;Cardiff and Bridgend;55423;0.16;0.3;0.06;0.14;0.09;0.23;0;0.01;LAB;0.007;0.98;0;0.012;0;0;0;0
Llanelli;Nia Griffith;6;Gorllewin Cymru a'r Canolbarth;60518;0.14;0.15;0.11;0.14;0.05;0.39;0;0.01;NAT;0.017;0.922;0;0.016;0;0.044;0;0
Merthyr Tydfil and Rhymney;Gerald Jones;6;Clwyd;56322;0.27;0.3;0.06;0.18;0.05;0.13;0;0.01;LAB;0;0.982;0;0.015;0;0.003;0;0
Monmouth;Unknown (LAB gain from CON);6;Clwyd;67098;0.29;0.27;0.06;0.19;0.05;0.13;0;0.01;CON;0.426;0.55;0;0.023;0;0.001;0;0
Montgomeryshire;Craig Williams;6;Gogledd Cymru;48997;0.15;0.16;0.05;0.14;0.05;0.44;0;0.01;NAT;0.752;0.158;0.017;0.072;0;0;0;0
Neath;Christina Rees;6;West Glamorgan;56419;0.2;0.34;0.07;0.18;0.07;0.14;0;0.01;LAB;0.011;0.925;0;0.032;0;0.032;0;0
Newport East;Jessica Morden;6;Gorllewin Cymru a'r Canolbarth;58554;0.15;0.25;0.05;0.25;0.05;0.24;0;0.01;LAB;0.032;0.95;0;0.017;0;0;0;0
Newport West;Ruth Jones;6;The Valleys;66657;0.13;0.32;0.05;0.23;0.06;0.19;0;0.01;LAB;0.045;0.941;0;0.013;0;0;0;0
Ogmore;Chris Elmore;6;Gwent;57581;0.3;0.32;0.06;0.14;0.06;0.09;0;0.01;LAB;0.002;0.981;0;0.016;0;0.001;0;0
Pontypridd;Alex Davies-Jones;6;Gogledd Cymru;60327;0.2;0.24;0.12;0.21;0.06;0.17;0;0.01;LAB;0.014;0.968;0;0.014;0;0.004;0;0
Preseli Pembrokeshire;Unknown (LAB gain from CON);6;West Glamorgan;59606;0.14;0.31;0.07;0.23;0.07;0.18;0;0.01;LAB;0.109;0.843;0;0.037;0;0.011;0;0
Rhondda;Chris Bryant;6;Gwent;50262;0.19;0.32;0.06;0.2;0.08;0.14;0;0.01;LAB;0.001;0.991;0;0.004;0;0.003;0;0
Swansea East;Carolyn Harris;6;Gwent;58450;0.18;0.32;0.06;0.21;0.07;0.15;0;0.01;LAB;0.003;0.983;0;0.012;0;0.002;0;0
Swansea West;Geraint Davies;6;Gorllewin Cymru a'r Canolbarth;57078;0.28;0.27;0.06;0.19;0.06;0.13;0;0.01;CON;0.007;0.982;0;0.01;0;0;0;0
Torfaen;Nick Thomas-Symonds;6;The Valleys;62330;0.15;0.32;0.06;0.2;0.07;0.19;0;0.02;LAB;0.013;0.951;0;0.035;0;0.001;0;0
Vale of Clwyd;Unknown (LAB gain from CON);6;The Valleys;56649;0.12;0.34;0.05;0.24;0.06;0.19;0;0.01;LAB;0.072;0.894;0;0.031;0;0.003;0;0
Vale of Glamorgan;Unknown (LAB gain from CON);6;West Glamorgan;76508;0.14;0.3;0.1;0.18;0.09;0.18;0;0.01;LAB;0.123;0.869;0;0.008;0;0;0;0
Wrexham;Unknown (LAB gain from CON);6;Gwent;49737;0.18;0.31;0.06;0.22;0.07;0.15;0;0.01;LAB;0.085;0.884;0;0.023;0;0.007;0;0
Ynys Mon;Unknown (LAB gain from CON);6;Cardiff and Bridgend;51925;0.27;0.3;0.05;0.17;0.06;0.13;0;0.01;LAB;0.024;0.643;0;0.021;0;0.311;0;0
Aberdeen North;Kirsty Blackman;2;Clwyd;62489;0.23;0.3;0.06;0.19;0.06;0.15;0;0.01;LAB;0.001;0.274;0.001;0;0;0.723;0;0
Aberdeen South;Stephen Flynn;2;Gogledd Cymru;65719;0.27;0.2;0.04;0.14;0.04;0.3;0;0.01;NAT;0.171;0.289;0.001;0.001;0;0.537;0;0
Aberdeenshire West and Kincardine;Andrew Bowie;2;Moray and Aberdeenshire;72640;0.12;0.13;0.06;0.13;0.05;0.48;0;0.03;NAT;0.462;0.16;0.003;0;0;0.374;0;0
Airdrie and Shotts;Unknown (LAB gain from NAT);2;Moray and Aberdeenshire;64011;0.23;0.09;0.07;0.1;0.05;0.45;0;0.02;NAT;0;0.661;0;0;0;0.338;0;0
Angus;Dave Doogan;2;Moray and Aberdeenshire;63952;0.31;0;0.07;0.17;0.01;0.43;0;0;NAT;0.214;0.089;0;0;0;0.696;0;0
Argyll and Bute;Brendan O'Hara;2;Moray and Aberdeenshire;66525;0.34;0.01;0.13;0.1;0.03;0.38;0;0.01;NAT;0.178;0.236;0.011;0.002;0;0.572;0;0
Ayr Carrick and Cumnock;Allan Dorans;2;Lanarkshire;71970;0.04;0.33;0.02;0.12;0.02;0.44;0;0.03;NAT;0.226;0.358;0;0.001;0;0.414;0;0
Ayrshire Central;Philippa Whitford;2;Forth Valley;69742;0.07;0.27;0.03;0.13;0.05;0.41;0;0.05;NAT;0.1;0.369;0;0;0;0.53;0;0
Ayrshire North and Arran;Patricia Gibson;2;Heart of Scotland;73534;0.29;0.01;0.07;0.1;0.01;0.51;0;0.02;NAT;0.047;0.328;0.001;0;0;0.623;0;0
Banff and Buchan;David Duguid;2;Heart of Scotland;66655;0.13;0.17;0.05;0.12;0.01;0.48;0;0.02;NAT;0.701;0.081;0;0;0;0.218;0;0
Berwickshire, Roxburgh and Selkirk;John Lamont;2;Highlands and Islands;74518;0.19;0.04;0.17;0.1;0.01;0.46;0;0.02;NAT;0.657;0.119;0;0;0;0.223;0;0
Caithness Sutherland and Easter Ross;Jamie Stone;2;South West Scotland;46930;0.21;0.2;0.03;0.13;0.04;0.39;0;0.01;NAT;0.002;0.171;0.666;0.001;0;0.16;0;0
Coatbridge, Chryston and Bellshill;Unknown (LAB gain from NAT);2;South West Scotland;72943;0.13;0.27;0.03;0.12;0.04;0.4;0;0.02;NAT;0;0.837;0;0;0;0.163;0;0
Cumbernauld, Kilsyth and Kirkintilloch East;Stuart McDonald;2;South West Scotland;66079;0.12;0.23;0.03;0.12;0.05;0.44;0;0.01;NAT;0.001;0.481;0;0;0;0.518;0;0
Dumfries and Galloway;Alister Jack;2;Forth Valley;74580;0.06;0.3;0.05;0.12;0.05;0.39;0;0.02;NAT;0.458;0.246;0;0;0;0.296;0;0
Dumfriesshire, Clydesdale and Tweeddale;David Mundell;2;Southern Scotland;68330;0.39;0.01;0.08;0.1;0.05;0.36;0;0.01;CON;0.54;0.237;0;0;0;0.222;0;0
Dunbartonshire East;Unknown (LIB gain from NAT);2;Highlands and Islands;66075;0.03;0;0.5;0.09;0.04;0.31;0;0.02;LIB;0;0.206;0.621;0;0;0.171;0;0
Dunbartonshire West;Unknown (LAB gain from NAT);2;Lanarkshire;66517;0.03;0.31;0.02;0.11;0.05;0.47;0;0.02;NAT;0;0.663;0;0;0;0.337;0;0
Dundee East;Stewart Hosie;2;Fife;66210;0.07;0.28;0.04;0.11;0.06;0.4;0;0.04;NAT;0.005;0.221;0;0;0;0.773;0;0
Dundee West;Unknown (LAB gain from NAT);2;Lanarkshire;64431;0.04;0.28;0.03;0.11;0.06;0.47;0;0;NAT;0;0.506;0;0;0;0.494;0;0
Dunfermline and West Fife;Unknown (LAB gain from NAT);2;South West Scotland;76652;0.28;0.09;0.05;0.13;0.04;0.4;0;0.01;NAT;0.003;0.719;0;0;0;0.277;0;0
East Kilbride, Strathaven and Lesmahagow;Unknown (LAB gain from NAT);2;Southern Scotland;81224;0.33;0.07;0.07;0.12;0.05;0.35;0;0.01;NAT;0.001;0.64;0;0;0;0.358;0;0
East Lothian;Unknown (LAB gain from NAT);2;Dunbartonshire and Glasgow North;81600;0.04;0.07;0.44;0.06;0.04;0.33;0;0.01;LIB;0.009;0.919;0;0;0;0.071;0;0
Edinburgh East;Unknown (LAB gain from NAT);2;Dunbartonshire and Glasgow North;69424;0.03;0.31;0.02;0.11;0.05;0.46;0;0.01;NAT;0;0.675;0;0;0;0.325;0;0
Edinburgh North and Leith;Unknown (LAB gain from NAT);2;Heart of Scotland;81336;0.03;0.2;0.07;0.1;0.01;0.53;0;0.06;NAT;0.002;0.72;0;0;0;0.277;0;0
Edinburgh South;Ian Murray;2;Fife;66188;0.06;0.29;0.08;0.1;0.06;0.39;0;0.02;NAT;0;1;0;0;0;0;0;0
Edinburgh South West;Joanna Cherry;2;Clyde Valley;73501;0.07;0.32;0.02;0.11;0.06;0.41;0;0.02;NAT;0.009;0.419;0;0;0;0.57;0;0
Edinburgh West;Christine Jardine;2;Edinburgh;72507;0.05;0.25;0.04;0.08;0.12;0.45;0;0.01;NAT;0.001;0.167;0.758;0;0;0.074;0;0
Falkirk;Johnny McNally;2;Edinburgh;84472;0.06;0.26;0.08;0.07;0.13;0.38;0;0.02;NAT;0.014;0.21;0;0;0;0.775;0;0
Fife North East;Wendy Chamberlain;2;Edinburgh;60905;0.07;0.38;0.06;0.07;0.11;0.27;0;0.03;LAB;0;0.043;0.805;0;0;0.152;0;0
Glasgow Central;Unknown (LAB gain from NAT);2;Edinburgh;69230;0.11;0.25;0.07;0.08;0.09;0.39;0;0.01;NAT;0;0.758;0;0;0;0.242;0;0
Glasgow East;Unknown (LAB gain from NAT);2;Edinburgh;67381;0.05;0.01;0.53;0.07;0.05;0.28;0;0.01;LIB;0;0.792;0;0;0;0.208;0;0
Glasgow North;Unknown (LAB gain from NAT);2;Forth Valley;57130;0.07;0.26;0.03;0.12;0.06;0.44;0;0.03;NAT;0;0.791;0;0;0;0.209;0;0
Glasgow North East;Unknown (LAB gain from NAT);2;Fife;61075;0.03;0;0.56;0.07;0.05;0.29;0;0;LIB;0;0.887;0;0;0;0.113;0;0
Glasgow North West;Unknown (LAB gain from NAT);2;Clyde Valley;63402;0.04;0.25;0.03;0.11;0.1;0.46;0;0.02;NAT;0;0.692;0;0;0;0.307;0;0
Glasgow South;Unknown (LAB gain from NAT);2;Dunbartonshire and Glasgow North;70891;0.03;0.23;0.03;0.08;0.15;0.45;0;0.02;NAT;0;0.728;0;0;0;0.271;0;0
Glasgow South West;Unknown (LAB gain from NAT);2;Dunbartonshire and Glasgow North;64575;0.03;0.25;0.02;0.11;0.09;0.47;0;0.03;NAT;0;0.828;0;0;0;0.172;0;0
Glenrothes;Unknown (LAB gain from NAT);2;Renfrewshire and Glasgow South;65672;0.03;0.25;0.03;0.07;0.15;0.43;0;0.02;NAT;0;0.544;0;0;0;0.456;0;0
Gordon;Richard Thomson;2;Renfrewshire and Glasgow South;79629;0.03;0.25;0.03;0.1;0.1;0.48;0;0.02;NAT;0.358;0.19;0.003;0;0;0.448;0;0
Inverclyde;Unknown (LAB gain from NAT);2;Dunbartonshire and Glasgow North;60622;0.04;0.29;0.03;0.09;0.11;0.43;0;0.01;NAT;0;0.727;0;0;0;0.273;0;0
Inverness Nairn Badenoch and Strathspey;Drew Hendry;2;Fife;78059;0.05;0.25;0.05;0.14;0.02;0.5;0;0;NAT;0.052;0.265;0.001;0.002;0;0.68;0;0
Kilmarnock and Loudoun;Alan Brown;2;Moray and Aberdeenshire;74517;0.31;0.01;0.17;0.11;0.01;0.39;0;0;NAT;0.006;0.411;0;0;0;0.583;0;0
Kirkcaldy and Cowdenbeath;Unknown (LAB gain from NAT);2;Clyde Valley;72853;0.09;0.32;0.04;0.12;0.02;0.41;0;0.01;NAT;0.002;0.961;0;0;0;0.037;0;0
Lanark and Hamilton East;Unknown (LAB gain from NAT);2;Renfrewshire and Glasgow South;77659;0.06;0.3;0.03;0.1;0.05;0.44;0;0.03;NAT;0.048;0.65;0;0;0;0.302;0;0
Linlithgow and East Falkirk;Unknown (LAB gain from NAT);2;Highlands and Islands;87044;0.04;0.01;0.39;0.08;0.05;0.41;0;0.01;NAT;0.012;0.61;0;0.001;0;0.376;0;0
Livingston;Unknown (LAB gain from NAT);2;South West Scotland;82285;0.07;0.27;0.02;0.12;0.05;0.46;0;0.01;NAT;0.004;0.588;0.001;0;0;0.407;0;0
Midlothian;Unknown (LAB gain from NAT);2;Forth Valley;70544;0.07;0.24;0.05;0.13;0.05;0.45;0;0.01;NAT;0.001;0.828;0;0;0;0.171;0;0
Moray;Douglas Ross;2;Southern Scotland;71035;0.1;0.33;0.06;0.1;0.07;0.33;0;0.01;LAB;0.469;0.1;0;0;0;0.43;0;0
Motherwell and Wishaw;Unknown (LAB gain from NAT);2;Southern Scotland;68856;0.06;0.32;0.06;0.11;0.01;0.42;0;0.01;NAT;0;0.805;0;0;0;0.195;0;0
Na h-Eileanan An Iar (Western Isles);Unknown (LAB gain from NAT);2;Moray and Aberdeenshire;21106;0.29;0.02;0.09;0.11;0.05;0.44;0;0.01;NAT;0;0.721;0;0;0;0.279;0;0
Ochil and South Perthshire;John Nicolson;2;Lanarkshire;78776;0.05;0.31;0.02;0.12;0.05;0.44;0;0.01;NAT;0.207;0.199;0;0;0;0.594;0;0
Orkney and Shetland;Alistair Carmichael;2;Highlands and Islands;34211;0.04;0.33;0.03;0.08;0.01;0.32;0;0.18;LAB;0;0.086;0.861;0;0;0.053;0;0
Paisley and Renfrewshire North;Unknown (LAB gain from NAT);2;Highlands and Islands;72007;0.02;0;0.56;0.09;0.11;0.21;0;0;LIB;0.004;0.638;0;0;0;0.358;0;0
Paisley and Renfrewshire South;Unknown (LAB gain from NAT);2;Renfrewshire and Glasgow South;64385;0.06;0.3;0.03;0.11;0.05;0.44;0;0;NAT;0;0.591;0;0;0;0.408;0;0
Perth and North Perthshire;Pete Wishart;2;Renfrewshire and Glasgow South;72600;0.05;0.3;0.03;0.11;0.06;0.44;0;0.01;NAT;0.144;0.102;0;0;0;0.753;0;0
Renfrewshire East;Kirsten Oswald;2;Heart of Scotland;72232;0.28;0.03;0.08;0.09;0.01;0.49;0;0.02;NAT;0.126;0.368;0;0;0;0.506;0;0
Ross Skye and Lochaber;Ian Blackford;2;Renfrewshire and Glasgow South;54230;0.15;0.29;0.02;0.08;0.05;0.38;0;0.03;NAT;0.001;0.181;0.1;0.002;0;0.715;0;0
Rutherglen and Hamilton West;Unknown (LAB gain from NAT);2;Clyde Valley;80918;0.05;0.33;0.04;0.1;0.01;0.42;0;0.04;NAT;0;0.968;0;0;0;0.032;0;0
Stirling;Alyn Smith;2;Heart of Scotland;68473;0.17;0.19;0.05;0.1;0.06;0.43;0;0;NAT;0.07;0.153;0;0;0;0.777;0;0
Antrim East;Sammy Wilson;1;Antrim and the Lagan Valley;64830;6000;785;12927;10639;978;2214;0;3719;LIB;0.024;0.001;0.634;0.332;0;0.003;0;0.005
Antrim North;Ian Paisley;1;Antrim and the Lagan Valley;77134;8823;2663;16170;6957;0;5799;0;3641;LIB;0.102;0.001;0.81;0.05;0;0.031;0;0.005
Antrim South;Unknown (CON gain from LIB);1;Antrim and the Lagan Valley;71711;13069;1991;10731;8740;340;4996;0;3107;CON;0.571;0.003;0.275;0.13;0;0.019;0;0.002
Belfast East;Unknown (Reform gain from LIB);1;Belfast;66245;3110;0;16331;19635;357;0;0;3011;UKIP;0;0;0.291;0.709;0;0;0;0
Belfast North;John Finucane;1;Belfast;72225;0;0;16217;5620;457;23205;0;3538;NAT;0;0;0.194;0;0;0.805;0;0.001
Belfast South;Claire Hanna;1;Belfast;69984;1948;26464;6962;7408;384;123;0;4062;LAB;0;0.993;0.003;0.002;0;0;0;0.001
Belfast West;Paul Maskey;1;Belfast;65644;1614;3717;1489;4228;1715;21223;0;4796;NAT;0;0;0;0;0;0.998;0;0.001
Down North;Stephen Farry;1;Armagh and Down;67099;10878;0;0;19341;480;0;0;9945;UKIP;0.051;0;0;0.92;0;0;0;0.029
Down South;Chris Hazzard;1;Armagh and Down;79175;4013;13871;2804;7553;393;16263;0;4864;NAT;0.003;0.352;0.003;0.04;0;0.595;0;0.006
Fermanagh and South Tyrone;Michelle Gildernew;1;Ulster West;72848;21989;3008;0;2714;0;22001;0;1050;NAT;0.536;0;0;0;0;0.464;0;0
Foyle;Colum Eastwood;1;Ulster West;74346;2236;26848;285;2790;0;10050;0;4935;LAB;0;0.985;0;0;0;0.013;0;0.001
Lagan Valley;Jeffrey Donaldson;1;Antrim and the Lagan Valley;75735;9313;1865;14811;14087;608;0;0;4721;LIB;0.067;0;0.501;0.426;0;0;0;0.004
Londonderry East;Gregory Campbell;1;Ulster West;69246;4195;5648;11667;6459;332;6235;0;4767;LIB;0.024;0.055;0.683;0.108;0;0.094;0;0.036
Newry and Armagh;Mickey Brady;1;Armagh and Down;81226;4968;8904;5989;5022;0;20473;0;5423;NAT;0.008;0.037;0.012;0.007;0;0.925;0;0.01
Strangford;Jim Shannon;1;Armagh and Down;66928;4572;1735;13715;11130;1096;653;0;4583;LIB;0.006;0.001;0.661;0.324;0;0;0;0.008
Tyrone West;Órfhlaith Begley;1;Ulster West;66259;3434;7033;4997;4828;0;16765;0;4128;NAT;0.002;0.031;0.009;0.009;0;0.941;0;0.008
Ulster Mid;Francie Molloy;1;Ulster West;70449;3288;5906;6494;4244;0;20638;0;4050;NAT;0;0.008;0.007;0.002;0;0.982;0;0
Upper Bann;Carla Lockhart;1;Armagh and Down;82887;7579;5047;16747;7983;0;12689;0;0;LIB;0.037;0.005;0.66;0.046;0;0.252;0;0