Name;MP;Area;County;Electorate;CON;LAB;LIB;UKIP;Green;NAT;MIN;OTH;CON chance;LAB chance;LIB chance;Reform chance;Green chance;NAT chance;MIN chance;OTH chance
Aldershot;Alex Baker;12;Hampshire;78569;13507;13548;5223;13059;3988;0;0;344;0.348;0.351;0.007;0.293;0.000;0.000;0.000;0.000
Aldridge-Brownhills;Unknown (Reform gain from CON);7;Black Country;70871;13882;7401;3304;14195;2900;0;0;326;0.473;0.029;0.002;0.496;0.000;0.000;0.000;0.000
Altrincham and Sale West;Connor Rand;4;Central Manchester;74025;13819;14290;6180;10703;5209;0;1280;0;0.388;0.438;0.014;0.151;0.008;0.000;0.000;0.000
Amber Valley;Unknown (Reform gain from LAB);8;Derbyshire;71546;9259;8443;3516;17509;3395;0;0;312;0.075;0.048;0.001;0.875;0.000;0.000;0.000;0.000
Arundel and South Downs;Andrew Griffith;12;West Sussex;77969;17099;7735;9863;14205;6044;0;0;288;0.588;0.031;0.072;0.303;0.005;0.000;0.000;0.000
Ashfield;Lee Anderson;8;Nottinghamshire;68929;4513;8037;2257;20005;1899;0;5735;0;0.003;0.031;0.000;0.964;0.000;0.000;0.001;0.000
Ashford;Unknown (Reform gain from LAB);12;Kent;76212;12551;10947;4325;15158;5256;0;0;610;0.267;0.166;0.004;0.559;0.003;0.000;0.000;0.000
Ashton-under-Lyne;Unknown (Reform gain from LAB);4;Eastern Manchester;71002;5297;10483;2898;13198;3178;0;2910;0;0.018;0.298;0.001;0.681;0.001;0.000;0.000;0.000
Aylesbury;Unknown (Reform gain from LAB);12;Buckinghamshire;79169;12521;11906;8901;13004;4094;0;925;104;0.311;0.232;0.084;0.371;0.002;0.000;0.000;0.000
Banbury;Sean Woodcock;12;Oxfordshire;73193;12103;13842;6066;12438;4090;0;0;737;0.271;0.422;0.017;0.287;0.002;0.000;0.000;0.000
Barking;Nesil Caliskan;11;Barking and Dagenham;79825;4978;12035;2952;9365;6014;0;2920;489;0.027;0.642;0.003;0.277;0.049;0.000;0.000;0.000
Barnsley North;Unknown (Reform gain from LAB);5;South Yorkshire;78267;4178;12868;3863;16438;3480;0;0;990;0.004;0.283;0.001;0.712;0.000;0.000;0.000;0.000
Barnsley South;Unknown (Reform gain from LAB);5;South Yorkshire;75850;4144;11178;3529;16875;3098;0;0;933;0.003;0.162;0.001;0.832;0.001;0.000;0.000;0.000
Barrow and Furness;Unknown (Reform gain from LAB);4;Cumbria;74980;11641;11420;3785;14839;2906;0;0;324;0.231;0.200;0.002;0.566;0.000;0.000;0.000;0.000
Basildon and Billericay;Unknown (Reform gain from CON);9;Essex;76873;11904;7797;3884;15553;3474;0;0;479;0.259;0.036;0.000;0.704;0.000;0.000;0.000;0.000
Basildon South and East Thurrock;James McMurdock;9;Essex;72673;9515;7350;3193;16532;2941;0;0;959;0.108;0.029;0.000;0.862;0.000;0.000;0.000;0.000
Basingstoke;Luke Murphy;12;Hampshire;78487;13453;14338;4987;11825;5215;0;0;415;0.342;0.438;0.007;0.205;0.007;0.000;0.000;0.000
Bassetlaw;Unknown (Reform gain from LAB);8;Nottinghamshire;78173;11235;11036;3872;18302;3162;0;0;262;0.115;0.093;0.001;0.790;0.000;0.000;0.000;0.000
Bath;Wera Hobhouse;10;Bristol area;69655;7716;9716;16938;6816;7256;0;266;1123;0.055;0.110;0.763;0.035;0.037;0.000;0.000;0.000
Battersea;Marsha de Cordova;11;Wandsworth;72767;8980;18489;6704;5721;6815;0;746;571;0.054;0.908;0.011;0.010;0.017;0.000;0.000;0.000
Beaconsfield;Joy Morrissey;12;Buckinghamshire;72751;17508;6763;11170;10445;3451;0;0;512;0.729;0.020;0.134;0.114;0.002;0.000;0.000;0.000
Beckenham and Penge;Liam Conlon;11;Bromley;76876;11037;20329;6308;8961;5614;0;0;541;0.087;0.871;0.006;0.031;0.004;0.000;0.000;0.000
Bedford;Mohammad Yasin;9;Bedfordshire;72478;8579;12836;5183;9685;4079;0;883;640;0.136;0.609;0.019;0.230;0.005;0.000;0.000;0.000
Bedfordshire Mid;Unknown (Reform gain from CON);9;Bedfordshire;76218;14705;12111;5698;14897;3942;0;0;704;0.384;0.184;0.005;0.424;0.002;0.000;0.000;0.000
Bedfordshire North;Richard Fuller;9;Bedfordshire;78850;16705;11258;6280;14973;4225;0;0;242;0.532;0.123;0.009;0.335;0.000;0.000;0.000;0.000
Bermondsey and Old Southwark;Neil Coyle;11;Southwark;69473;3346;13704;8791;5771;7448;0;0;740;0.006;0.772;0.118;0.028;0.075;0.000;0.000;0.000
Bethnal Green and Stepney;Rushanara Ali;11;Tower Hamlets;81922;3604;12724;5917;5100;8842;0;9894;518;0.016;0.606;0.044;0.025;0.166;0.000;0.141;0.000
Beverley and Holderness;Unknown (Reform gain from CON);5;Humber area;70559;12149;8952;5069;15293;3015;0;0;493;0.284;0.079;0.005;0.630;0.001;0.000;0.000;0.000
Bexhill and Battle;Kieran Mullan;12;East Sussex;72209;13738;9265;5782;13684;4195;0;0;1380;0.458;0.100;0.016;0.420;0.004;0.000;0.000;0.000
Bexleyheath and Crayford;Unknown (Reform gain from LAB);11;Bexley;69470;11979;9440;3607;13471;3420;0;0;285;0.328;0.138;0.000;0.531;0.001;0.000;0.000;0.000
Bicester and Woodstock;Calum Alexander Miller;12;Oxfordshire;74350;13193;7884;15081;11033;4102;0;0;295;0.303;0.039;0.492;0.164;0.001;0.000;0.000;0.000
Birkenhead;Alison McGovern;4;Merseyside;78091;3948;15789;4757;10721;9453;0;0;653;0.004;0.720;0.005;0.182;0.088;0.000;0.000;0.000
Birmingham Edgbaston;Preet Kaur Gill;7;Birmingham;71787;8132;13009;4718;8295;4229;0;0;1566;0.129;0.695;0.011;0.152;0.011;0.000;0.000;0.001
Birmingham Erdington;Unknown (Reform gain from LAB);7;Birmingham;77463;6362;11119;3543;11995;3471;0;0;1304;0.057;0.398;0.001;0.539;0.003;0.000;0.000;0.001
Birmingham Hall Green and Moseley;Tahir Ali;7;Birmingham;76936;5797;11213;6507;5811;5774;0;4730;2440;0.112;0.592;0.090;0.121;0.070;0.000;0.007;0.007
Birmingham Hodge Hill and Solihull North;Unknown (Reform gain from LAB);7;Birmingham;77737;6436;8247;2395;10740;3021;0;6633;0;0.107;0.249;0.006;0.591;0.008;0.000;0.039;0.000
Birmingham Ladywood;Shabana Mahmood;7;Birmingham;83693;3729;11494;3126;5584;5503;0;8251;0;0.021;0.733;0.009;0.067;0.057;0.000;0.112;0.000
Birmingham Northfield;Unknown (Reform gain from LAB);7;Birmingham;74048;8615;10469;3554;13283;3926;0;0;592;0.123;0.249;0.003;0.623;0.002;0.000;0.000;0.000
Birmingham Perry Barr;Unknown (LAB gain from MIN);7;Birmingham;76350;5681;9923;2811;6463;3812;0;8680;312;0.095;0.544;0.015;0.158;0.019;0.000;0.167;0.000
Birmingham Selly Oak;Alistair Carns;7;Birmingham;75678;6686;13997;5114;9294;5594;0;0;1509;0.053;0.735;0.009;0.184;0.018;0.000;0.000;0.000
Birmingham Yardley;Jess Phillips;7;Birmingham;73203;5702;8954;3955;8668;2926;0;7607;0;0.099;0.399;0.030;0.354;0.011;0.000;0.106;0.000
Bishop Auckland;Unknown (Reform gain from LAB);3;Durham;70745;7955;10770;3549;17903;2784;0;0;409;0.024;0.113;0.000;0.862;0.000;0.000;0.000;0.000
Blackburn;Adnan Hussain;4;Lancashire;73259;5089;7681;2311;9146;2768;0;12204;0;0.033;0.148;0.006;0.282;0.006;0.000;0.524;0.000
Blackley and Middleton South;Unknown (Reform gain from LAB);4;Central Manchester;72097;3761;11041;3236;11387;4330;0;0;449;0.010;0.457;0.003;0.524;0.006;0.000;0.000;0.000
Blackpool North and Fleetwood;Unknown (Reform gain from LAB);4;Lancashire;73339;11406;10169;3368;16119;2681;0;0;428;0.180;0.125;0.000;0.693;0.000;0.000;0.000;0.000
Blackpool South;Unknown (Reform gain from LAB);4;Lancashire;77459;6067;10257;3271;16462;2773;0;0;576;0.013;0.130;0.002;0.855;0.000;0.000;0.000;0.000
Blaydon and Consett;Liz Twist;3;Durham;70487;6084;14882;4407;14778;3580;0;0;555;0.011;0.505;0.002;0.481;0.000;0.000;0.000;0.000
Blyth and Ashington;Unknown (Reform gain from LAB);3;Northumberland;76263;6481;13707;3814;16274;3085;0;0;536;0.012;0.339;0.000;0.648;0.000;0.000;0.000;0.000
Bognor Regis and Littlehampton;Unknown (Reform gain from CON);12;West Sussex;77565;13889;8914;5909;14989;3721;0;0;557;0.417;0.066;0.014;0.502;0.001;0.000;0.000;0.000
Bolsover;Unknown (Reform gain from LAB);8;Derbyshire;77207;8642;10685;3539;19028;4091;0;0;359;0.040;0.076;0.001;0.882;0.001;0.000;0.000;0.000
Bolton North East;Unknown (Reform gain from LAB);4;Western Manchester;80011;8942;10099;3505;15930;5078;0;1521;312;0.081;0.147;0.003;0.763;0.004;0.000;0.000;0.000
Bolton South and Walkden;Unknown (Reform gain from LAB);4;Western Manchester;79622;5588;10077;3066;13583;3524;0;3933;182;0.029;0.259;0.004;0.702;0.005;0.000;0.000;0.000
Bolton West;Unknown (Reform gain from LAB);4;Western Manchester;74933;11935;10889;3937;14018;4980;0;0;352;0.280;0.196;0.004;0.513;0.006;0.000;0.000;0.000
Bootle;Peter Dowd;4;Merseyside;73037;2911;17949;3496;9415;5705;0;1345;0;0.000;0.925;0.000;0.070;0.004;0.000;0.000;0.000
Boston and Skegness;Richard Tice;8;Lincolnshire;75811;10508;4284;3072;22898;2250;0;0;537;0.025;0.002;0.000;0.972;0.000;0.000;0.000;0.000
Bournemouth East;Tom Hayes;10;Dorset;72354;10806;13426;5067;11159;4596;0;0;954;0.232;0.499;0.013;0.249;0.006;0.000;0.000;0.000
Bournemouth West;Unknown (Reform gain from LAB);10;Dorset;70259;10677;10263;5117;11196;4296;0;0;341;0.337;0.280;0.021;0.356;0.006;0.000;0.000;0.000
Bracknell;Unknown (CON gain from LAB);12;Berkshire;71656;13314;10507;5748;11731;3735;0;0;447;0.494;0.202;0.017;0.284;0.002;0.000;0.000;0.000
Bradford East;Imran Hussain;5;West Yorkshire;75167;4755;9952;3648;9371;3983;0;5535;807;0.053;0.486;0.016;0.406;0.022;0.000;0.017;0.000
Bradford South;Unknown (Reform gain from LAB);5;West Yorkshire;71002;5793;8415;3651;12461;3807;0;458;1811;0.046;0.178;0.007;0.754;0.012;0.000;0.000;0.002
Bradford West;Unknown (MIN gain from LAB);5;West Yorkshire;77897;4948;8414;2428;7374;4724;0;9755;0;0.057;0.336;0.018;0.226;0.038;0.000;0.324;0.000
Braintree;Unknown (Reform gain from CON);9;Essex;77781;14318;8951;4630;16696;4083;0;0;515;0.331;0.056;0.002;0.609;0.001;0.000;0.000;0.000
Brent East;Dawn Butler;11;Brent;77257;5758;14513;4753;6481;5988;0;958;1211;0.033;0.875;0.011;0.052;0.028;0.000;0.000;0.000
Brent West;Barry Gardiner;11;Brent;79937;12498;13109;4126;6585;4132;0;2555;0;0.421;0.525;0.006;0.038;0.008;0.000;0.000;0.000
Brentford and Isleworth;Ruth Cadbury;11;Hounslow;79283;10078;15566;5395;8179;5478;0;2715;240;0.150;0.760;0.015;0.063;0.011;0.000;0.000;0.000
Brentwood and Ongar;Unknown (Reform gain from CON);9;Essex;75352;14834;7827;6419;16193;3291;0;0;359;0.385;0.029;0.007;0.578;0.000;0.000;0.000;0.000
Bridgwater;Unknown (Reform gain from CON);10;Somerset;71571;11692;8034;6214;14599;2918;0;252;251;0.262;0.054;0.018;0.665;0.001;0.000;0.000;0.000
Bridlington and the Wolds;Unknown (Reform gain from CON);5;Humber area;72931;11734;6744;4658;17786;2700;0;0;645;0.149;0.014;0.001;0.835;0.000;0.000;0.000;0.000
Brigg and Immingham;Unknown (Reform gain from CON);5;Humber area;74297;12541;7143;3326;17827;2844;0;0;283;0.195;0.019;0.001;0.784;0.000;0.000;0.000;0.000
Brighton Kemptown and Peacehaven;Chris Ward;12;East Sussex;68784;7526;14474;5982;5382;8823;0;0;1350;0.084;0.760;0.025;0.029;0.101;0.000;0.000;0.000
Brighton Pavilion;Siân Berry;12;East Sussex;74786;3934;13513;4515;4683;27109;0;0;674;0.000;0.039;0.000;0.000;0.961;0.000;0.000;0.000
Bristol Central;Carla Denyer;10;Bristol area;62735;2408;12345;3533;2801;24537;0;0;392;0.000;0.037;0.000;0.000;0.963;0.000;0.000;0.000
Bristol East;Kerry McCarthy;10;Bristol area;75917;5716;16644;5069;5054;14478;0;0;1165;0.011;0.627;0.007;0.009;0.345;0.000;0.000;0.000
Bristol North East;Damien Egan;10;Bristol area;70076;6368;14896;4282;9048;7972;0;0;1023;0.040;0.763;0.008;0.123;0.065;0.000;0.000;0.000
Bristol North West;Darren Jones;10;Bristol area;74869;6842;19062;6340;8223;9118;0;0;570;0.018;0.890;0.012;0.033;0.046;0.000;0.000;0.000
Bristol South;Karin Smyth;10;Bristol area;75533;5540;14702;4646;9877;10720;0;0;559;0.020;0.634;0.008;0.152;0.186;0.000;0.000;0.000
Broadland and Fakenham;Unknown (Reform gain from CON);9;Norfolk;76859;13985;11916;6360;16194;4086;0;0;195;0.312;0.160;0.009;0.517;0.001;0.000;0.000;0.000
Bromley and Biggin Hill;Peter Fortune;11;Bromley;70713;14862;11499;5327;11799;4159;0;0;289;0.566;0.210;0.006;0.213;0.004;0.000;0.000;0.000
Bromsgrove;Bradley Anthony Thomas;7;Hereford and Worcestershire;76468;14551;9459;7934;14100;3518;0;137;739;0.457;0.095;0.034;0.412;0.002;0.000;0.000;0.000
Broxbourne;Unknown (Reform gain from CON);9;Hertfordshire;75187;13344;8135;4043;13821;3754;0;0;375;0.437;0.057;0.002;0.502;0.001;0.000;0.000;0.000
Broxtowe;Unknown (Reform gain from LAB);8;Nottinghamshire;71923;9736;12816;5531;14318;4721;0;515;687;0.134;0.336;0.011;0.513;0.005;0.000;0.000;0.000
Buckingham and Bletchley;Unknown (Reform gain from LAB);12;Buckinghamshire;74832;12553;12912;5779;13347;3938;0;0;517;0.298;0.319;0.012;0.369;0.001;0.000;0.000;0.000
Buckinghamshire Mid;Greg Smith;12;Buckinghamshire;75415;15882;7468;12623;12916;4254;0;0;371;0.517;0.027;0.229;0.224;0.002;0.000;0.000;0.000
Burnley;Unknown (Reform gain from LAB);4;Lancashire;74951;8099;9328;8017;13508;2690;0;0;673;0.100;0.167;0.067;0.662;0.003;0.000;0.000;0.000
Burton and Uttoxeter;Unknown (Reform gain from LAB);7;Staffordshire;77994;12292;9835;3483;14475;3683;0;1753;0;0.303;0.119;0.001;0.576;0.000;0.000;0.000;0.000
Bury North;Unknown (Reform gain from LAB);4;Western Manchester;77703;11043;12564;3683;14134;3264;0;1819;403;0.196;0.306;0.003;0.493;0.002;0.000;0.000;0.000
Bury South;Unknown (Reform gain from LAB);4;Western Manchester;75339;8848;12375;3865;13239;4104;0;1202;401;0.095;0.388;0.002;0.510;0.004;0.000;0.000;0.000
Bury St Edmunds and Stowmarket;Unknown (Reform gain from LAB);9;Suffolk;77599;12789;11055;5343;13812;6740;0;0;678;0.350;0.184;0.010;0.437;0.018;0.000;0.000;0.000
Calder Valley;Unknown (Reform gain from LAB);5;West Yorkshire;77364;10354;14667;5005;15235;4828;0;0;600;0.108;0.413;0.004;0.471;0.002;0.000;0.000;0.000
Camborne and Redruth;Unknown (Reform gain from LAB);10;Cornwall;74402;9647;14224;5742;15222;4085;0;0;671;0.080;0.392;0.015;0.510;0.002;0.000;0.000;0.000
Cambridge;Daniel Zeichner;9;Cambridgeshire;70315;4940;16491;9285;3584;9720;0;1024;585;0.011;0.810;0.081;0.002;0.095;0.000;0.000;0.000
Cambridgeshire North East;Unknown (Reform gain from CON);9;Cambridgeshire;71511;13162;5423;3822;15090;2868;0;195;492;0.358;0.008;0.003;0.630;0.000;0.000;0.000;0.000
Cambridgeshire North West;Unknown (Reform gain from LAB);9;Cambridgeshire;75915;12204;9475;4592;14072;4373;0;0;269;0.324;0.113;0.006;0.552;0.004;0.000;0.000;0.000
Cambridgeshire South;Pippa Heylings;9;Cambridgeshire;77327;12546;7403;20399;11126;4374;0;0;450;0.116;0.014;0.800;0.069;0.001;0.000;0.000;0.000
Cannock Chase;Unknown (Reform gain from LAB);7;Staffordshire;76974;11038;9486;3094;16154;3493;0;0;303;0.169;0.085;0.000;0.744;0.001;0.000;0.000;0.000
Canterbury;Rosie Duffield;12;Kent;71171;9554;14599;5629;11308;6923;0;0;470;0.131;0.579;0.011;0.251;0.027;0.000;0.000;0.000
Carlisle;Unknown (Reform gain from LAB);4;Cumbria;77863;11517;11139;4749;16917;3349;0;0;476;0.156;0.140;0.001;0.702;0.000;0.000;0.000;0.000
Carshalton and Wallington;Bobby Dean;11;Sutton;74362;11395;6340;14230;11403;3180;0;713;255;0.215;0.022;0.540;0.222;0.001;0.000;0.000;0.000
Castle Point;Unknown (Reform gain from CON);9;Essex;70967;13587;6208;2864;16317;2932;0;0;307;0.320;0.008;0.001;0.670;0.000;0.000;0.000;0.000
Chatham and Aylesford;Unknown (Reform gain from LAB);12;Kent;75109;10624;8509;3624;14153;3820;0;448;301;0.230;0.088;0.005;0.674;0.002;0.000;0.000;0.000
Cheadle;Tom Morrison;4;Eastern Manchester;74383;11049;7371;17203;10765;3405;0;1283;83;0.116;0.024;0.738;0.121;0.001;0.000;0.000;0.000
Chelmsford;Unknown (CON gain from LIB);9;Essex;76972;14947;6385;14885;11503;3559;0;154;356;0.418;0.013;0.410;0.159;0.000;0.000;0.000;0.000
Chelsea and Fulham;Unknown (CON gain from LAB);11;Hammersmith and Fulham;78468;14252;13897;5534;8139;5585;0;1100;66;0.481;0.449;0.008;0.051;0.010;0.000;0.000;0.000
Cheltenham;Max Wilkinson;10;Gloucestershire;76143;15153;5048;19069;6793;4972;0;0;613;0.291;0.003;0.689;0.013;0.002;0.000;0.000;0.000
Chesham and Amersham;Sarah Green;12;Buckinghamshire;74889;17259;5443;17627;10275;3564;0;716;85;0.437;0.004;0.506;0.053;0.000;0.000;0.000;0.000
Cheshire Mid;Unknown (Reform gain from LAB);4;Cheshire;70384;8520;11981;4461;13996;3396;0;0;792;0.082;0.333;0.001;0.582;0.001;0.000;0.000;0.000
Chester North and Neston;Samantha Dixon;4;Cheshire;70215;8980;15983;4642;10843;5129;0;0;527;0.085;0.730;0.004;0.176;0.004;0.000;0.000;0.000
Chester South and Eddisbury;Aphra Brandreth;4;Cheshire;74284;15736;11769;7007;14572;3691;0;0;644;0.484;0.155;0.005;0.354;0.000;0.000;0.000;0.000
Chesterfield;Toby Perkins;8;Derbyshire;71654;7982;13339;4394;13322;3618;0;623;456;0.060;0.470;0.002;0.466;0.001;0.000;0.000;0.000
Chichester;Jessica Brown-Fuller;12;West Sussex;78374;13284;4813;18769;13531;3516;0;0;305;0.155;0.002;0.667;0.176;0.000;0.000;0.000;0.000
Chingford and Woodford Green;Iain Duncan Smith;11;Waltham Forest;75178;14067;9723;3024;9727;2985;0;8926;0;0.604;0.174;0.005;0.171;0.003;0.000;0.042;0.000
Chippenham;Sarah Gibson;10;Wiltshire;73876;13819;5156;16641;11505;3591;0;0;400;0.288;0.008;0.570;0.133;0.000;0.000;0.000;0.000
Chipping Barnet;Dan Tomlinson;11;Barnet;78038;15262;16008;4979;9147;5395;0;0;570;0.419;0.517;0.005;0.052;0.005;0.000;0.000;0.000
Chorley;Lindsay Hoyle;4;Lancashire;74575;2563;18338;4133;7401;6179;0;0;1912;0.000;0.958;0.000;0.034;0.007;0.000;0.000;0.000
Christchurch;Christopher Chope;10;Dorset;71064;15066;6053;8958;13624;3194;0;0;1009;0.547;0.013;0.059;0.380;0.000;0.000;0.000;0.000
Cities of London and Westminster;Rachel Blake;11;City of Westminster;73369;10495;12847;6210;6361;5283;0;1017;461;0.289;0.622;0.024;0.045;0.019;0.000;0.000;0.000
Clacton;Nigel Farage;9;Essex;78703;11788;5083;3579;24050;2783;0;0;500;0.044;0.001;0.000;0.955;0.000;0.000;0.000;0.000
Clapham and Brixton Hill;Bell Ribeiro-Addy;11;Lambeth;74435;4012;18902;7085;4728;9234;0;0;616;0.003;0.925;0.012;0.002;0.058;0.000;0.000;0.000
Colchester;Pam Cox;9;Essex;78662;9901;13805;6732;12023;4417;0;0;431;0.153;0.494;0.024;0.321;0.008;0.000;0.000;0.000
Colne Valley;Unknown (Reform gain from LAB);5;West Yorkshire;72638;11405;12801;4305;13940;4537;0;0;559;0.205;0.323;0.003;0.465;0.003;0.000;0.000;0.000
Congleton;Unknown (Reform gain from LAB);4;Cheshire;74243;12866;11182;5544;14194;3868;0;0;1181;0.316;0.206;0.007;0.469;0.001;0.000;0.000;0.000
Corby and East Northamptonshire;Unknown (Reform gain from LAB);8;Northamptonshire;78787;12257;12583;4336;16913;3909;0;0;383;0.179;0.198;0.000;0.622;0.001;0.000;0.000;0.000
Cornwall North;Ben Maguire;10;Cornwall;76832;12614;4543;18025;15896;2752;0;0;277;0.127;0.001;0.540;0.332;0.000;0.000;0.000;0.000
Cornwall South East;Unknown (Reform gain from LAB);10;Cornwall;72728;12069;11781;8093;15555;3290;0;0;280;0.221;0.197;0.039;0.541;0.001;0.000;0.000;0.000
Cotswolds North;Geoffrey Clifton-Brown;10;Gloucestershire;72513;14932;7924;11993;12495;4340;0;0;330;0.479;0.035;0.216;0.268;0.001;0.000;0.000;0.000
Cotswolds South;Roz Savage;10;Gloucestershire;71971;15299;5352;17835;11760;3048;0;0;361;0.319;0.001;0.583;0.096;0.000;0.000;0.000;0.000
Coventry East;Mary Creagh;7;Coventry and Solihull;75801;6893;13409;3217;10842;3759;0;1180;455;0.047;0.651;0.001;0.299;0.002;0.000;0.000;0.000
Coventry North West;Taiwo Owatemi;7;Coventry and Solihull;75057;8509;13863;3948;12567;4745;0;0;549;0.083;0.538;0.002;0.371;0.006;0.000;0.000;0.000
Coventry South;Zarah Sultana;7;Coventry and Solihull;76262;10004;14479;4502;10496;4201;0;844;448;0.164;0.622;0.004;0.206;0.004;0.000;0.000;0.000
Cramlington and Killingworth;Emma Foody;3;Newcastle area;76228;8024;15912;4601;14994;3518;0;0;915;0.034;0.516;0.001;0.448;0.000;0.000;0.000;0.000
Crawley;Unknown (Reform gain from LAB);12;West Sussex;75569;11717;11651;3647;12981;4124;0;1739;105;0.283;0.282;0.006;0.425;0.003;0.000;0.000;0.000
Crewe and Nantwich;Unknown (Reform gain from LAB);4;Cheshire;78423;9576;13203;4463;16628;3672;0;540;607;0.072;0.281;0.001;0.645;0.000;0.000;0.000;0.000
Croydon East;Natasha Dawn Irons;11;Croydon;76660;10463;14219;4824;10363;4889;0;0;489;0.180;0.607;0.006;0.199;0.006;0.000;0.000;0.000
Croydon South;Chris Philp;11;Croydon;74968;17653;12696;5306;8914;4546;0;718;101;0.734;0.219;0.006;0.038;0.003;0.000;0.000;0.000
Croydon West;Sarah Jones;11;Croydon;77942;6075;15309;4674;6560;5889;0;881;465;0.027;0.907;0.009;0.030;0.027;0.000;0.000;0.000
Dagenham and Rainham;Unknown (Reform gain from LAB);11;Barking and Dagenham;76478;7231;10755;3012;14455;4702;0;0;690;0.040;0.234;0.001;0.717;0.007;0.000;0.000;0.000
Darlington;Unknown (Reform gain from LAB);3;Durham;70763;11244;10549;3677;13801;3864;0;0;390;0.252;0.203;0.002;0.542;0.001;0.000;0.000;0.000
Dartford;Unknown (Reform gain from LAB);12;Kent;75426;12407;9368;3696;13721;4469;0;0;294;0.367;0.106;0.006;0.517;0.004;0.000;0.000;0.000
Daventry;Unknown (Reform gain from CON);8;Northamptonshire;80879;13696;8957;7360;18668;4083;0;0;325;0.234;0.032;0.009;0.724;0.000;0.000;0.000;0.000
Derby North;Unknown (Reform gain from LAB);8;Derbyshire;71900;8682;11737;3891;13489;4461;0;0;443;0.100;0.331;0.001;0.565;0.002;0.000;0.000;0.000
Derby South;Unknown (Reform gain from LAB);8;Derbyshire;72952;5921;9711;3217;12968;2906;0;4487;126;0.048;0.265;0.008;0.676;0.003;0.000;0.000;0.000
Derbyshire Dales;Unknown (Reform gain from LAB);8;Derbyshire;73317;13750;12026;6349;16075;3888;0;0;403;0.301;0.174;0.005;0.518;0.001;0.000;0.000;0.000
Derbyshire Mid;Unknown (Reform gain from LAB);8;Derbyshire;69281;13341;11280;4278;14175;4451;0;262;275;0.351;0.191;0.002;0.453;0.002;0.000;0.000;0.000
Derbyshire North East;Unknown (Reform gain from LAB);8;Derbyshire;73139;13292;10798;3997;15799;3305;0;0;284;0.310;0.118;0.001;0.571;0.000;0.000;0.000;0.000
Derbyshire South;Unknown (Reform gain from LAB);8;Derbyshire;73714;11171;9943;4411;15606;3466;0;0;701;0.191;0.127;0.001;0.679;0.001;0.000;0.000;0.000
Devon Central;Unknown (Reform gain from CON);10;Devon;75385;13889;13067;8613;14773;4445;0;0;312;0.309;0.240;0.056;0.391;0.002;0.000;0.000;0.000
Devon North;Ian Roome;10;Devon;79079;13880;4724;16191;15134;3623;0;0;442;0.240;0.002;0.414;0.343;0.000;0.000;0.000;0.000
Devon South;Caroline Voaden;10;Devon;70755;13758;4530;17034;12500;2831;0;0;232;0.249;0.001;0.590;0.159;0.000;0.000;0.000;0.000
Devon South West;Rebecca Smith;10;Devon;77600;15218;10764;6760;14088;4465;0;0;529;0.500;0.133;0.021;0.342;0.003;0.000;0.000;0.000
Dewsbury and Batley;Iqbal Hussain Mohamed;5;West Yorkshire;71685;5994;6594;2626;10348;2668;0;10800;0;0.070;0.111;0.012;0.468;0.007;0.000;0.331;0.000
Didcot and Wantage;Olly Glover;12;Oxfordshire;80689;13171;8415;17089;12953;4384;0;0;452;0.212;0.031;0.544;0.211;0.001;0.000;0.000;0.000
Doncaster Central;Unknown (Reform gain from LAB);5;South Yorkshire;74678;7471;11800;3404;14277;2959;0;1068;518;0.053;0.305;0.001;0.639;0.001;0.000;0.000;0.000
Doncaster East and the Isle of Axholme;Unknown (Reform gain from LAB);5;South Yorkshire;70154;10878;9287;3060;16691;2441;0;0;248;0.136;0.068;0.000;0.796;0.000;0.000;0.000;0.000
Doncaster North;Ed Miliband;5;South Yorkshire;69759;6827;11333;4017;8888;2810;0;0;2467;0.109;0.589;0.008;0.285;0.003;0.000;0.000;0.004
Dorking and Horley;Chris Coghlan;12;Surrey;71850;14502;5137;15891;11842;3898;0;0;230;0.347;0.005;0.497;0.148;0.003;0.000;0.000;0.000
Dorset Mid and North Poole;Unknown (CON gain from LIB);10;Dorset;75294;16914;4925;16282;7991;3768;0;0;557;0.520;0.003;0.453;0.024;0.000;0.000;0.000;0.000
Dorset North;Simon Hoare;10;Dorset;72690;14807;4456;13257;14013;3235;0;0;380;0.396;0.001;0.257;0.345;0.001;0.000;0.000;0.000
Dorset South;Unknown (Reform gain from LAB);10;Dorset;75924;13242;11493;7915;14634;3575;0;0;351;0.322;0.184;0.038;0.453;0.001;0.000;0.000;0.000
Dorset West;Edward Morello;10;Dorset;75998;16836;4998;20353;8414;3700;0;0;486;0.313;0.000;0.665;0.021;0.000;0.000;0.000;0.000
Dover and Deal;Unknown (Reform gain from LAB);12;Kent;76406;10411;13143;4601;16449;4367;0;92;613;0.099;0.287;0.007;0.606;0.000;0.000;0.000;0.000
Droitwich and Evesham;Nigel Huddleston;7;Hereford and Worcestershire;76624;16018;7701;6117;15247;4727;0;0;352;0.521;0.026;0.009;0.438;0.005;0.000;0.000;0.000
Dudley;Unknown (Reform gain from LAB);7;Black Country;70151;9512;7107;2767;13634;2475;0;549;437;0.193;0.056;0.001;0.750;0.000;0.000;0.000;0.000
Dulwich and West Norwood;Helen Hayes;11;Lambeth;74265;3782;20756;5663;4798;10787;0;0;526;0.000;0.931;0.003;0.003;0.062;0.000;0.000;0.000
Dunstable and Leighton Buzzard;Unknown (CON gain from LAB);9;Bedfordshire;76742;13444;10905;6359;13355;3677;0;0;284;0.406;0.178;0.015;0.400;0.001;0.000;0.000;0.000
Durham North;Unknown (Reform gain from LAB);3;Durham;73235;6423;12029;5358;15781;3176;0;1379;235;0.018;0.275;0.010;0.694;0.002;0.000;0.000;0.000
Durham, City of;Mary Foy;3;Durham;70582;5505;14025;7013;12649;4031;0;0;538;0.016;0.563;0.033;0.385;0.003;0.000;0.000;0.000
Ealing Central and Acton;Rupa Huq;11;Ealing;78436;6975;17834;7300;6414;8578;0;1974;397;0.025;0.873;0.025;0.019;0.057;0.000;0.000;0.000
Ealing North;James Murray;11;Ealing;74820;7762;15488;4264;7945;5244;0;2914;342;0.061;0.849;0.007;0.064;0.018;0.000;0.000;0.000
Ealing Southall;Deirdre Costigan;11;Ealing;78669;7125;17329;5095;6201;6685;0;3232;988;0.041;0.888;0.009;0.026;0.035;0.000;0.000;0.000
Earley and Woodley;Unknown (CON gain from LAB);12;Berkshire;73548;14741;13521;7055;6908;4865;0;0;542;0.540;0.400;0.030;0.026;0.003;0.000;0.000;0.000
Easington;Unknown (Reform gain from LAB);3;Durham;69411;3995;11832;3390;15449;2726;0;0;951;0.003;0.256;0.001;0.740;0.000;0.000;0.000;0.000
East Grinstead and Uckfield;Mims Davies;12;West Sussex;75385;15939;8356;10924;7628;6352;0;0;1555;0.706;0.067;0.146;0.059;0.021;0.000;0.000;0.000
East Ham;Stephen Timms;11;Newham;79086;4994;14057;3100;5232;5910;0;4729;338;0.023;0.907;0.004;0.021;0.039;0.000;0.005;0.000
Eastbourne;Josh Babarinde;12;East Sussex;72592;10888;4417;16952;11742;3083;0;0;444;0.124;0.002;0.709;0.163;0.001;0.000;0.000;0.000
Eastleigh;Unknown (CON gain from LIB);12;Hampshire;69965;12874;6968;12443;11223;3730;0;0;536;0.366;0.033;0.356;0.241;0.003;0.000;0.000;0.000
Edmonton and Winchmore Hill;Kate Osamor;11;Enfield;75792;7423;15226;4806;8085;4990;0;702;1082;0.070;0.824;0.006;0.084;0.015;0.000;0.000;0.000
Ellesmere Port and Bromborough;Justin Madders;4;Cheshire;70799;5734;16600;4515;11999;3919;0;0;635;0.006;0.755;0.002;0.234;0.002;0.000;0.000;0.000
Eltham and Chislehurst;Clive Efford;11;Greenwich;74224;10150;14073;4355;12023;4658;0;546;437;0.160;0.539;0.004;0.290;0.007;0.000;0.000;0.000
Ely and East Cambridgeshire;Unknown (CON gain from LIB);9;Cambridgeshire;79112;14543;8506;13978;13303;3966;0;0;384;0.367;0.052;0.306;0.273;0.001;0.000;0.000;0.000
Enfield North;Feryal Clark;11;Enfield;78770;7899;15970;4643;9692;5073;0;800;865;0.052;0.809;0.005;0.122;0.011;0.000;0.000;0.000
Epping Forest;Neil Hudson;9;Essex;72229;15053;8366;6353;7836;4037;0;0;1292;0.795;0.098;0.019;0.083;0.004;0.000;0.000;0.000
Epsom and Ewell;Helen Maguire;12;Surrey;77530;15008;8414;16355;11010;3759;0;0;752;0.376;0.035;0.472;0.114;0.002;0.000;0.000;0.000
Erewash;Unknown (Reform gain from LAB);8;Derbyshire;71497;10477;10469;4008;15542;3614;0;0;376;0.156;0.174;0.002;0.667;0.001;0.000;0.000;0.000
Erith and Thamesmead;Abena Oppong-Asare;11;Greenwich;78886;5953;15851;3520;10175;4574;0;1565;146;0.017;0.831;0.002;0.142;0.007;0.000;0.000;0.000
Esher and Walton;Monica Harding;12;Surrey;74042;14186;5246;21304;9323;3550;0;0;467;0.164;0.003;0.809;0.022;0.001;0.000;0.000;0.000
Essex North West;Kemi Badenoch;9;Essex;79824;15465;11650;7560;14030;4590;0;0;748;0.477;0.163;0.023;0.335;0.001;0.000;0.000;0.000
Exeter;Steve Race;10;Devon;67840;6555;14881;5858;8198;6898;0;0;694;0.045;0.788;0.024;0.107;0.036;0.000;0.000;0.000
Exmouth and Exeter East;Unknown (Reform gain from CON);10;Devon;79983;12811;12001;10542;13612;3991;0;0;800;0.282;0.217;0.136;0.362;0.002;0.000;0.000;0.000
Fareham and Waterlooville;Suella Braverman;12;Hampshire;77691;15389;8177;8829;13851;3657;0;0;447;0.552;0.036;0.053;0.357;0.001;0.000;0.000;0.000
Farnham and Bordon;Gregory Stafford;12;Surrey;75918;17047;7312;14328;11338;4115;0;0;367;0.566;0.019;0.304;0.109;0.002;0.000;0.000;0.000
Faversham and Mid Kent;Unknown (Reform gain from CON);12;Kent;74301;12522;8723;5266;14722;5082;0;0;324;0.314;0.073;0.015;0.591;0.006;0.000;0.000;0.000
Feltham and Heston;Seema Malhotra;11;Hounslow;76983;8374;12050;3911;9033;3758;0;1776;1149;0.156;0.635;0.005;0.193;0.010;0.000;0.000;0.000
Filton and Bradley Stoke;Claire Hazelgrove;10;Bristol area;77584;11387;16792;5368;11561;5803;0;0;419;0.158;0.659;0.010;0.166;0.007;0.000;0.000;0.000
Finchley and Golders Green;Sarah Sackman;11;Barnet;77500;13869;16204;5782;7584;5764;0;0;748;0.342;0.607;0.010;0.034;0.007;0.000;0.000;0.000
Folkestone and Hythe;Unknown (Reform gain from LAB);12;Kent;70056;10710;10474;3648;15324;4757;0;0;390;0.169;0.151;0.001;0.673;0.005;0.000;0.000;0.000
Forest of Dean;Unknown (Reform gain from LAB);10;Gloucestershire;72052;13458;11906;4394;14767;5143;0;0;228;0.325;0.200;0.011;0.460;0.003;0.000;0.000;0.000
Frome and East Somerset;Anna Sabine;10;Somerset;70378;9787;6781;13480;12226;5621;0;0;672;0.170;0.028;0.452;0.337;0.013;0.000;0.000;0.000
Fylde;Unknown (Reform gain from CON);4;Lancashire;77100;13497;9230;5294;14911;3389;0;0;1797;0.364;0.096;0.007;0.531;0.001;0.000;0.000;0.000
Gainsborough;Unknown (Reform gain from CON);8;Lincolnshire;75836;12545;7760;5905;18207;2981;0;0;306;0.193;0.018;0.003;0.785;0.000;0.000;0.000;0.000
Gateshead Central and Whickham;Unknown (Reform gain from LAB);3;Newcastle area;69823;5281;12781;6106;12837;4268;0;0;721;0.019;0.475;0.017;0.485;0.003;0.000;0.000;0.000
Gedling;Unknown (Reform gain from LAB);8;Nottinghamshire;77006;9980;14934;4651;14983;4477;0;0;553;0.097;0.460;0.002;0.435;0.005;0.000;0.000;0.000
Gillingham and Rainham;Unknown (Reform gain from LAB);12;Kent;73523;10805;9515;3898;12797;3845;0;0;483;0.295;0.164;0.005;0.534;0.002;0.000;0.000;0.000
Glastonbury and Somerton;Sarah Joanne Dyke;10;Somerset;72982;12400;4576;15501;14411;3654;0;0;192;0.190;0.002;0.476;0.331;0.000;0.000;0.000;0.000
Gloucester;Unknown (Reform gain from LAB);10;Gloucestershire;79475;12592;11639;5458;12758;4000;0;831;355;0.350;0.250;0.015;0.378;0.006;0.000;0.000;0.000
Godalming and Ash;Jeremy Hunt;12;Surrey;74168;19861;4524;17147;10511;2973;0;0;281;0.602;0.001;0.346;0.051;0.000;0.000;0.000;0.000
Goole and Pocklington;Unknown (Reform gain from CON);5;Humber area;78287;14297;9085;5197;17149;3672;0;0;419;0.310;0.053;0.003;0.634;0.000;0.000;0.000;0.000
Gorton and Denton;Andrew Gwynne;4;Central Manchester;78125;3935;12457;3125;9739;5959;0;3339;0;0.005;0.667;0.003;0.288;0.036;0.000;0.000;0.000
Gosport;Caroline Dinenage;12;Hampshire;73261;15049;7722;5015;12970;3336;0;0;514;0.575;0.039;0.011;0.373;0.001;0.000;0.000;0.000
Grantham and Bourne;Unknown (Reform gain from CON);8;Lincolnshire;73280;13038;7211;4452;16638;3663;0;0;1207;0.294;0.023;0.005;0.676;0.000;0.000;0.000;0.000
Gravesham;Unknown (Reform gain from LAB);12;Kent;73088;11931;9743;3411;13791;3659;0;0;267;0.294;0.142;0.002;0.560;0.001;0.000;0.000;0.000
Great Grimsby and Cleethorpes;Unknown (Reform gain from LAB);5;Humber area;78875;8617;8840;3005;17293;2551;0;0;366;0.050;0.054;0.000;0.896;0.000;0.000;0.000;0.000
Great Yarmouth;Rupert Lowe;9;Norfolk;73317;9029;7779;3080;18546;2934;0;0;412;0.053;0.017;0.000;0.929;0.000;0.000;0.000;0.000
Greenwich and Woolwich;Matthew Pennycook;11;Greenwich;73573;4672;18028;5394;6401;8081;0;885;374;0.005;0.933;0.005;0.016;0.041;0.000;0.000;0.000
Guildford;Zöe Franklin;12;Surrey;70734;12588;5566;17835;9219;4132;0;0;428;0.192;0.004;0.750;0.051;0.001;0.000;0.000;0.000
Hackney North and Stoke Newington;Diane Abbott;11;Hackney;77797;3550;18498;4318;4874;11548;0;0;767;0.003;0.866;0.000;0.003;0.126;0.000;0.000;0.000
Hackney South and Shoreditch;Meg Hillier;11;Hackney;78262;2780;18307;4088;4743;12234;0;1345;206;0.001;0.830;0.001;0.002;0.165;0.000;0.000;0.000
Halesowen;Unknown (Reform gain from LAB);7;Black Country;68549;9840;8972;3586;12366;3466;0;0;271;0.239;0.173;0.004;0.582;0.002;0.000;0.000;0.000
Halifax;Unknown (Reform gain from LAB);5;West Yorkshire;77516;8028;10334;4187;13418;4543;0;2327;620;0.096;0.267;0.006;0.621;0.009;0.000;0.000;0.000
Hamble Valley;Paul Holmes;12;Hampshire;80537;17169;7114;12129;12671;4137;0;0;394;0.610;0.016;0.171;0.202;0.001;0.000;0.000;0.000
Hammersmith and Chiswick;Andy Slaughter;11;Hammersmith and Fulham;75860;7695;18812;6489;6239;6864;0;609;717;0.039;0.916;0.013;0.013;0.019;0.000;0.000;0.000
Hampshire East;Damian Hinds;12;Hampshire;71965;15553;5029;14078;11287;3827;0;0;418;0.497;0.005;0.358;0.139;0.000;0.000;0.000;0.000
Hampshire North East;Unknown (CON gain from LIB);12;Hampshire;76975;17113;5417;17008;11725;3403;0;0;477;0.450;0.003;0.436;0.111;0.000;0.000;0.000;0.000
Hampshire North West;Kit Malthouse;12;Hampshire;78629;14679;9884;7835;13169;4469;0;0;416;0.498;0.098;0.044;0.355;0.005;0.000;0.000;0.000
Hampstead and Highgate;Tulip Siddiq;11;Camden;80029;7094;18935;8260;5844;10133;0;0;850;0.021;0.866;0.032;0.005;0.075;0.000;0.000;0.000
Harborough, Oadby and Wigston;Neil O'Brien;8;Leicestershire;77407;16522;10660;5765;13024;5119;0;0;311;0.588;0.123;0.007;0.279;0.002;0.000;0.000;0.000
Harlow;Unknown (Reform gain from LAB);9;Essex;74683;11693;9497;3342;14582;3672;0;0;333;0.269;0.107;0.000;0.623;0.001;0.000;0.000;0.000
Harpenden and Berkhamsted;Victoria Collins;9;Hertfordshire;72242;13931;6046;21344;9425;3787;0;0;420;0.145;0.003;0.830;0.021;0.000;0.000;0.000;0.000
Harrogate and Knaresborough;Tom Gordon;5;North Yorkshire;77970;13298;5199;18135;12955;3426;0;0;692;0.186;0.004;0.629;0.181;0.000;0.000;0.000;0.000
Harrow East;Bob Blackman;11;Harrow;76386;22333;9708;3513;7682;3464;0;463;669;0.965;0.025;0.000;0.009;0.000;0.000;0.000;0.000
Harrow West;Gareth Thomas;11;Harrow;79902;12314;15604;5420;6961;4367;0;0;2005;0.291;0.660;0.006;0.038;0.005;0.000;0.000;0.000
Hartlepool;Unknown (Reform gain from LAB);3;Teesside;71437;7237;11010;3031;14611;2075;0;385;738;0.039;0.245;0.002;0.713;0.000;0.000;0.000;0.000
Harwich and North Essex;Unknown (Reform gain from CON);9;Essex;76579;14297;11415;5097;16138;3885;0;0;215;0.362;0.120;0.005;0.511;0.001;0.000;0.000;0.000
Hastings and Rye;Helena Dollimore;12;East Sussex;75939;9264;13716;4415;12961;6522;0;703;258;0.110;0.461;0.008;0.399;0.022;0.000;0.000;0.000
Havant;Unknown (Reform gain from CON);12;Hampshire;72346;11567;8069;4285;14019;3944;0;714;0;0.290;0.075;0.008;0.622;0.004;0.000;0.000;0.000
Hayes and Harlington;John McDonnell;11;Hillingdon;74405;8353;14315;2907;8221;3398;0;2020;0;0.104;0.806;0.001;0.084;0.003;0.000;0.000;0.000
Hazel Grove;Lisa Smart;4;Eastern Manchester;72843;8983;8453;13478;13021;3298;0;0;467;0.087;0.069;0.448;0.395;0.001;0.000;0.000;0.000
Hemel Hempstead;Unknown (Reform gain from LAB);9;Hertfordshire;71038;11433;11700;5592;12095;4044;0;0;245;0.295;0.336;0.010;0.357;0.002;0.000;0.000;0.000
Hendon;Unknown (CON gain from LAB);11;Barnet;74865;12837;11377;3689;8377;4451;0;1535;187;0.540;0.355;0.002;0.094;0.008;0.000;0.000;0.000
Henley and Thame;Freddie Van Mierlo;12;Oxfordshire;73749;15307;5323;18854;11318;3562;0;0;425;0.291;0.003;0.622;0.083;0.000;0.000;0.000;0.000
Hereford and South Herefordshire;Unknown (Reform gain from CON);7;Hereford and Worcestershire;72203;12266;8857;6027;13691;4393;0;0;336;0.359;0.097;0.012;0.528;0.003;0.000;0.000;0.000
Herefordshire North;Ellie Chowns;7;Hereford and Worcestershire;72797;12213;3517;3625;13826;17471;0;0;264;0.138;0.001;0.001;0.242;0.618;0.000;0.000;0.000
Herne Bay and Sandwich;Unknown (Reform gain from CON);12;Kent;77841;14754;9562;4490;15500;4620;0;0;323;0.420;0.061;0.005;0.512;0.001;0.000;0.000;0.000
Hertford and Stortford;Josh Dean;9;Hertfordshire;78915;14651;15144;5845;12685;6042;0;0;371;0.363;0.405;0.010;0.216;0.006;0.000;0.000;0.000
Hertfordshire North East;Unknown (CON gain from LAB);9;Hertfordshire;77090;14424;13359;6580;13805;5101;0;0;246;0.389;0.259;0.017;0.332;0.002;0.000;0.000;0.000
Hertfordshire South West;Gagan Mohindra;9;Hertfordshire;71353;14402;8452;10297;11459;3890;0;0;646;0.539;0.075;0.145;0.238;0.002;0.000;0.000;0.000
Hertsmere;Oliver Dowden;9;Hertfordshire;73518;17212;8896;5172;11579;3890;0;0;423;0.764;0.054;0.005;0.175;0.001;0.000;0.000;0.000
Hexham;Unknown (CON gain from LAB);3;Northumberland;76431;15948;15696;5637;10460;4125;0;0;967;0.466;0.435;0.004;0.093;0.001;0.000;0.000;0.000
Heywood and Middleton North;Unknown (Reform gain from LAB);4;Eastern Manchester;74786;6989;10699;4882;14274;1765;0;0;2088;0.047;0.226;0.006;0.717;0.000;0.000;0.000;0.002
High Peak;Jonathan Brian Pearce;8;Derbyshire;74385;11338;14822;4282;14501;4531;0;0;411;0.148;0.445;0.000;0.404;0.002;0.000;0.000;0.000
Hinckley and Bosworth;Unknown (Reform gain from CON);8;Leicestershire;76431;13809;5659;9638;15830;2875;0;0;364;0.345;0.006;0.068;0.580;0.000;0.000;0.000;0.000
Hitchin;Alistair Strathern;9;Hertfordshire;75080;12106;17119;6457;12340;4471;0;0;437;0.181;0.634;0.013;0.171;0.001;0.000;0.000;0.000
Holborn and St Pancras;Keir Starmer;11;Camden;71300;3354;14664;4360;5150;6788;0;5690;385;0.005;0.903;0.012;0.024;0.052;0.000;0.003;0.000
Honiton and Sidmouth;Richard Foord;10;Devon;75537;14699;4668;17346;13635;2751;0;0;390;0.274;0.001;0.525;0.199;0.000;0.000;0.000;0.000
Hornchurch and Upminster;Unknown (Reform gain from CON);11;Havering;75438;13550;8027;3897;16872;3755;0;0;447;0.294;0.030;0.000;0.674;0.001;0.000;0.000;0.000
Hornsey and Friern Barnet;Catherine West;11;Haringey;69885;3754;22611;7391;4148;10234;0;1227;146;0.001;0.955;0.005;0.001;0.038;0.000;0.000;0.000
Horsham;Unknown (CON gain from LIB);12;West Sussex;79150;17166;6695;16582;12199;3873;0;0;391;0.450;0.010;0.413;0.125;0.001;0.000;0.000;0.000
Houghton and Sunderland South;Unknown (Reform gain from LAB);3;Newcastle area;78448;6133;12782;4181;16776;2886;0;0;555;0.010;0.253;0.003;0.733;0.000;0.000;0.000;0.000
Hove and Portslade;Peter Kyle;12;East Sussex;74063;5700;21454;6097;7281;10365;0;0;1617;0.011;0.924;0.004;0.019;0.040;0.000;0.000;0.000
Huddersfield;Unknown (Reform gain from LAB);5;West Yorkshire;77795;6999;10770;3875;11278;9322;0;0;489;0.067;0.333;0.005;0.416;0.178;0.000;0.000;0.000
Hull East;Unknown (Reform gain from LAB);5;Humber area;70650;4090;8720;4118;14597;2525;0;0;464;0.004;0.120;0.003;0.871;0.001;0.000;0.000;0.000
Hull North and Cottingham;Unknown (Reform gain from LAB);5;Humber area;75280;5514;12766;5121;13031;3677;0;0;1061;0.017;0.465;0.007;0.506;0.004;0.000;0.000;0.000
Hull West and Haltemprice;Unknown (Reform gain from LAB);5;Humber area;73252;6903;10882;4125;15344;3102;0;0;452;0.026;0.212;0.002;0.759;0.000;0.000;0.000;0.000
Huntingdon;Benjamin Obese-Jecty;9;Cambridgeshire;79074;15669;12630;6220;14375;4480;0;0;546;0.458;0.203;0.008;0.328;0.002;0.000;0.000;0.000
Hyndburn;Unknown (Reform gain from LAB);4;Lancashire;76126;9323;8034;3026;14754;4947;0;0;358;0.146;0.081;0.001;0.767;0.004;0.000;0.000;0.000
Ilford North;Wes Streeting;11;Redbridge;77835;10326;12411;2969;7383;3198;0;10884;0;0.250;0.492;0.004;0.077;0.006;0.000;0.170;0.000
Ilford South;Jas Athwal;11;Redbridge;80993;7120;12819;3425;6238;5273;0;6734;606;0.100;0.752;0.010;0.070;0.040;0.000;0.026;0.000
Ipswich;Jack Simon Abbott;9;Suffolk;76319;10038;13302;4193;12689;5011;0;0;513;0.159;0.457;0.006;0.372;0.006;0.000;0.000;0.000
Isle of Wight East;Unknown (Reform gain from CON);12;Hampshire;55855;9568;5141;4098;11278;5804;0;0;300;0.335;0.022;0.013;0.592;0.037;0.000;0.000;0.000
Isle of Wight West;Unknown (Reform gain from LAB);12;Hampshire;55406;9066;9387;3741;10539;3116;0;0;200;0.254;0.294;0.009;0.440;0.003;0.000;0.000;0.000
Islington North;Jeremy Corbyn;11;Islington;72582;2756;13702;3538;4414;5803;0;18619;0;0.001;0.282;0.005;0.005;0.009;0.000;0.697;0.000
Islington South and Finsbury;Emily Thornberry;11;Islington;74122;3640;17684;6240;5989;10378;0;0;907;0.003;0.878;0.005;0.014;0.099;0.000;0.000;0.000
Jarrow and Gateshead East;Unknown (Reform gain from LAB);3;Newcastle area;70272;3952;12743;3830;14308;3852;0;0;684;0.003;0.404;0.001;0.591;0.000;0.000;0.000;0.000
Keighley and Ilkley;Robbie Moore;5;West Yorkshire;74367;14485;11168;3851;12834;3618;0;0;1096;0.491;0.178;0.003;0.327;0.001;0.000;0.000;0.000
Kenilworth and Southam;Jeremy Wright;7;Warwickshire;74923;16558;10756;10178;12938;4430;0;0;357;0.559;0.115;0.078;0.245;0.003;0.000;0.000;0.000
Kensington and Bayswater;Joe Powell;11;Kensington and Chelsea;77306;11356;13819;5289;6704;5167;0;2014;430;0.298;0.630;0.012;0.039;0.021;0.000;0.000;0.000
Kettering;Unknown (Reform gain from LAB);8;Northamptonshire;79390;11492;9900;4020;15526;7320;0;0;683;0.207;0.126;0.002;0.636;0.028;0.000;0.000;0.000
Kingston and Surbiton;Ed Davey;11;Kingston upon Thames;77340;9142;8518;20140;8212;5177;0;500;887;0.044;0.035;0.890;0.024;0.006;0.000;0.000;0.000
Kingswinford and South Staffordshire;Mike Wood;7;Staffordshire;71662;15387;7941;3997;14652;3237;0;0;591;0.520;0.027;0.002;0.451;0.000;0.000;0.000;0.000
Knowsley;Anneliese Midgley;4;Merseyside;72087;2821;16207;3371;10313;4581;0;777;214;0.001;0.856;0.001;0.139;0.003;0.000;0.000;0.000
Lancashire West;Ashley Dalton;4;Lancashire;74083;8069;15799;4620;13828;4152;0;0;535;0.037;0.601;0.001;0.357;0.003;0.000;0.000;0.000
Lancaster and Wyre;Unknown (Reform gain from LAB);4;Lancashire;74760;8499;13010;4106;14651;6022;0;0;360;0.060;0.372;0.003;0.553;0.011;0.000;0.000;0.000
Leeds Central and Headingley;Alex Sobel;5;West Yorkshire;70554;3212;11949;4628;6385;9386;0;1032;276;0.008;0.671;0.008;0.067;0.246;0.000;0.000;0.000
Leeds East;Unknown (Reform gain from LAB);5;West Yorkshire;76207;6796;12450;3931;13064;4196;0;0;1074;0.044;0.432;0.002;0.520;0.002;0.000;0.000;0.000
Leeds North East;Fabian Hamilton;5;West Yorkshire;70178;6538;16908;4674;7289;7598;0;2102;584;0.029;0.884;0.004;0.046;0.036;0.000;0.000;0.000
Leeds North West;Katie White;5;West Yorkshire;71592;9630;15723;7209;11562;4888;0;0;805;0.098;0.649;0.025;0.223;0.004;0.000;0.000;0.000
Leeds South;Hilary Benn;5;West Yorkshire;75953;4489;11530;3861;7408;6926;0;692;1189;0.025;0.702;0.006;0.169;0.096;0.000;0.000;0.000
Leeds South West and Morley;Unknown (Reform gain from LAB);5;West Yorkshire;71854;8422;11356;3815;14534;3680;0;0;673;0.059;0.267;0.001;0.670;0.002;0.000;0.000;0.000
Leeds West and Pudsey;Rachel Reeves;5;West Yorkshire;70069;6670;13140;3751;11210;4572;0;1036;392;0.045;0.608;0.003;0.337;0.006;0.000;0.000;0.000
Leicester East;Shivani Raja;8;Leicestershire;76560;13560;7628;6743;8171;3118;0;3783;1874;0.669;0.121;0.044;0.155;0.010;0.000;0.000;0.000
Leicester South;Shockat Adam;8;Leicestershire;70867;5397;9752;3071;6588;5226;0;10893;0;0.072;0.401;0.016;0.143;0.045;0.000;0.321;0.000
Leicester West;Unknown (Reform gain from LAB);8;Leicestershire;74102;6682;10548;3922;11291;4672;0;0;671;0.077;0.392;0.007;0.513;0.010;0.000;0.000;0.000
Leicestershire Mid;Unknown (Reform gain from CON);8;Leicestershire;75933;14302;8909;4250;15325;4358;0;0;285;0.402;0.055;0.000;0.541;0.001;0.000;0.000;0.000
Leicestershire North West;Unknown (Reform gain from LAB);8;Leicestershire;77757;12534;9620;4248;17272;4086;0;0;797;0.215;0.073;0.002;0.706;0.003;0.000;0.000;0.000
Leicestershire South;Unknown (Reform gain from CON);8;Leicestershire;78543;14428;7913;7500;17555;3684;0;0;300;0.320;0.028;0.013;0.638;0.001;0.000;0.000;0.000
Leigh and Atherton;Unknown (Reform gain from LAB);4;Western Manchester;79761;6818;12284;3793;17760;3136;0;0;610;0.015;0.182;0.000;0.802;0.000;0.000;0.000;0.000
Lewes;James MacCleary;12;East Sussex;76166;12915;5561;19985;12153;3517;0;0;468;0.133;0.003;0.758;0.105;0.001;0.000;0.000;0.000
Lewisham East;Janet Daby;11;Lewisham;73376;4256;17368;4083;6937;7231;0;865;374;0.005;0.941;0.001;0.025;0.028;0.000;0.000;0.000
Lewisham North;Vicky Foxcroft;11;Lewisham;74204;2995;19067;4891;4736;11687;0;685;428;0.000;0.872;0.003;0.001;0.123;0.000;0.000;0.000
Lewisham West and East Dulwich;Ellie Reeves;11;Lewisham;70099;3404;21145;5170;4652;11102;0;793;281;0.001;0.940;0.003;0.000;0.056;0.000;0.000;0.000
Leyton and Wanstead;Calvin Bailey;11;Waltham Forest;73366;4911;16448;5500;5618;8845;0;1370;1847;0.017;0.853;0.010;0.027;0.092;0.000;0.000;0.000
Lichfield;Unknown (Reform gain from LAB);7;Staffordshire;76118;13964;11163;5398;14779;3496;0;0;426;0.381;0.154;0.006;0.458;0.001;0.000;0.000;0.000
Lincoln;Unknown (Reform gain from LAB);8;Lincolnshire;72313;8138;11639;4312;14607;4099;0;672;422;0.069;0.292;0.004;0.633;0.001;0.000;0.000;0.000
Liverpool Garston;Maria Eagle;4;Merseyside;69282;3686;17502;6187;8453;5180;0;0;1961;0.006;0.905;0.008;0.074;0.006;0.000;0.000;0.000
Liverpool Riverside;Kim Johnson;4;Merseyside;71380;2343;13712;4171;7373;7592;0;0;841;0.001;0.842;0.003;0.083;0.070;0.000;0.000;0.000
Liverpool Walton;Dan Carden;4;Merseyside;69317;2580;17309;3454;9883;4477;0;0;637;0.000;0.907;0.000;0.091;0.001;0.000;0.000;0.000
Liverpool Wavertree;Paula Barker;4;Merseyside;70581;2924;16655;5334;7023;8750;0;0;1149;0.003;0.890;0.004;0.036;0.067;0.000;0.000;0.000
Liverpool West Derby;Ian Byrne;4;Merseyside;69934;2804;17287;4162;9172;4752;0;0;1297;0.000;0.919;0.002;0.075;0.003;0.000;0.000;0.000
Loughborough;Unknown (Reform gain from LAB);8;Leicestershire;68996;10077;11428;4321;13106;4122;0;0;358;0.185;0.280;0.004;0.527;0.002;0.000;0.000;0.000
Louth and Horncastle;Unknown (Reform gain from CON);8;Lincolnshire;76882;13059;6161;4320;20690;3181;0;0;774;0.124;0.006;0.000;0.869;0.000;0.000;0.000;0.000
Lowestoft;Unknown (Reform gain from LAB);9;Suffolk;74332;11106;8852;3419;14721;4170;0;0;296;0.230;0.091;0.002;0.673;0.003;0.000;0.000;0.000
Luton North;Sarah Owen;9;Bedfordshire;74866;8183;11474;4160;8914;3126;0;3347;1530;0.169;0.534;0.021;0.265;0.010;0.000;0.000;0.000
Luton South and South Bedfordshire;Rachel Hopkins;9;Bedfordshire;76970;7570;10844;4341;9469;3673;0;4051;1172;0.168;0.465;0.030;0.322;0.015;0.000;0.000;0.000
Macclesfield;Tim Roca;4;Cheshire;76416;12654;16389;5330;13441;4271;0;0;810;0.197;0.531;0.003;0.267;0.001;0.000;0.000;0.000
Maidenhead;Unknown (CON gain from LIB);12;Berkshire;75687;17310;6719;16602;6752;3976;0;0;690;0.521;0.009;0.455;0.013;0.001;0.000;0.000;0.000
Maidstone and Malling;Unknown (Reform gain from CON);12;Kent;76449;13441;9553;6490;14139;4962;0;0;353;0.382;0.097;0.023;0.491;0.007;0.000;0.000;0.000
Makerfield;Unknown (Reform gain from LAB);4;Western Manchester;76845;5722;12841;4529;17370;2910;0;0;735;0.005;0.233;0.003;0.758;0.001;0.000;0.000;0.000
Maldon;Unknown (Reform gain from CON);9;Essex;78281;16047;7138;6274;17895;3402;0;0;284;0.401;0.013;0.004;0.582;0.000;0.000;0.000;0.000
Manchester Central;Lucy Powell;4;Central Manchester;85049;3693;13796;4844;9636;8596;0;2086;349;0.007;0.678;0.010;0.194;0.111;0.000;0.000;0.000
Manchester Rusholme;Afzal Khan;4;Central Manchester;72604;2690;10348;2370;5465;8136;0;3097;216;0.006;0.673;0.005;0.072;0.243;0.000;0.000;0.000
Manchester Withington;Jeff Smith;4;Central Manchester;70549;3107;16651;6701;4936;10489;0;2088;91;0.001;0.849;0.020;0.008;0.121;0.000;0.000;0.000
Mansfield;Unknown (Reform gain from LAB);8;Nottinghamshire;73817;10256;8247;3117;16253;2769;0;0;608;0.146;0.053;0.000;0.801;0.000;0.000;0.000;0.000
Melksham and Devizes;Brian Mathew;10;Wiltshire;71999;15348;5410;15369;12614;3442;0;0;211;0.405;0.003;0.406;0.185;0.000;0.000;0.000;0.000
Melton and Syston;Unknown (Reform gain from CON);8;Leicestershire;74316;13837;7192;4400;15980;4313;0;0;615;0.358;0.019;0.004;0.618;0.000;0.000;0.000;0.000
Meriden and Solihull East;Saqib Bhatti;7;Coventry and Solihull;73659;14489;8076;4787;13148;4096;0;0;267;0.561;0.052;0.004;0.382;0.000;0.000;0.000;0.000
Middlesbrough and Thornaby East;Unknown (Reform gain from LAB);3;Teesside;75123;6505;10692;2940;12831;2685;0;2206;208;0.044;0.319;0.003;0.632;0.002;0.000;0.000;0.000
Middlesbrough South and East Cleveland;Unknown (CON gain from LAB);3;Teesside;70328;13460;10095;4033;10096;2740;0;0;705;0.604;0.197;0.003;0.196;0.000;0.000;0.000;0.000
Milton Keynes Central;Emily Darlington;12;Buckinghamshire;81078;11405;14491;5949;11358;5035;0;0;458;0.209;0.552;0.019;0.214;0.005;0.000;0.000;0.000
Milton Keynes North;Chris Curtis;12;Buckinghamshire;70709;11480;13956;4786;11520;4509;0;0;344;0.243;0.514;0.007;0.231;0.004;0.000;0.000;0.000
Mitcham and Morden;Siobhain McDonagh;11;Merton;77272;6060;18817;4951;7791;6723;0;1436;238;0.011;0.936;0.006;0.029;0.017;0.000;0.000;0.000
Morecambe and Lunesdale;Unknown (Reform gain from LAB);4;Lancashire;76424;11975;12512;6409;15508;3480;0;0;253;0.195;0.265;0.011;0.527;0.000;0.000;0.000;0.000
New Forest East;Julian Lewis;12;Hampshire;70618;14530;6563;7172;13006;4055;0;0;541;0.561;0.025;0.034;0.378;0.001;0.000;0.000;0.000
New Forest West;Desmond Swayne;12;Hampshire;68644;14019;7714;8039;12449;3912;0;0;433;0.535;0.053;0.062;0.348;0.001;0.000;0.000;0.000
Newark;Unknown (Reform gain from CON);8;Nottinghamshire;80028;15838;10089;5460;16687;3836;0;155;668;0.406;0.063;0.002;0.528;0.000;0.000;0.000;0.000
Newbury;Unknown (CON gain from LIB);12;Berkshire;71986;15357;4849;14910;10906;4069;0;0;300;0.458;0.004;0.417;0.120;0.001;0.000;0.000;0.000
Newcastle upon Tyne Central and West;Chi Onwurah;3;Newcastle area;76969;4728;13173;5170;12526;5223;0;0;2599;0.012;0.520;0.007;0.447;0.013;0.000;0.000;0.000
Newcastle upon Tyne East and Wallsend;Mary Glindon;3;Newcastle area;76421;4020;14564;4931;12761;6778;0;780;507;0.006;0.581;0.010;0.381;0.021;0.000;0.000;0.000
Newcastle upon Tyne North;Catherine McKinnell;3;Newcastle area;75146;6776;17508;7683;10268;6325;0;0;786;0.025;0.809;0.026;0.127;0.012;0.000;0.000;0.000
Newcastle-under-Lyme;Unknown (Reform gain from LAB);7;Staffordshire;67839;10597;11040;3615;13493;3155;0;0;223;0.223;0.243;0.001;0.531;0.001;0.000;0.000;0.000
Newton Abbot;Unknown (Reform gain from LIB);10;Devon;73885;12813;6816;12278;13759;3514;0;0;871;0.292;0.024;0.262;0.422;0.000;0.000;0.000;0.000
Newton Aycliffe and Spennymoor;Unknown (Reform gain from LAB);3;Durham;72224;6948;11554;3538;17153;2838;0;482;256;0.019;0.174;0.000;0.806;0.000;0.000;0.000;0.000
Norfolk Mid;Unknown (Reform gain from CON);9;Norfolk;75238;13586;8983;4630;15647;3866;0;0;259;0.350;0.061;0.003;0.583;0.002;0.000;0.000;0.000
Norfolk North;Steffan Aquarone;9;Norfolk;71438;14368;4160;14628;14270;2439;0;0;174;0.305;0.002;0.362;0.331;0.000;0.000;0.000;0.000
Norfolk North West;Unknown (Reform gain from CON);9;Norfolk;74415;13014;7325;6486;15381;3298;0;0;241;0.329;0.027;0.017;0.626;0.000;0.000;0.000;0.000
Norfolk South;Unknown (Reform gain from LAB);9;Norfolk;74135;12892;13256;6693;13392;5059;0;0;305;0.296;0.328;0.022;0.349;0.004;0.000;0.000;0.000
Norfolk South West;Unknown (Reform gain from LAB);9;Norfolk;74724;9791;7708;4074;16478;3070;0;3913;179;0.126;0.053;0.005;0.810;0.004;0.000;0.000;0.000
Normanton and Hemsworth;Unknown (Reform gain from LAB);5;West Yorkshire;75645;5409;11827;3511;17947;2866;0;0;439;0.006;0.162;0.000;0.831;0.000;0.000;0.000;0.000
Northampton North;Unknown (Reform gain from LAB);8;Northamptonshire;75575;8229;11155;4009;14126;3916;0;1467;508;0.080;0.265;0.003;0.650;0.002;0.000;0.000;0.000
Northampton South;Unknown (Reform gain from LAB);8;Northamptonshire;70393;11318;10445;4322;13755;3697;0;0;427;0.273;0.181;0.004;0.540;0.001;0.000;0.000;0.000
Northamptonshire South;Unknown (Reform gain from CON);8;Northamptonshire;78233;14492;9404;6647;17039;4299;0;210;755;0.341;0.066;0.010;0.581;0.002;0.000;0.000;0.000
Northumberland North;Unknown (Reform gain from LAB);3;Northumberland;74132;11077;11872;6945;15902;3250;0;0;1198;0.167;0.219;0.018;0.595;0.001;0.000;0.000;0.000
Norwich North;Alice Macdonald;9;Norfolk;73721;9172;14571;4113;13084;5469;0;0;524;0.095;0.528;0.006;0.364;0.006;0.000;0.000;0.000
Norwich South;Clive Lewis;9;Norfolk;76381;6175;17020;5922;8590;9158;0;0;765;0.023;0.835;0.010;0.067;0.065;0.000;0.000;0.000
Nottingham East;Nadia Whittome;8;Nottinghamshire;69395;3983;13442;3811;7543;6264;0;2374;418;0.013;0.841;0.005;0.101;0.038;0.000;0.000;0.000
Nottingham North and Kimberley;Unknown (Reform gain from LAB);8;Nottinghamshire;73768;6776;10849;3240;12749;3887;0;0;475;0.051;0.333;0.001;0.613;0.001;0.000;0.000;0.000
Nottingham South;Lilian Greenwood;8;Nottinghamshire;64255;5597;10718;3658;9501;3819;0;1675;337;0.054;0.564;0.009;0.365;0.007;0.000;0.000;0.000
Nuneaton;Unknown (Reform gain from LAB);7;Warwickshire;71662;10749;9204;3030;13138;4085;0;1122;0;0.278;0.157;0.003;0.559;0.002;0.000;0.000;0.000
Old Bexley and Sidcup;Louie French;11;Bexley;72290;15304;9192;3728;14033;3893;0;0;443;0.556;0.061;0.000;0.379;0.003;0.000;0.000;0.000
Oldham East and Saddleworth;Unknown (Reform gain from LAB);4;Eastern Manchester;72760;7232;10115;4823;12657;2627;0;3865;782;0.080;0.280;0.018;0.614;0.006;0.000;0.000;0.000
Oldham West, Chadderton and Royton;Unknown (Reform gain from LAB);4;Eastern Manchester;73178;5552;9233;3465;11683;2776;0;6021;1110;0.045;0.294;0.013;0.622;0.005;0.000;0.019;0.000
Orpington;Gareth Bacon;11;Bromley;71203;15199;8216;5538;12490;3723;0;0;361;0.642;0.067;0.007;0.283;0.000;0.000;0.000;0.000
Ossett and Denby Dale;Unknown (Reform gain from LAB);5;West Yorkshire;72312;11325;10912;3941;15999;3327;0;0;519;0.187;0.145;0.002;0.665;0.000;0.000;0.000;0.000
Oxford East;Anneliese Dodds;12;Oxfordshire;71845;4936;16000;6145;4277;7717;0;1969;1725;0.029;0.859;0.031;0.022;0.057;0.000;0.000;0.001
Oxford West and Abingdon;Layla Moran;12;Oxfordshire;71318;8661;7882;19183;7572;5098;0;0;703;0.042;0.038;0.883;0.031;0.004;0.000;0.000;0.000
Peckham;Miatta Fahnbulleh;11;Southwark;72123;2755;16565;4591;5269;9322;0;0;962;0.001;0.900;0.002;0.005;0.091;0.000;0.000;0.000
Pendle and Clitheroe;Unknown (Reform gain from LAB);4;Lancashire;78796;13536;10218;4425;15735;2966;0;215;1096;0.311;0.113;0.002;0.573;0.001;0.000;0.000;0.000
Penistone and Stocksbridge;Unknown (Reform gain from LAB);5;South Yorkshire;70770;8964;12344;4522;16495;3141;0;0;398;0.064;0.234;0.004;0.698;0.000;0.000;0.000;0.000
Penrith and Solway;Unknown (Reform gain from LAB);4;Cumbria;77935;11973;12918;6053;17087;3111;0;0;336;0.148;0.212;0.004;0.635;0.000;0.000;0.000;0.000
Peterborough;Unknown (Reform gain from LAB);9;Cambridgeshire;73378;11098;9362;3178;11780;3617;0;3825;165;0.330;0.210;0.010;0.443;0.006;0.000;0.000;0.000
Plymouth Moor View;Unknown (Reform gain from LAB);10;Devon;74724;10578;10330;3681;14243;3365;0;0;308;0.197;0.177;0.003;0.620;0.001;0.000;0.000;0.000
Plymouth Sutton and Devonport;Luke Pollard;10;Devon;75313;6921;16084;4688;11044;4814;0;466;768;0.033;0.758;0.003;0.199;0.005;0.000;0.000;0.000
Pontefract, Castleford and Knottingley;Unknown (Reform gain from LAB);5;West Yorkshire;74618;6017;11505;3306;16241;2653;0;0;575;0.011;0.195;0.000;0.794;0.000;0.000;0.000;0.000
Poole;Unknown (CON gain from LAB);10;Dorset;72509;13404;10424;6134;12197;3770;0;0;564;0.469;0.167;0.018;0.342;0.003;0.000;0.000;0.000
Poplar and Limehouse;Apsana Begum;11;Tower Hamlets;84469;5458;14568;5929;6393;8874;0;3624;657;0.029;0.768;0.023;0.046;0.133;0.000;0.000;0.000
Portsmouth North;Unknown (Reform gain from LAB);12;Hampshire;70446;11850;8965;4158;12735;3385;0;0;286;0.398;0.102;0.006;0.492;0.001;0.000;0.000;0.000
Portsmouth South;Stephen Morgan;12;Hampshire;73711;6127;14827;6208;9429;4836;0;0;741;0.030;0.796;0.025;0.141;0.007;0.000;0.000;0.000
Preston;Unknown (Reform gain from LAB);4;Lancashire;77400;6187;10099;4583;10960;3093;0;6977;551;0.060;0.382;0.022;0.494;0.008;0.000;0.033;0.000
Putney;Fleur Anderson;11;Wandsworth;72614;9544;19152;7234;6004;6277;0;926;312;0.071;0.892;0.017;0.012;0.007;0.000;0.000;0.000
Queen's Park and Maida Vale;Georgia Gould;11;City of Westminster;75558;4588;15127;4991;5945;7680;0;1890;316;0.014;0.878;0.009;0.027;0.072;0.000;0.000;0.000
Rawmarsh and Conisbrough;Unknown (Reform gain from LAB);5;South Yorkshire;69132;5257;11046;2793;14949;2516;0;1185;0;0.007;0.236;0.001;0.755;0.000;0.000;0.000;0.000
Rayleigh and Wickford;Unknown (Reform gain from CON);9;Essex;76576;15558;7953;4917;16603;3395;0;0;330;0.445;0.020;0.003;0.531;0.000;0.000;0.000;0.000
Reading Central;Matt Rodda;12;Berkshire;73600;8419;17143;5813;7085;7754;0;0;612;0.063;0.856;0.015;0.027;0.039;0.000;0.000;0.000
Reading West and Mid Berkshire;Unknown (CON gain from LAB);12;Berkshire;68786;13111;11977;6153;11253;4460;0;0;439;0.442;0.290;0.022;0.241;0.004;0.000;0.000;0.000
Redcar;Unknown (Reform gain from LAB);3;Teesside;70241;9755;9705;3364;15461;2393;0;0;405;0.112;0.123;0.002;0.762;0.000;0.000;0.000;0.000
Redditch;Unknown (Reform gain from LAB);7;Hereford and Worcestershire;71038;12066;9095;3630;13214;3473;0;990;0;0.369;0.111;0.001;0.516;0.002;0.000;0.000;0.000
Reigate;Rebecca Paul;12;Surrey;77101;16933;11900;7200;11529;6014;0;0;266;0.639;0.172;0.023;0.155;0.010;0.000;0.000;0.000
Ribble Valley;Unknown (Reform gain from LAB);4;Lancashire;80484;14224;10881;6654;15808;3549;0;0;678;0.351;0.120;0.009;0.519;0.000;0.000;0.000;0.000
Richmond and Northallerton;Rishi Sunak;5;North Yorkshire;73888;16629;6837;5779;15705;3166;0;95;511;0.551;0.014;0.006;0.429;0.000;0.000;0.000;0.000
Richmond Park;Sarah Olney;11;Richmond upon Thames;68103;10011;7499;22858;5832;5502;0;0;665;0.028;0.013;0.952;0.004;0.002;0.000;0.000;0.000
Rochdale;Unknown (Reform gain from LAB);4;Eastern Manchester;71264;5452;9082;3670;10930;2309;0;8558;0;0.040;0.292;0.015;0.545;0.003;0.000;0.104;0.000
Rochester and Strood;Unknown (Reform gain from LAB);12;Kent;74257;10768;9329;3521;15127;3720;0;436;169;0.200;0.093;0.003;0.699;0.004;0.000;0.000;0.000
Romford;Unknown (Reform gain from CON);11;Havering;72978;13331;8452;3286;13821;3514;0;1025;111;0.422;0.070;0.000;0.507;0.000;0.000;0.000;0.000
Romsey and Southampton North;Caroline Nokes;12;Hampshire;71871;17134;5424;13908;11498;3362;0;0;255;0.595;0.007;0.281;0.116;0.000;0.000;0.000;0.000
Rossendale and Darwen;Unknown (Reform gain from LAB);4;Lancashire;74440;11332;11156;3205;15695;3586;0;827;0;0.162;0.175;0.001;0.661;0.000;0.000;0.000;0.000
Rother Valley;Unknown (Reform gain from LAB);5;South Yorkshire;69460;11515;10146;3143;16018;2638;0;0;354;0.184;0.103;0.003;0.709;0.000;0.000;0.000;0.000
Rotherham;Unknown (Reform gain from LAB);5;South Yorkshire;75929;2839;11180;4467;15882;3466;0;1707;944;0.002;0.212;0.004;0.780;0.001;0.000;0.000;0.000
Rugby;Unknown (CON gain from LAB);7;Warwickshire;74901;13723;13582;4815;13351;4156;0;0;344;0.354;0.312;0.003;0.329;0.001;0.000;0.000;0.000
Ruislip, Northwood and Pinner;David Simmonds;11;Hillingdon;71683;19418;10212;5266;8717;4251;0;0;200;0.905;0.058;0.003;0.033;0.001;0.000;0.000;0.000
Runcorn and Helsby;Mike Amesbury;4;Cheshire;71955;6551;15585;4607;13162;3800;0;0;702;0.019;0.618;0.004;0.356;0.002;0.000;0.000;0.000
Runnymede and Weybridge;Ben Spencer;12;Surrey;73610;16656;8324;9590;11100;3662;0;0;441;0.705;0.051;0.092;0.149;0.002;0.000;0.000;0.000
Rushcliffe;James William Naish;8;Nottinghamshire;79160;13697;17568;6073;14134;5867;0;0;634;0.213;0.539;0.009;0.235;0.003;0.000;0.000;0.000
Rutland and Stamford;Alicia Kearns;8;Leicestershire;71711;15935;6897;6893;14450;3805;0;0;386;0.559;0.015;0.012;0.412;0.000;0.000;0.000;0.000
Salford;Rebecca Long-Bailey;4;Central Manchester;83633;4093;14578;4629;10938;7530;0;1441;207;0.005;0.693;0.004;0.254;0.043;0.000;0.000;0.000
Salisbury;John Glen;10;Wiltshire;71553;14649;10598;10529;11287;3706;0;0;365;0.517;0.141;0.150;0.190;0.001;0.000;0.000;0.000
Scarborough and Whitby;Unknown (Reform gain from LAB);5;North Yorkshire;74558;11081;10818;4039;16677;3109;0;0;512;0.156;0.133;0.001;0.708;0.000;0.000;0.000;0.000
Scunthorpe;Unknown (Reform gain from LAB);5;Humber area;74263;10629;9201;3125;16128;2520;0;0;582;0.161;0.084;0.000;0.755;0.000;0.000;0.000;0.000
Sefton Central;Bill Esterson;4;Merseyside;74282;8485;19555;5419;10735;4501;0;0;753;0.032;0.882;0.002;0.083;0.001;0.000;0.000;0.000
Selby;Unknown (Reform gain from LAB);5;North Yorkshire;78055;10974;14306;4206;17997;3775;0;0;242;0.089;0.271;0.000;0.638;0.001;0.000;0.000;0.000
Sevenoaks;Laura Trott;12;Kent;73708;15079;5638;11188;14307;3445;0;0;414;0.479;0.010;0.133;0.377;0.000;0.000;0.000;0.000
Sheffield Brightside and Hillsborough;Gill Furniss;5;South Yorkshire;70453;4165;10812;3696;7044;5603;0;2167;978;0.038;0.697;0.013;0.187;0.064;0.000;0.000;0.000
Sheffield Central;Abtisam Mohamed;5;South Yorkshire;60777;2772;12318;4448;3672;9994;0;651;877;0.002;0.662;0.010;0.013;0.312;0.000;0.000;0.000
Sheffield Hallam;Olivia Blake;5;South Yorkshire;73033;5974;19106;14597;4938;7075;0;397;744;0.009;0.723;0.254;0.006;0.007;0.000;0.000;0.000
Sheffield Heeley;Louise Haigh;5;South Yorkshire;73359;4939;14557;5538;6863;7093;0;673;894;0.016;0.850;0.018;0.064;0.051;0.000;0.000;0.000
Sheffield South East;Clive Betts;5;South Yorkshire;74194;6751;12892;5204;8153;3957;0;1307;1239;0.076;0.728;0.026;0.160;0.009;0.000;0.000;0.000
Sherwood Forest;Unknown (Reform gain from LAB);8;Nottinghamshire;78894;10887;10331;4295;18546;3647;0;0;625;0.108;0.085;0.001;0.803;0.002;0.000;0.000;0.000
Shipley;Anna Dixon;5;West Yorkshire;74130;10815;14479;4164;13814;4848;0;358;644;0.164;0.449;0.005;0.380;0.001;0.000;0.000;0.000
Shrewsbury;Julia Buckley;7;Shropshire;76633;10059;16621;7801;13275;4224;0;0;541;0.101;0.607;0.021;0.268;0.002;0.000;0.000;0.000
Shropshire North;Helen Morgan;7;Shropshire;77594;10057;4324;19116;14115;2903;0;0;273;0.044;0.001;0.736;0.218;0.000;0.000;0.000;0.000
Shropshire South;Unknown (Reform gain from CON);7;Shropshire;76723;14364;5973;13019;15487;3265;0;0;256;0.340;0.009;0.220;0.430;0.000;0.000;0.000;0.000
Sittingbourne and Sheppey;Unknown (Reform gain from LAB);12;Kent;79067;10794;7771;3937;15745;3230;0;0;1469;0.183;0.040;0.003;0.772;0.001;0.000;0.000;0.000
Skipton and Ripon;Unknown (Reform gain from CON);5;North Yorkshire;79251;15374;11623;6152;16970;4499;0;0;628;0.362;0.111;0.009;0.516;0.002;0.000;0.000;0.000
Sleaford and North Hykeham;Unknown (Reform gain from CON);8;Lincolnshire;75807;13307;7849;4700;18361;3544;0;0;1160;0.229;0.026;0.000;0.745;0.000;0.000;0.000;0.000
Slough;Tan Dhesi;12;Berkshire;81512;8444;11501;4042;7653;3403;0;7826;1014;0.207;0.502;0.054;0.179;0.026;0.000;0.031;0.000
Smethwick;Gurinder Singh Josan;7;Black Country;72863;5858;12297;3141;9696;3668;0;2070;771;0.050;0.644;0.005;0.296;0.004;0.000;0.000;0.000
Solihull West and Shirley;Neil Shastri-Hurst;7;Coventry and Solihull;71813;14788;8204;7486;10675;4583;0;888;0;0.671;0.071;0.044;0.207;0.007;0.000;0.000;0.000
Somerset North;Unknown (CON gain from LAB);10;Bristol area;74426;16333;14421;7629;10732;4781;0;566;0;0.509;0.347;0.035;0.106;0.002;0.000;0.000;0.000
Somerset North East and Hanham;Dan Norris;10;Bristol area;73887;13752;14905;5497;12797;4575;0;0;362;0.327;0.420;0.014;0.236;0.002;0.000;0.000;0.000
South Holland and The Deepings;Unknown (Reform gain from CON);8;Lincolnshire;78473;13111;5597;4425;20116;2788;0;0;1709;0.149;0.007;0.000;0.843;0.000;0.000;0.000;0.000
South Ribble;Unknown (Reform gain from LAB);4;Lancashire;73420;12164;12463;4658;15331;3130;0;0;279;0.226;0.238;0.001;0.534;0.000;0.000;0.000;0.000
South Shields;Unknown (Reform gain from LAB);3;Newcastle area;68366;4489;10819;3991;12749;6085;0;0;1314;0.015;0.334;0.004;0.627;0.019;0.000;0.000;0.000
Southampton Itchen;Unknown (Reform gain from LAB);12;Hampshire;68379;8440;11100;4001;11754;4153;0;0;441;0.144;0.373;0.009;0.470;0.004;0.000;0.000;0.000
Southampton Test;Satvir Kaur;12;Hampshire;65520;6486;12316;4500;8668;4687;0;1088;257;0.069;0.704;0.018;0.195;0.014;0.000;0.000;0.000
Southend East and Rochford;Unknown (Reform gain from LAB);9;Essex;70217;10867;10485;3829;12154;4041;0;0;431;0.281;0.252;0.005;0.458;0.003;0.000;0.000;0.000
Southend West and Leigh;Unknown (CON gain from LAB);9;Essex;75154;13959;11932;4666;12863;4683;0;0;484;0.454;0.225;0.005;0.312;0.004;0.000;0.000;0.000
Southgate and Wood Green;Bambos Charalambous;11;Enfield;77542;6940;18176;5676;6922;8064;0;1081;508;0.022;0.908;0.007;0.023;0.039;0.000;0.000;0.000
Southport;Unknown (Reform gain from LAB);4;Merseyside;73641;9728;11769;6667;14442;3603;0;0;718;0.125;0.285;0.019;0.569;0.002;0.000;0.000;0.000
Spelthorne;Lincoln Jopp;12;Surrey;73782;13725;9406;7720;12833;3886;0;0;331;0.467;0.106;0.052;0.373;0.001;0.000;0.000;0.000
Spen Valley;Unknown (Reform gain from LAB);5;West Yorkshire;72642;8893;10288;3701;15960;3424;0;0;903;0.074;0.153;0.000;0.772;0.001;0.000;0.000;0.000
St Albans;Daisy Cooper;9;Hertfordshire;72739;9385;7692;22566;7778;5062;0;0;528;0.028;0.006;0.945;0.018;0.002;0.000;0.000;0.000
St Austell and Newquay;Unknown (Reform gain from LAB);10;Cornwall;76140;12101;11546;5749;15812;3674;0;0;478;0.224;0.173;0.010;0.592;0.000;0.000;0.000;0.000
St Helens North;David Baines;4;Merseyside;75483;4886;14872;4155;14085;4908;0;0;633;0.006;0.542;0.001;0.447;0.003;0.000;0.000;0.000
St Helens South and Whiston;Marie Rimmer;4;Merseyside;71569;3958;13657;5166;11589;4442;0;0;2076;0.010;0.598;0.013;0.371;0.006;0.000;0.000;0.001
St Ives;Andrew George;10;Cornwall;69980;9688;4766;18660;13112;3097;0;0;545;0.055;0.004;0.750;0.190;0.000;0.000;0.000;0.000
St Neots and Mid Cambridgeshire;Ian Sollom;9;Cambridgeshire;78115;12696;7826;16310;11909;4418;0;0;1429;0.259;0.043;0.508;0.186;0.003;0.000;0.000;0.000
Stafford;Unknown (Reform gain from LAB);7;Staffordshire;70608;12577;13050;3836;13410;4173;0;0;350;0.301;0.321;0.001;0.376;0.000;0.000;0.000;0.000
Staffordshire Moorlands;Unknown (Reform gain from CON);7;Staffordshire;69892;12846;9002;3403;14844;3384;0;0;273;0.343;0.067;0.001;0.588;0.000;0.000;0.000;0.000
Stalybridge and Hyde;Unknown (Reform gain from LAB);4;Eastern Manchester;72265;6954;11457;3343;12770;3565;0;1399;692;0.044;0.385;0.005;0.563;0.002;0.000;0.000;0.000
Stevenage;Unknown (Reform gain from LAB);9;Hertfordshire;70086;10615;12080;4573;12156;4093;0;0;278;0.229;0.372;0.005;0.390;0.003;0.000;0.000;0.000
Stockport;Navendu Mishra;4;Eastern Manchester;76625;5774;15255;5603;11012;5709;0;2161;128;0.018;0.737;0.016;0.217;0.012;0.000;0.000;0.000
Stockton North;Unknown (Reform gain from LAB);3;Teesside;70242;7488;11506;3238;14590;2858;0;0;497;0.038;0.273;0.001;0.686;0.000;0.000;0.000;0.000
Stockton West;Matt Vickers;3;Teesside;71868;16561;11756;3548;13506;2984;0;0;407;0.592;0.140;0.000;0.267;0.000;0.000;0.000;0.000
Stoke-on-Trent Central;Unknown (Reform gain from LAB);7;Staffordshire;73693;6641;10161;3426;13713;3134;0;0;1260;0.052;0.220;0.001;0.725;0.001;0.000;0.000;0.000
Stoke-on-Trent North;Unknown (Reform gain from LAB);7;Staffordshire;69790;9595;9545;2803;13851;2537;0;0;519;0.158;0.171;0.000;0.670;0.000;0.000;0.000;0.000
Stoke-on-Trent South;Unknown (Reform gain from LAB);7;Staffordshire;68263;11550;8787;3562;13207;2692;0;0;670;0.328;0.121;0.002;0.548;0.000;0.000;0.000;0.000
Stone, Great Wyrley and Penkridge;Gavin Williamson;7;Staffordshire;71561;15984;9729;5196;8676;3618;0;0;1170;0.795;0.120;0.004;0.079;0.002;0.000;0.000;0.000
Stourbridge;Unknown (Reform gain from LAB);7;Black Country;68311;11024;9171;3189;11955;3170;0;1162;0;0.344;0.179;0.000;0.475;0.001;0.000;0.000;0.000
Stratford and Bow;Uma Kumaran;11;Newham;80560;4024;14835;5134;5535;9761;0;2473;2589;0.016;0.743;0.013;0.030;0.192;0.000;0.000;0.005
Stratford-on-Avon;Manuela Perteghella;7;Warwickshire;75714;13844;4513;18260;13324;2977;0;0;381;0.222;0.001;0.611;0.165;0.000;0.000;0.000;0.000
Streatham and Croydon North;Steve Reed;11;Lambeth;82829;5375;18300;6135;5993;9685;0;1263;296;0.007;0.900;0.011;0.010;0.072;0.000;0.000;0.000
Stretford and Urmston;Andrew Western;4;Central Manchester;75153;6173;16118;4229;9980;6027;0;4199;145;0.019;0.797;0.006;0.158;0.019;0.000;0.000;0.000
Stroud;Simon Joseph Opher;10;Gloucestershire;77912;11852;18939;5497;11884;6842;0;0;558;0.144;0.711;0.006;0.132;0.006;0.000;0.000;0.000
Suffolk Central and North Ipswich;Unknown (Reform gain from CON);9;Suffolk;73046;12766;7680;6228;14025;6062;0;0;419;0.366;0.055;0.018;0.540;0.019;0.000;0.000;0.000
Suffolk Coastal;Unknown (Reform gain from LAB);9;Suffolk;74522;13296;11749;7349;13842;5181;0;0;234;0.348;0.222;0.024;0.400;0.005;0.000;0.000;0.000
Suffolk South;Unknown (Reform gain from CON);9;Suffolk;73385;13032;9034;7039;14824;4866;0;0;245;0.343;0.078;0.034;0.541;0.003;0.000;0.000;0.000
Suffolk West;Unknown (Reform gain from CON);9;Suffolk;77149;12739;8276;5468;15758;4188;0;0;545;0.297;0.048;0.009;0.644;0.001;0.000;0.000;0.000
Sunderland Central;Unknown (Reform gain from LAB);3;Newcastle area;76145;6397;11843;4978;14966;3910;0;0;548;0.024;0.295;0.003;0.676;0.001;0.000;0.000;0.000
Surrey East;Claire Coutinho;12;Surrey;73307;15583;8482;8406;13641;4164;0;0;642;0.535;0.054;0.052;0.357;0.001;0.000;0.000;0.000
Surrey Heath;Al Pinkerton;12;Surrey;71934;15178;4564;15802;11017;2885;0;0;255;0.405;0.002;0.491;0.102;0.000;0.000;0.000;0.000
Sussex Mid;Alison Bennett;12;West Sussex;75969;12974;9185;16560;11089;3975;0;0;525;0.246;0.062;0.570;0.120;0.002;0.000;0.000;0.000
Sussex Weald;Nus Ghani;12;East Sussex;72897;14334;6588;9194;13664;4741;0;0;756;0.495;0.028;0.083;0.389;0.004;0.000;0.000;0.000
Sutton and Cheam;Luke Taylor;11;Sutton;72302;12590;7908;13343;10458;3545;0;0;470;0.347;0.060;0.432;0.158;0.002;0.000;0.000;0.000
Sutton Coldfield;Andrew Mitchell;7;Birmingham;74080;16301;10519;4344;11732;4074;0;1011;0;0.686;0.119;0.002;0.191;0.002;0.000;0.000;0.000
Swindon North;Unknown (CON gain from LAB);10;Wiltshire;73238;12767;12420;3810;12656;3802;0;0;345;0.348;0.315;0.002;0.334;0.000;0.000;0.000;0.000
Swindon South;Heidi Alexander;10;Wiltshire;72596;10609;14936;3957;11202;4161;0;0;502;0.164;0.645;0.004;0.184;0.002;0.000;0.000;0.000
Tamworth;Unknown (Reform gain from LAB);7;Staffordshire;75059;12224;9507;3433;15455;3138;0;324;275;0.283;0.085;0.000;0.630;0.000;0.000;0.000;0.000
Tatton;Esther McVey;4;Cheshire;75978;16707;12675;6267;12821;4171;0;0;270;0.597;0.197;0.007;0.198;0.000;0.000;0.000;0.000
Taunton and Wellington;Gideon Amos;10;Somerset;78116;11485;5314;17848;14071;3463;0;0;441;0.118;0.004;0.632;0.245;0.001;0.000;0.000;0.000
Telford;Unknown (Reform gain from LAB);7;Shropshire;73808;9044;11930;3341;14536;3630;0;0;255;0.096;0.294;0.001;0.605;0.002;0.000;0.000;0.000
Tewkesbury;Cameron Thomas;10;Gloucestershire;73458;13960;5316;15292;11419;4174;0;0;285;0.334;0.006;0.490;0.167;0.001;0.000;0.000;0.000
Thanet East;Unknown (Reform gain from LAB);12;Kent;74940;10362;11595;3661;13427;5610;0;0;576;0.187;0.296;0.004;0.502;0.009;0.000;0.000;0.000
Thirsk and Malton;Unknown (Reform gain from CON);5;North Yorkshire;78484;14358;7439;6505;17882;3938;0;0;526;0.301;0.016;0.009;0.673;0.001;0.000;0.000;0.000
Thornbury and Yate;Unknown (CON gain from LIB);10;Bristol area;78195;16282;6019;15621;13370;3649;0;0;242;0.440;0.006;0.362;0.192;0.000;0.000;0.000;0.000
Thurrock;Unknown (Reform gain from LAB);9;Essex;73405;8632;10375;2738;14638;2956;0;672;216;0.100;0.171;0.002;0.727;0.000;0.000;0.000;0.000
Tipton and Wednesbury;Unknown (Reform gain from LAB);7;Black Country;74100;8063;7834;2605;14137;2482;0;0;798;0.097;0.073;0.000;0.830;0.000;0.000;0.000;0.000
Tiverton and Minehead;Rachel Gilmour;10;Somerset;71843;12312;4332;14335;13748;3355;0;0;234;0.222;0.002;0.438;0.337;0.000;0.000;0.000;0.000
Tonbridge;Tom Tugendhat;12;Kent;72799;16081;7022;5637;13093;7576;0;0;557;0.644;0.018;0.011;0.300;0.027;0.000;0.000;0.000
Tooting;Rosena Allin-Khan;11;Wandsworth;76082;8203;22860;6358;5304;8273;0;1163;394;0.015;0.964;0.003;0.006;0.012;0.000;0.000;0.000
Torbay;Unknown (Reform gain from LIB);10;Devon;76179;13448;4219;13424;13862;2914;0;680;0;0.306;0.002;0.347;0.345;0.000;0.000;0.000;0.000
Torridge and Tavistock;Unknown (Reform gain from CON);10;Devon;74727;13199;7796;10508;15113;3664;0;0;389;0.322;0.032;0.124;0.520;0.001;0.000;0.000;0.000
Tottenham;David Lammy;11;Haringey;75906;2842;17004;4529;5404;9794;0;625;1390;0.001;0.883;0.003;0.007;0.105;0.000;0.000;0.000
Truro and Falmouth;Jayne Kirkham;10;Cornwall;73082;10445;15780;7586;11982;4989;0;0;579;0.140;0.596;0.036;0.220;0.007;0.000;0.000;0.000
Tunbridge Wells;Mike Martin;12;Kent;78738;13933;6893;18277;11947;4299;0;0;388;0.231;0.010;0.630;0.127;0.001;0.000;0.000;0.000
Twickenham;Munira Wilson;11;Richmond upon Thames;74980;8770;8926;23512;6874;5661;0;1245;0;0.015;0.021;0.955;0.008;0.001;0.000;0.000;0.000
Tynemouth;Alan Campbell;3;Newcastle area;73469;8387;17557;5516;11871;4864;0;0;1030;0.040;0.770;0.005;0.184;0.001;0.000;0.000;0.000
Uxbridge and South Ruislip;Unknown (CON gain from LAB);11;Hillingdon;74746;14558;11383;3612;10921;5508;0;0;385;0.581;0.246;0.001;0.161;0.011;0.000;0.000;0.000
Vauxhall and Camberwell Green;Florence Eshalomi;11;Lambeth;69658;3043;16122;5601;5068;8606;0;0;458;0.001;0.906;0.009;0.008;0.074;0.000;0.000;0.000
Wakefield and Rothwell;Unknown (Reform gain from LAB);5;West Yorkshire;75067;7242;11058;4645;15122;3600;0;859;478;0.047;0.233;0.004;0.715;0.000;0.000;0.000;0.000
Wallasey;Angela Eagle;4;Merseyside;74082;5006;17286;3999;11204;5657;0;1095;234;0.005;0.827;0.002;0.162;0.004;0.000;0.000;0.000
Walsall and Bloxwich;Unknown (Reform gain from LAB);7;Black Country;75968;7497;8362;2388;12414;3197;0;4991;0;0.119;0.162;0.004;0.704;0.006;0.000;0.004;0.000
Walthamstow;Stella Creasy;11;Waltham Forest;76338;3200;20124;4261;5128;10883;0;1490;993;0.001;0.915;0.002;0.002;0.079;0.000;0.000;0.000
Warrington North;Unknown (Reform gain from LAB);4;Cheshire;70601;6529;13095;4628;14546;3032;0;0;742;0.022;0.374;0.005;0.599;0.000;0.000;0.000;0.000
Warrington South;Sarah Edith Hall;4;Cheshire;78399;10442;15233;5864;14235;4140;0;0;647;0.116;0.483;0.010;0.389;0.001;0.000;0.000;0.000
Warwick and Leamington;Matt Western;7;Warwickshire;76294;10492;17683;5975;9710;6355;0;0;432;0.115;0.787;0.007;0.076;0.014;0.000;0.000;0.000
Warwickshire North and Bedworth;Unknown (Reform gain from LAB);7;Warwickshire;69752;10788;9066;3134;15479;3004;0;0;254;0.172;0.079;0.000;0.749;0.000;0.000;0.000;0.000
Washington and Gateshead South;Unknown (Reform gain from LAB);3;Newcastle area;70972;5310;11895;3742;15259;2757;0;0;729;0.004;0.277;0.001;0.718;0.000;0.000;0.000;0.000
Watford;Matt Turmaine;9;Hertfordshire;73000;10218;11642;6986;9491;4178;0;2389;76;0.273;0.436;0.070;0.213;0.007;0.000;0.000;0.000
Waveney Valley;Adrian Ramsay;9;Suffolk;73056;11661;4290;3467;13759;16290;0;0;263;0.153;0.002;0.001;0.278;0.565;0.000;0.000;0.000
Weald of Kent;Unknown (Reform gain from CON);12;Kent;75988;15502;8419;5538;16629;5069;0;0;243;0.428;0.030;0.008;0.532;0.001;0.000;0.000;0.000
Wellingborough and Rushden;Unknown (Reform gain from LAB);8;Northamptonshire;77559;10527;9214;3721;16284;3968;0;0;399;0.146;0.076;0.000;0.777;0.000;0.000;0.000;0.000
Wells and Mendip Hills;Tessa Munt;10;Somerset;72051;11928;5334;17633;12677;3458;0;0;721;0.151;0.007;0.645;0.195;0.001;0.000;0.000;0.000
Welwyn Hatfield;Andrew Lewin;9;Hertfordshire;75259;13020;14192;4894;12313;4506;0;0;378;0.309;0.425;0.005;0.259;0.001;0.000;0.000;0.000
West Bromwich;Unknown (Reform gain from LAB);7;Black Country;74026;7800;11095;3303;12337;3209;0;0;874;0.082;0.366;0.000;0.550;0.001;0.000;0.000;0.000
West Ham and Beckton;James Edward Asser;11;Newham;78790;4391;12151;3236;6894;5718;0;5643;255;0.032;0.769;0.009;0.110;0.067;0.000;0.013;0.000
Westmorland and Lonsdale;Tim Farron;4;Cumbria;72029;8454;4281;22264;13069;2885;0;0;400;0.010;0.001;0.900;0.089;0.000;0.000;0.000;0.000
Weston-super-Mare;Unknown (Reform gain from LAB);10;Bristol area;71396;11430;11449;4758;12508;4059;0;0;250;0.305;0.282;0.010;0.398;0.005;0.000;0.000;0.000
Wetherby and Easingwold;Alec Shelbrooke;5;North Yorkshire;74334;15403;9724;5825;15136;5254;0;0;458;0.464;0.082;0.013;0.437;0.004;0.000;0.000;0.000
Whitehaven and Workington;Unknown (Reform gain from LAB);4;Cumbria;73198;7268;13624;3528;16893;2565;0;0;360;0.017;0.286;0.000;0.696;0.000;0.000;0.000;0.000
Widnes and Halewood;Derek Twigg;4;Cheshire;71233;4124;16150;3517;11551;3859;0;1317;0;0.002;0.774;0.001;0.220;0.002;0.000;0.000;0.000
Wigan;Unknown (Reform gain from LAB);4;Western Manchester;77537;5398;13610;4888;15179;3105;0;0;2042;0.012;0.390;0.004;0.593;0.000;0.000;0.000;0.000
Wiltshire East;Unknown (Reform gain from CON);10;Wiltshire;73878;13258;8572;8225;13721;3484;0;0;327;0.382;0.078;0.059;0.476;0.003;0.000;0.000;0.000
Wiltshire South West;Andrew Murrison;10;Wiltshire;72809;14039;9447;7059;13454;3577;0;0;496;0.457;0.089;0.036;0.415;0.002;0.000;0.000;0.000
Wimbledon;Paul Christopher Kohler;11;Merton;76352;11000;12148;19775;6354;5043;0;795;323;0.084;0.123;0.786;0.005;0.001;0.000;0.000;0.000
Winchester;Danny Chambers;12;Hampshire;78289;13612;5586;23469;10827;4503;0;0;500;0.109;0.001;0.852;0.037;0.000;0.000;0.000;0.000
Windsor;Jack Rankin;12;Berkshire;73334;15389;8250;9033;9541;3997;0;468;615;0.711;0.071;0.095;0.120;0.002;0.000;0.000;0.000
Wirral West;Matthew Patrick;4;Merseyside;72838;11552;15640;5513;11999;5296;0;0;459;0.174;0.586;0.006;0.227;0.005;0.000;0.000;0.000
Witham;Unknown (Reform gain from CON);9;Essex;79072;15110;9313;5207;16326;4592;0;0;609;0.390;0.060;0.005;0.543;0.001;0.000;0.000;0.000
Witney;Charlie Maynard;12;Oxfordshire;75448;14727;5785;16139;12176;3379;0;0;365;0.353;0.010;0.478;0.157;0.001;0.000;0.000;0.000
Woking;Will Forster;12;Surrey;72977;11961;5831;17886;9442;3795;0;0;414;0.169;0.007;0.762;0.061;0.001;0.000;0.000;0.000
Wokingham;Clive Jones;12;Berkshire;75082;16211;5571;19248;9770;3851;0;0;229;0.331;0.004;0.628;0.037;0.000;0.000;0.000;0.000
Wolverhampton North East;Unknown (Reform gain from LAB);7;Black Country;70715;9187;9050;2563;13057;2598;0;0;223;0.174;0.143;0.000;0.683;0.000;0.000;0.000;0.000
Wolverhampton South East;Unknown (Reform gain from LAB);7;Black Country;77473;6473;10601;2421;13391;2858;0;1218;0;0.036;0.277;0.001;0.685;0.001;0.000;0.000;0.000
Wolverhampton West;Warinder Juss;7;Black Country;77851;10939;13354;3862;11241;4019;0;495;977;0.219;0.496;0.004;0.278;0.002;0.000;0.000;0.000
Worcester;Tom Collins;7;Hereford and Worcestershire;74931;10309;13623;5447;11717;5981;0;0;533;0.185;0.508;0.009;0.285;0.013;0.000;0.000;0.000
Worcestershire West;Harriett Baldwin;7;Hereford and Worcestershire;79242;15960;6837;11847;14305;5826;0;0;365;0.495;0.022;0.153;0.326;0.003;0.000;0.000;0.000
Worsley and Eccles;Unknown (Reform gain from LAB);4;Central Manchester;78643;7012;14119;4121;14167;4308;0;784;580;0.030;0.474;0.002;0.489;0.005;0.000;0.000;0.000
Worthing East and Shoreham;Tom Rutland;12;West Sussex;74738;11161;16028;5100;12265;4712;0;0;684;0.160;0.602;0.008;0.224;0.004;0.000;0.000;0.000
Worthing West;Unknown (CON gain from LAB);12;West Sussex;77038;15304;14412;4691;12509;4817;0;0;389;0.440;0.339;0.006;0.209;0.005;0.000;0.000;0.000
Wrekin, The;Unknown (Reform gain from CON);7;Shropshire;78942;13606;9946;6017;15174;4486;0;0;443;0.367;0.106;0.010;0.516;0.001;0.000;0.000;0.000
Wycombe;Emma Reynolds;12;Buckinghamshire;73846;10731;11741;6244;9774;3902;0;2411;944;0.297;0.410;0.051;0.234;0.008;0.000;0.000;0.000
Wyre Forest;Unknown (Reform gain from CON);7;Hereford and Worcestershire;77394;12668;8952;4786;14966;3810;0;0;903;0.324;0.096;0.004;0.573;0.002;0.000;0.000;0.000
Wythenshawe and Sale East;Mike Kane;4;Central Manchester;77765;5906;13913;4088;11389;4970;0;1221;279;0.023;0.656;0.005;0.310;0.005;0.000;0.000;0.000
Yeovil;Adam Dance;10;Somerset;79700;11800;4632;17228;14646;3728;0;0;399;0.130;0.003;0.558;0.308;0.001;0.000;0.000;0.000
York Central;Rachael Maskell;5;North Yorkshire;79557;5350;17985;5601;9308;7633;0;0;688;0.010;0.870;0.006;0.087;0.026;0.000;0.000;0.000
York Outer;Luke Charters;5;North Yorkshire;76228;11461;15918;7069;13052;3909;0;0;590;0.159;0.564;0.014;0.260;0.003;0.000;0.000;0.000
Aberafan Maesteg;Unknown (Reform gain from LAB);6;West Glamorgan;72580;6065;11623;3428;11737;3023;6464;0;874;0.044;0.449;0.004;0.453;0.002;0.047;0.000;0.000
Alyn and Deeside;Unknown (Reform gain from LAB);6;Clwyd;75790;10494;12265;4446;13584;3178;4474;0;1243;0.188;0.311;0.004;0.490;0.001;0.004;0.000;0.000
Bangor Aberconwy;Unknown (CON gain from LAB);6;Clwyd;69023;10367;9765;3707;10077;2633;10195;0;706;0.272;0.213;0.005;0.252;0.001;0.257;0.000;0.000
Blaenau Gwent and Rhymney;Nick Smith;6;Gwent;70153;6372;10474;3755;6842;3353;5950;574;1370;0.111;0.605;0.012;0.169;0.010;0.092;0.000;0.000
Brecon, Radnor and Cwm Tawe;Unknown (Reform gain from LIB);6;Powys;73114;13021;7170;10862;13575;2553;3843;0;588;0.362;0.032;0.174;0.427;0.002;0.003;0.000;0.000
Bridgend;Unknown (Reform gain from LAB);6;Mid Glamorgan;73152;10000;10582;4367;12529;3503;3765;0;1700;0.209;0.268;0.008;0.501;0.003;0.009;0.000;0.001
Caerfyrddin (Carmarthen);Ann Davies;6;Dyfed;74003;10419;7993;3485;11796;2462;15015;592;387;0.150;0.055;0.002;0.225;0.000;0.568;0.000;0.000
Caerphilly;Unknown (Reform gain from LAB);6;Gwent;72643;8083;9878;3718;11639;2910;8226;0;637;0.128;0.269;0.006;0.468;0.002;0.126;0.000;0.000
Cardiff East;Jo Stevens;6;South Glamorgan;72873;6618;11000;6976;8069;6049;5897;0;640;0.101;0.529;0.098;0.178;0.042;0.052;0.000;0.000
Cardiff North;Anna McMorrin;6;South Glamorgan;71335;11663;14485;5204;8504;4695;6011;0;657;0.281;0.594;0.009;0.091;0.007;0.018;0.000;0.000
Cardiff South and Penarth;Stephen Doughty;6;South Glamorgan;72613;8375;11772;4772;7577;6760;5747;0;599;0.186;0.559;0.020;0.126;0.068;0.041;0.000;0.000
Cardiff West;Alex Barros-Curtis;6;South Glamorgan;75473;9516;11356;4519;8959;4642;9607;0;1118;0.223;0.385;0.006;0.178;0.012;0.195;0.000;0.000
Ceredigion Preseli;Ben Lake;6;Dyfed;75690;7560;5064;6562;10496;2817;20610;1064;0;0.017;0.004;0.012;0.060;0.001;0.905;0.000;0.000
Clwyd East;Unknown (CON gain from LAB);6;Clwyd;76637;14456;11548;4219;14137;3131;4603;0;660;0.408;0.187;0.000;0.400;0.000;0.004;0.000;0.000
Clwyd North;Unknown (CON gain from LAB);6;Clwyd;75027;14512;9070;3618;13017;2824;3885;0;463;0.550;0.088;0.002;0.356;0.000;0.003;0.000;0.000
Dwyfor Meirionnydd;Liz Saville Roberts;6;Gwynedd;73042;6525;5269;3396;9660;2822;21284;0;497;0.006;0.001;0.000;0.043;0.000;0.948;0.000;0.000
Gower;Tonia Antoniazzi;6;West Glamorgan;76123;11348;13997;4867;11999;3766;6261;0;752;0.230;0.484;0.007;0.257;0.001;0.020;0.000;0.000
Llanelli;Unknown (Reform gain from LAB);6;Dyfed;71536;7551;8831;3504;14176;2376;9845;0;821;0.066;0.113;0.002;0.663;0.000;0.155;0.000;0.000
Merthyr Tydfil and Aberdare;Unknown (Reform gain from LAB);6;Mid Glamorgan;74460;6092;10581;3339;11849;3138;6308;978;541;0.055;0.358;0.006;0.530;0.004;0.046;0.000;0.000
Monmouthshire;Unknown (CON gain from LAB);6;Gwent;74823;16985;13104;4767;11915;3780;3069;0;727;0.611;0.220;0.003;0.165;0.000;0.000;0.000;0.000
Montgomeryshire and Glyndwr;Unknown (Reform gain from LAB);6;Powys;74039;9850;8131;6356;15514;2916;5967;0;428;0.142;0.064;0.021;0.752;0.001;0.019;0.000;0.000
Neath and Swansea East;Unknown (Reform gain from LAB);6;West Glamorgan;76291;6930;11404;4260;13542;3625;7079;0;648;0.047;0.313;0.005;0.585;0.001;0.048;0.000;0.000
Newport East;Unknown (Reform gain from LAB);6;Gwent;76845;9487;10708;4324;11798;3377;4645;0;1320;0.204;0.322;0.006;0.450;0.003;0.013;0.000;0.000
Newport West and Islwyn;Unknown (Reform gain from LAB);6;Gwent;75781;9942;11757;4488;12220;3412;5309;0;1255;0.196;0.344;0.005;0.426;0.003;0.025;0.000;0.000
Pembrokeshire Mid and South;Unknown (Reform gain from LAB);6;Dyfed;79031;14579;10191;4418;15747;2909;4580;0;640;0.383;0.108;0.000;0.504;0.001;0.003;0.000;0.000
Pontypridd;Alex Davies-Jones;6;Mid Glamorgan;75951;7012;11395;4422;11272;3955;6770;0;1678;0.093;0.415;0.009;0.408;0.009;0.064;0.000;0.000
Rhondda and Ogmore;Unknown (Reform gain from LAB);6;Mid Glamorgan;74493;5543;11283;3228;12699;3138;6603;0;625;0.027;0.369;0.003;0.559;0.000;0.042;0.000;0.000
Swansea West;Torsten Bell;6;West Glamorgan;74236;6629;9977;5378;9871;4322;6205;0;718;0.101;0.397;0.033;0.396;0.010;0.061;0.000;0.000
Torfaen;Unknown (Reform gain from LAB);6;Gwent;71738;8932;10000;3755;12018;2822;4544;0;980;0.178;0.291;0.004;0.515;0.001;0.010;0.000;0.000
Vale of Glamorgan;Unknown (CON gain from LAB);6;South Glamorgan;74374;14491;11095;4068;12528;3494;3785;0;790;0.509;0.177;0.002;0.309;0.000;0.002;0.000;0.000
Wrexham;Unknown (Reform gain from LAB);6;Clwyd;70269;11296;9568;3717;12806;2819;4300;0;602;0.324;0.180;0.004;0.487;0.002;0.003;0.000;0.000
Ynys Mon (Anglesey);Llinos Medi;6;Gwynedd;53141;9614;5529;2184;7629;1418;10979;0;371;0.322;0.042;0.000;0.130;0.000;0.504;0.000;0.000
Aberdeen North;Kirsty Blackman;2;Grampian;75925;6354;5972;3311;9142;2868;16987;0;2679;0.023;0.019;0.002;0.095;0.001;0.858;0.000;0.000
Aberdeen South;Stephen Flynn;2;Grampian;77328;12280;3921;3688;8692;3333;17572;0;2024;0.188;0.004;0.001;0.047;0.001;0.758;0.000;0.000
Aberdeenshire North and Moray East;Seamus Logan;2;Grampian;70058;13283;100;3198;9289;428;15514;0;936;0.310;0.000;0.000;0.077;0.000;0.612;0.000;0.000
Aberdeenshire West and Kincardine;Andrew Campbell Bowie;2;Grampian;72994;17556;662;6840;7700;1874;15223;0;1449;0.624;0.000;0.010;0.020;0.000;0.345;0.000;0.000
Airdrie and Shotts;Unknown (NAT gain from LAB);2;Glasgow area;70199;2113;13025;1180;7964;1289;13447;0;2420;0.000;0.441;0.000;0.060;0.000;0.498;0.000;0.000
Alloa and Grangemouth;Unknown (NAT gain from LAB);2;Central;70680;3387;11100;1653;9109;2954;13745;406;2785;0.004;0.272;0.000;0.123;0.001;0.597;0.000;0.001
Angus and Perthshire Glens;Dave Doogan;2;Tayside;76668;15288;930;3768;7950;944;21975;0;2031;0.187;0.000;0.001;0.009;0.000;0.802;0.000;0.000
Arbroath and Broughty Ferry;Stephen Patrick Gethins;2;Tayside;76149;7387;7561;2943;9454;1507;18137;0;2372;0.026;0.038;0.000;0.088;0.000;0.846;0.000;0.001
Argyll, Bute and South Lochaber;Brendan O'Hara;2;Argyll and Bute;71756;10096;1749;8607;8083;1342;18025;0;2260;0.094;0.000;0.035;0.048;0.000;0.823;0.000;0.000
Ayr, Carrick and Cumnock;Unknown (NAT gain from LAB);2;Ayrshire and Lanark;70340;10080;8266;1604;8869;2395;12710;0;1796;0.203;0.106;0.000;0.141;0.000;0.548;0.000;0.000
Ayrshire Central;Unknown (NAT gain from LAB);2;Ayrshire and Lanark;69413;6459;11064;1466;8794;2543;12956;0;1886;0.033;0.316;0.001;0.128;0.001;0.521;0.000;0.000
Ayrshire North and Arran;Unknown (NAT gain from LAB);2;Ayrshire and Lanark;72176;6279;9753;1505;8825;2890;15262;0;1835;0.024;0.148;0.001;0.084;0.000;0.742;0.000;0.000
Bathgate and Linlithgow;Unknown (NAT gain from LAB);2;Edinburgh area;72185;3427;12700;2791;9029;2969;13317;0;2015;0.008;0.398;0.001;0.102;0.000;0.490;0.000;0.000
Berwickshire, Roxburgh and Selkirk;John Lamont;2;Borders;76438;19847;743;4214;7672;2486;13905;0;1749;0.803;0.000;0.000;0.013;0.000;0.183;0.000;0.000
Caithness, Sutherland and Easter Ross;Jamie Stone;2;Highland;74627;1786;69;25699;6354;2231;14075;0;1674;0.000;0.000;0.939;0.002;0.000;0.059;0.000;0.000
Coatbridge and Bellshill;Unknown (NAT gain from LAB);2;Glasgow area;72667;1819;12841;1115;7546;2684;14978;0;1885;0.000;0.349;0.000;0.034;0.000;0.616;0.000;0.000
Cowdenbeath and Kirkcaldy;Unknown (NAT gain from LAB);2;Fife;71845;3485;11891;2157;8479;3128;13342;0;2699;0.006;0.349;0.001;0.101;0.001;0.539;0.000;0.000
Cumbernauld and Kirkintilloch;Unknown (NAT gain from LAB);2;Glasgow area;70350;2326;11586;1805;8273;3231;16387;0;1242;0.002;0.208;0.000;0.043;0.000;0.747;0.000;0.000
Dumfries and Galloway;John Cooper;2;Dumfries and Galloway;78541;14471;4237;2708;9707;2860;14379;0;1523;0.441;0.004;0.001;0.096;0.000;0.457;0.000;0.000
Dumfriesshire, Clydesdale and Tweeddale;David Mundell;2;Dumfries and Galloway;71900;16022;2892;3450;8878;3048;12282;0;1422;0.693;0.001;0.000;0.058;0.001;0.245;0.000;0.000
Dunbartonshire Mid;Susan Murray;2;Glasgow area;73596;2825;2298;23849;7225;3407;13858;0;1715;0.000;0.000;0.883;0.005;0.000;0.112;0.000;0.000
Dunbartonshire West;Unknown (NAT gain from LAB);2;Glasgow area;69074;1884;12523;1288;7691;2959;15135;0;1636;0.000;0.319;0.000;0.040;0.000;0.640;0.000;0.000
Dundee Central;Chris Law;2;Tayside;74221;2076;8834;3160;7301;1355;18558;327;3266;0.000;0.052;0.001;0.024;0.000;0.922;0.000;0.000
Dunfermline and Dollar;Unknown (NAT gain from LAB);2;Fife;72824;3569;12750;3890;8511;3772;13937;0;2118;0.005;0.379;0.005;0.084;0.002;0.523;0.000;0.000
East Kilbride and Strathaven;Unknown (NAT gain from LAB);2;Ayrshire and Lanark;76415;3783;14533;1599;9316;3528;15504;0;2120;0.002;0.403;0.000;0.060;0.002;0.532;0.000;0.000
Edinburgh East and Musselburgh;Unknown (NAT gain from LAB);2;Edinburgh area;76188;3031;11327;2610;7734;6751;17517;0;1787;0.001;0.180;0.000;0.038;0.010;0.769;0.000;0.000
Edinburgh North and Leith;Unknown (NAT gain from LAB);2;Edinburgh area;78411;3637;12542;4738;7834;7630;15690;0;2349;0.005;0.293;0.007;0.048;0.039;0.605;0.000;0.001
Edinburgh South;Ian Murray;2;Edinburgh area;70839;4168;16662;3395;7864;6185;9163;0;2906;0.011;0.796;0.000;0.068;0.014;0.110;0.000;0.000
Edinburgh South West;Unknown (NAT gain from LAB);2;Edinburgh area;73784;5904;11167;3793;7920;5410;14623;0;1952;0.027;0.265;0.005;0.065;0.010;0.628;0.000;0.000
Edinburgh West;Christine Anne Jardine;2;Edinburgh area;76490;2868;1091;28285;6635;3227;11255;0;1806;0.000;0.000;0.980;0.001;0.000;0.018;0.000;0.000
Falkirk;Unknown (NAT gain from LAB);2;Central;73584;3839;11264;1616;8903;3349;15467;0;2649;0.002;0.209;0.001;0.092;0.001;0.694;0.000;0.000
Fife North East;Wendy Chamberlain;2;Fife;69762;1627;83;26763;5365;2308;11694;0;908;0.000;0.000;0.977;0.001;0.000;0.021;0.000;0.000
Glasgow East;Unknown (NAT gain from LAB);2;Glasgow area;68988;2064;9682;1307;6806;4225;13601;0;1594;0.002;0.198;0.000;0.054;0.005;0.740;0.000;0.000
Glasgow North;Unknown (NAT gain from LAB);2;Glasgow area;67579;1829;9334;1672;6121;6135;13456;0;1742;0.001;0.204;0.001;0.038;0.021;0.735;0.000;0.000
Glasgow North East;Unknown (NAT gain from LAB);2;Glasgow area;72610;1631;10364;1019;6772;4039;13211;0;2145;0.000;0.302;0.000;0.045;0.003;0.650;0.000;0.000
Glasgow South;Unknown (NAT gain from LAB);2;Glasgow area;70219;1978;10144;1766;6449;7187;14845;0;2149;0.002;0.191;0.000;0.035;0.033;0.738;0.000;0.000
Glasgow South West;Unknown (NAT gain from LAB);2;Glasgow area;68871;1805;9793;1423;6730;4288;14358;0;1693;0.001;0.203;0.001;0.036;0.005;0.753;0.000;0.000
Glasgow West;Unknown (NAT gain from LAB);2;Glasgow area;69028;2118;11868;1820;7003;5355;13982;0;1556;0.001;0.336;0.000;0.040;0.009;0.614;0.000;0.000
Glenrothes and Mid Fife;Unknown (NAT gain from LAB);2;Fife;70655;2400;10387;2204;8514;1276;15598;0;1153;0.002;0.177;0.001;0.073;0.000;0.746;0.000;0.000
Gordon and Buchan;Unknown (NAT gain from CON);2;Grampian;69605;14684;202;7940;7604;517;15013;0;1037;0.477;0.000;0.023;0.031;0.000;0.468;0.000;0.000
Hamilton and Clyde Valley;Imogen Walker;2;Ayrshire and Lanark;75480;4850;14075;2091;9107;1479;13632;0;1561;0.006;0.483;0.000;0.069;0.000;0.441;0.000;0.000
Inverclyde and Renfrewshire West;Unknown (NAT gain from LAB);2;Glasgow area;70124;3158;12172;1775;7661;2675;14532;0;2483;0.003;0.318;0.001;0.045;0.000;0.632;0.000;0.000
Inverness, Skye and West Ross-shire;Angus MacDonald;2;Highland;77927;2528;676;20398;7171;3057;18317;0;1314;0.000;0.000;0.603;0.006;0.000;0.391;0.000;0.000
Kilmarnock and Loudoun;Unknown (NAT gain from LAB);2;Ayrshire and Lanark;74628;3806;12029;1353;9075;2835;16184;0;1805;0.004;0.230;0.000;0.062;0.000;0.703;0.000;0.000
Livingston;Unknown (NAT gain from LAB);2;Edinburgh area;78043;3763;10855;2657;9695;3394;17019;0;1975;0.005;0.146;0.001;0.091;0.000;0.755;0.000;0.000
Lothian East;Douglas Alexander;2;Edinburgh area;75456;5720;15234;3330;9325;4331;12032;0;2188;0.022;0.601;0.003;0.105;0.003;0.265;0.000;0.000
Midlothian;Unknown (NAT gain from LAB);2;Edinburgh area;73916;3525;13934;3246;8992;1505;15298;0;1697;0.001;0.376;0.001;0.057;0.000;0.564;0.000;0.000
Moray West, Nairn and Strathspey;Graham Leadbitter;2;Grampian;77072;14543;1489;4394;8235;3004;16639;0;1640;0.364;0.000;0.001;0.035;0.000;0.598;0.000;0.000
Motherwell, Wishaw and Carluke;Unknown (NAT gain from LAB);2;Glasgow area;71777;2756;12700;1289;8153;2679;14083;0;1627;0.002;0.352;0.000;0.067;0.000;0.578;0.000;0.000
Na h-Eileanan An Iar (Western Isles);Torcuil Crichton;2;Western Isles;21235;782;4436;552;2417;463;3389;0;2921;0.002;0.587;0.000;0.061;0.000;0.256;0.000;0.093
Orkney and Shetland;Alistair Carmichael;2;Orkney and Shetland;34236;574;30;12891;2888;2475;4156;0;332;0.000;0.000;0.994;0.001;0.000;0.005;0.000;0.000
Paisley and Renfrewshire North;Unknown (NAT gain from LAB);2;Glasgow area;71103;2960;12464;1891;8506;3004;15111;0;1298;0.001;0.316;0.000;0.048;0.000;0.634;0.000;0.000
Paisley and Renfrewshire South;Unknown (NAT gain from LAB);2;Glasgow area;71574;2619;12776;1861;8305;3336;15212;0;1780;0.001;0.341;0.001;0.053;0.000;0.604;0.000;0.000
Perth and Kinross-shire;Pete Wishart;2;Tayside;77261;15742;1687;4405;8215;1351;21367;0;2048;0.224;0.000;0.000;0.016;0.000;0.759;0.000;0.000
Renfrewshire East;Unknown (NAT gain from LAB);2;Glasgow area;73380;8673;12975;1676;8431;3246;15098;0;2884;0.062;0.331;0.000;0.062;0.001;0.544;0.000;0.000
Rutherglen;Unknown (NAT gain from LAB);2;Ayrshire and Lanark;72674;2745;14060;2257;8044;1433;14464;0;2976;0.001;0.461;0.000;0.057;0.000;0.478;0.000;0.001
Stirling and Strathallan;Unknown (NAT gain from LAB);2;Central;76284;10048;8566;3233;9183;4196;17669;0;1480;0.084;0.061;0.001;0.062;0.001;0.789;0.000;0.000
Antrim East;Sammy Wilson;1;Antrim;73302;9497;886;11479;10142;4102;2969;0;599;0.217;0.001;0.475;0.296;0.003;0.007;0.000;0.000
Antrim North;Jim Allister;1;Antrim;74697;3926;1650;11212;4474;11608;7690;0;624;0.008;0.001;0.420;0.013;0.446;0.111;0.000;0.000
Antrim South;Robin Swann;1;Antrim;77058;16333;1579;8816;4559;2671;8009;0;941;0.847;0.000;0.086;0.007;0.000;0.058;0.000;0.000
Belfast East;Gavin Robinson;1;Antrim;72917;1829;615;19902;17203;1902;0;0;1255;0.000;0.000;0.674;0.326;0.000;0.000;0.000;0.000
Belfast North;John Finucane;1;Antrim;74240;21;1404;12079;4260;2853;17651;0;2184;0.000;0.000;0.194;0.001;0.000;0.804;0.000;0.000
Belfast South and Mid Down;Claire Hanna;1;Antrim;74749;2672;21317;6874;8824;2200;0;0;1605;0.000;0.974;0.008;0.017;0.000;0.000;0.000;0.000
Belfast West;Paul Maskey;1;Antrim;75346;482;4293;4321;1073;1993;20986;5048;1547;0.000;0.002;0.004;0.000;0.000;0.993;0.000;0.000
Down North;Alex Easton;1;Down;73885;6760;653;5;13593;0;0;20913;1373;0.027;0.002;0.006;0.259;0.000;0.008;0.697;0.000
Down South;Chris Hazzard;1;Down;76248;1436;10389;7369;3176;1877;19672;0;1324;0.000;0.062;0.023;0.000;0.000;0.914;0.000;0.000
Fermanagh and South Tyrone;Pat Cullen;1;Fermanagh;77828;20289;2371;13;2412;0;24815;0;1177;0.303;0.000;0.000;0.000;0.000;0.697;0.000;0.000
Foyle;Colum Eastwood;1;Londonderry;73496;1438;15623;3927;1264;0;11459;0;4648;0.000;0.770;0.006;0.000;0.000;0.220;0.000;0.002
Lagan Valley;Sorcha-Lucy Eastwood;1;Down;82201;11170;1021;15669;18601;2168;0;0;452;0.059;0.000;0.319;0.622;0.000;0.000;0.000;0.000
Londonderry East;Gregory Campbell;1;Londonderry;75707;3442;5234;11529;3721;4329;11303;0;1719;0.008;0.025;0.506;0.013;0.010;0.436;0.000;0.002
Newry and Armagh;Dáire Hughes;1;Down;78244;3205;6777;5924;2683;4065;22273;0;1016;0.000;0.003;0.008;0.000;0.001;0.986;0.000;0.000
Strangford;Jim Shannon;1;Down;74525;3961;1772;15575;10414;3117;2777;0;1292;0.002;0.000;0.827;0.167;0.000;0.003;0.000;0.000
Tyrone West;Órfhlaith Begley;1;Fermanagh;74269;2708;5793;6814;2279;2509;22686;0;906;0.000;0.003;0.004;0.000;0.000;0.993;0.000;0.000
Ulster Mid;Cathal Mallaghan;1;Tyrone;74000;2294;3698;9182;1994;2954;24059;0;1265;0.000;0.000;0.012;0.000;0.000;0.987;0.000;0.000
Upper Bann;Carla Lockhart;1;Armagh;81249;3678;1486;21655;6305;0;14209;0;24;0.000;0.000;0.864;0.001;0.000;0.134;0.000;0.000