Name;MP;Area;County;Electorate;CON;LAB;LIB;Reform;Green;NAT;MIN;OTH;CON chance;LAB chance;LIB chance;Reform chance;Green chance;NAT chance;MIN chance;OTH chance
Aldershot;Unknown (Reform gain from LAB);12;Hampshire;78569;10753;9873;6250;13696;6610;0;0;1793;0.291;0.157;0.035;0.491;0.025;0.000;0.000;0.000
Aldridge-Brownhills;Unknown (Reform gain from CON);7;Black Country;70871;16018;4066;1799;16947;1950;0;0;1884;0.356;0.012;0.000;0.629;0.002;0.000;0.000;0.001
Altrincham and Sale West;Unknown (CON gain from LAB);4;Central Manchester;74025;13347;12540;4575;9225;8051;0;2637;0;0.435;0.354;0.004;0.134;0.072;0.000;0.000;0.000
Amber Valley;Unknown (Reform gain from LAB);8;Derbyshire;71546;7872;9251;3045;15556;5024;0;0;1793;0.083;0.152;0.000;0.759;0.005;0.000;0.000;0.000
Arundel and South Downs;Andrew Griffith;12;West Sussex;77969;21416;3852;4635;19521;4211;0;0;1970;0.432;0.006;0.037;0.517;0.007;0.000;0.000;0.000
Ashfield;Lee Anderson;8;Nottinghamshire;68929;3294;6156;1800;19614;3809;0;5196;0;0.002;0.015;0.000;0.981;0.001;0.000;0.000;0.000
Ashford;Unknown (Reform gain from LAB);12;Kent;76212;8883;7798;4775;17311;8195;0;0;2064;0.101;0.041;0.005;0.799;0.054;0.000;0.000;0.000
Ashton-under-Lyne;Unknown (Reform gain from LAB);4;Eastern Manchester;71002;3218;9256;1559;12491;5314;0;4058;0;0.005;0.270;0.001;0.679;0.044;0.000;0.000;0.000
Aylesbury;Unknown (CON gain from LAB);12;Buckinghamshire;79169;11619;7634;10258;10592;7205;0;2460;317;0.351;0.054;0.248;0.299;0.048;0.000;0.000;0.000
Banbury;Unknown (Reform gain from LAB);12;Oxfordshire;73193;13036;9629;4551;13191;4782;0;0;2218;0.465;0.140;0.009;0.378;0.006;0.000;0.000;0.000
Barking;Unknown (Green gain from LAB);11;Barking and Dagenham;79825;3766;7713;1655;9135;9250;0;4009;692;0.013;0.198;0.001;0.364;0.421;0.000;0.002;0.000
Barnsley North;Unknown (Reform gain from LAB);5;South Yorkshire;78267;1252;15996;677;19561;1580;0;0;2218;0.001;0.258;0.000;0.737;0.004;0.000;0.000;0.000
Barnsley South;Unknown (Reform gain from LAB);5;South Yorkshire;75850;1237;14184;620;20046;1391;0;0;2132;0.001;0.142;0.000;0.850;0.006;0.000;0.000;0.000
Barrow and Furness;Unknown (Reform gain from LAB);4;Cumbria;74980;10082;10241;2686;14590;4167;0;0;1460;0.184;0.178;0.000;0.633;0.004;0.000;0.000;0.000
Basildon and Billericay;Unknown (Reform gain from CON);9;Essex;76873;15460;4130;1645;18046;2311;0;0;2394;0.298;0.013;0.000;0.688;0.001;0.000;0.000;0.000
Basildon South and East Thurrock;James McMurdock;9;Essex;72673;8307;6331;2882;17534;3672;0;0;2919;0.124;0.012;0.000;0.861;0.002;0.000;0.000;0.000
Basingstoke;Unknown (Reform gain from LAB);12;Hampshire;78487;10742;10407;5995;13552;8393;0;0;1679;0.217;0.198;0.027;0.478;0.080;0.000;0.000;0.000
Bassetlaw;Unknown (Reform gain from LAB);8;Nottinghamshire;78173;8308;9204;3584;17945;5425;0;0;1123;0.057;0.076;0.000;0.860;0.006;0.000;0.000;0.000
Bath;Wera Hobhouse;10;Bristol area;69655;6408;6610;14458;8193;11198;0;415;2014;0.034;0.026;0.611;0.078;0.250;0.000;0.000;0.000
Battersea;Marsha de Cordova;11;Wandsworth;72767;8407;13883;5121;5878;12148;0;1290;1017;0.074;0.547;0.010;0.021;0.347;0.000;0.000;0.000
Beaconsfield;Joy Morrissey;12;Buckinghamshire;72751;14664;5305;10673;12303;3498;0;0;1893;0.586;0.006;0.159;0.246;0.002;0.000;0.000;0.000
Beckenham and Penge;Liam Conlon;11;Bromley;76876;10091;15224;5528;9089;9426;0;0;1724;0.141;0.653;0.006;0.089;0.110;0.000;0.000;0.000
Bedford;Unknown (Reform gain from LAB);9;Bedfordshire;72478;7486;9119;4372;9269;7228;0;1715;1392;0.160;0.333;0.019;0.358;0.128;0.000;0.000;0.000
Bedfordshire Mid;Blake Stephenson;9;Bedfordshire;76218;20795;5172;2418;16836;2960;0;0;2344;0.534;0.043;0.004;0.416;0.002;0.000;0.000;0.000
Bedfordshire North;Richard Fuller;9;Bedfordshire;78850;21286;4433;2999;18012;2755;0;0;1546;0.571;0.015;0.007;0.406;0.000;0.000;0.000;0.000
Bermondsey and Old Southwark;Unknown (Green gain from LAB);11;Southwark;69473;3077;9778;5638;6479;12638;0;0;1410;0.004;0.254;0.019;0.044;0.678;0.000;0.000;0.000
Bethnal Green and Stepney;Unknown (Green gain from LAB);11;Tower Hamlets;81922;2242;7920;3719;5379;16757;0;0;6099;0.001;0.052;0.001;0.008;0.916;0.000;0.000;0.021
Beverley and Holderness;Graham Stuart;5;Humber area;70559;19425;4985;2059;14690;2378;0;0;1518;0.593;0.061;0.001;0.341;0.002;0.000;0.000;0.000
Bexhill and Battle;Kieran Mullan;12;East Sussex;72209;18872;4199;2083;18202;2349;0;0;2725;0.465;0.017;0.002;0.513;0.002;0.000;0.000;0.000
Bexleyheath and Crayford;Unknown (CON gain from LAB);11;Bexley;69470;14183;6949;2489;14150;3317;0;0;1971;0.469;0.098;0.000;0.428;0.004;0.000;0.000;0.000
Bicester and Woodstock;Calum Alexander Miller;12;Oxfordshire;74350;10941;5262;16225;11467;6476;0;0;1457;0.120;0.004;0.697;0.163;0.016;0.000;0.000;0.000
Birkenhead;Unknown (Green gain from LAB);4;Merseyside;78091;2696;12361;2908;12759;14699;0;0;1867;0.000;0.248;0.000;0.226;0.525;0.000;0.000;0.000
Birmingham Edgbaston;Preet Kaur Gill;7;Birmingham;71787;6642;9263;3331;7876;7672;0;0;2623;0.123;0.423;0.008;0.224;0.216;0.000;0.000;0.005
Birmingham Erdington;Unknown (Reform gain from LAB);7;Birmingham;77463;4246;8624;2121;12667;5594;0;0;3883;0.024;0.218;0.000;0.702;0.045;0.000;0.000;0.009
Birmingham Hall Green and Moseley;Unknown (Green gain from LAB);7;Birmingham;76936;3191;7258;3368;5418;10338;0;0;7007;0.009;0.155;0.006;0.057;0.616;0.000;0.000;0.156
Birmingham Hodge Hill and Solihull North;Unknown (Reform gain from LAB);7;Birmingham;77737;3377;5488;1427;9607;6515;0;8163;0;0.019;0.065;0.001;0.622;0.120;0.000;0.173;0.000
Birmingham Ladywood;Unknown (Green gain from LAB);7;Birmingham;83693;1976;7395;1788;4919;12144;0;0;5300;0.001;0.110;0.000;0.022;0.834;0.000;0.000;0.032
Birmingham Northfield;Unknown (Reform gain from LAB);7;Birmingham;74048;6856;8190;3031;12475;6065;0;0;2194;0.100;0.198;0.002;0.655;0.042;0.000;0.000;0.002
Birmingham Perry Barr;Unknown (Green gain from MIN);7;Birmingham;76350;3693;6221;2074;5931;8304;0;0;7041;0.024;0.157;0.001;0.117;0.433;0.000;0.000;0.267
Birmingham Selly Oak;Unknown (Reform gain from LAB);7;Birmingham;75678;4526;9953;3043;11293;10274;0;0;3241;0.014;0.280;0.003;0.387;0.313;0.000;0.000;0.002
Birmingham Yardley;Unknown (MIN gain from LAB);7;Birmingham;73203;3587;5079;3064;6694;7205;0;8112;0;0.027;0.090;0.011;0.293;0.285;0.000;0.293;0.000
Bishop Auckland;Unknown (Reform gain from LAB);3;Durham;70745;4451;12367;1773;15413;2717;0;0;1244;0.033;0.273;0.000;0.689;0.004;0.000;0.000;0.000
Blackburn;Adnan Hussain;4;Lancashire;73259;2935;5579;1432;6719;7386;0;8829;0;0.007;0.102;0.001;0.250;0.291;0.000;0.348;0.000
Blackley and Middleton South;Unknown (Reform gain from LAB);4;Central Manchester;72097;2796;8761;1838;10598;7160;0;0;1361;0.003;0.376;0.000;0.487;0.133;0.000;0.000;0.000
Blackpool North and Fleetwood;Unknown (Reform gain from LAB);4;Lancashire;73339;8103;9076;3521;15686;4569;0;0;1285;0.067;0.146;0.002;0.777;0.007;0.000;0.000;0.000
Blackpool South;Unknown (Reform gain from LAB);4;Lancashire;77459;1652;14978;629;18361;1479;0;0;2280;0.004;0.258;0.001;0.727;0.009;0.000;0.000;0.000
Blaydon and Consett;Liz Twist;3;Durham;70487;1670;18865;814;17567;1815;0;0;1544;0.002;0.532;0.000;0.463;0.002;0.000;0.000;0.000
Blyth and Ashington;Unknown (Reform gain from LAB);3;Northumberland;76263;1554;17122;710;17990;1693;0;0;1407;0.002;0.405;0.000;0.589;0.003;0.000;0.000;0.000
Bognor Regis and Littlehampton;Unknown (Reform gain from CON);12;West Sussex;77565;18972;4126;2344;19142;2159;0;0;2333;0.428;0.012;0.002;0.556;0.001;0.000;0.000;0.000
Bolsover;Unknown (Reform gain from LAB);8;Derbyshire;77207;7573;9246;2772;15386;5909;0;0;1516;0.066;0.159;0.001;0.760;0.013;0.000;0.000;0.000
Bolton North East;Unknown (Reform gain from LAB);4;Western Manchester;80011;7383;9510;2877;10864;7955;0;3040;692;0.101;0.313;0.002;0.444;0.139;0.000;0.000;0.000
Bolton South and Walkden;Unknown (Reform gain from LAB);4;Western Manchester;79622;3476;7595;1783;11458;7158;0;4374;225;0.006;0.204;0.000;0.654;0.134;0.000;0.001;0.000
Bolton West;Unknown (Reform gain from LAB);4;Western Manchester;74933;9438;8814;4518;12989;7736;0;0;1084;0.202;0.154;0.006;0.562;0.075;0.000;0.000;0.000
Bootle;Peter Dowd;4;Merseyside;73037;2140;15601;2043;10397;7352;0;2921;0;0.001;0.823;0.000;0.129;0.047;0.000;0.000;0.000
Boston and Skegness;Richard Tice;8;Lincolnshire;75811;14026;2382;1145;22262;1389;0;0;1744;0.101;0.002;0.000;0.896;0.000;0.000;0.000;0.000
Bournemouth East;Unknown (Reform gain from LAB);10;Dorset;72354;8672;9161;5214;13280;7806;0;0;1903;0.155;0.168;0.020;0.572;0.083;0.000;0.000;0.000
Bournemouth West;Unknown (Reform gain from LAB);10;Dorset;70259;8112;7188;5811;12433;7164;0;0;1552;0.183;0.084;0.050;0.601;0.081;0.000;0.000;0.000
Bracknell;Unknown (CON gain from LAB);12;Berkshire;71656;17998;4745;2428;15121;2952;0;0;2075;0.537;0.046;0.005;0.407;0.005;0.000;0.000;0.000
Bradford East;Unknown (Green gain from LAB);5;West Yorkshire;75167;3148;7164;2592;7388;8369;0;0;4782;0.019;0.241;0.002;0.229;0.456;0.000;0.000;0.053
Bradford South;Unknown (Reform gain from LAB);5;West Yorkshire;71002;3378;6623;1934;11485;6863;0;561;2931;0.009;0.141;0.001;0.685;0.160;0.000;0.000;0.003
Bradford West;Unknown (Green gain from LAB);5;West Yorkshire;77897;2445;6072;1728;4972;9606;0;0;5913;0.005;0.121;0.000;0.054;0.706;0.000;0.000;0.112
Braintree;Unknown (Reform gain from CON);9;Essex;77781;17963;4053;2089;20723;2333;0;0;1965;0.265;0.015;0.000;0.719;0.000;0.000;0.000;0.000
Brent East;Dawn Butler;11;Brent;77257;4282;10257;2564;7399;9674;0;1221;1590;0.018;0.477;0.003;0.131;0.370;0.000;0.000;0.000
Brent West;Unknown (CON gain from LAB);11;Brent;79937;11673;8194;2590;6073;6557;0;3756;0;0.641;0.188;0.003;0.080;0.085;0.000;0.002;0.000
Brentford and Isleworth;Ruth Cadbury;11;Hounslow;79283;8535;10465;4013;7517;9134;0;3871;352;0.177;0.407;0.012;0.137;0.265;0.000;0.000;0.000
Brentwood and Ongar;Alex Burghart;9;Essex;75352;19740;3498;2992;18223;2018;0;0;1913;0.511;0.004;0.003;0.481;0.001;0.000;0.000;0.000
Bridgwater;Unknown (Reform gain from CON);10;Somerset;71571;13595;4835;3690;15563;2504;0;1466;1673;0.286;0.025;0.014;0.672;0.002;0.000;0.000;0.000
Bridlington and the Wolds;Unknown (Reform gain from CON);5;Humber area;72931;17175;3824;1780;17776;1870;0;0;1685;0.394;0.010;0.000;0.595;0.001;0.000;0.000;0.000
Brigg and Immingham;Unknown (Reform gain from CON);5;Humber area;74297;14744;5464;2217;16239;2456;0;0;1613;0.369;0.039;0.001;0.589;0.001;0.000;0.000;0.000
Brighton Kemptown and Peacehaven;Unknown (Green gain from LAB);12;East Sussex;68784;6161;10057;4036;8016;11611;0;0;2081;0.058;0.274;0.009;0.134;0.524;0.000;0.000;0.000
Brighton Pavilion;Siân Berry;12;East Sussex;74786;3170;9206;2583;7348;32901;0;0;1927;0.000;0.002;0.000;0.000;0.998;0.000;0.000;0.000
Bristol Central;Carla Denyer;10;Bristol area;62735;1262;7145;1691;4275;35337;0;0;1128;0.000;0.000;0.000;0.000;1.000;0.000;0.000;0.000
Bristol East;Unknown (Green gain from LAB);10;Bristol area;75917;3793;10826;3297;8549;21961;0;0;2539;0.002;0.042;0.000;0.014;0.941;0.000;0.000;0.000
Bristol North East;Unknown (Green gain from LAB);10;Bristol area;70076;4165;10179;2815;12087;12285;0;0;2517;0.008;0.188;0.003;0.314;0.486;0.000;0.000;0.001
Bristol North West;Darren Jones;10;Bristol area;74869;5489;13841;4988;10453;13731;0;0;2297;0.015;0.418;0.007;0.139;0.420;0.000;0.000;0.000
Bristol South;Unknown (Green gain from LAB);10;Bristol area;75533;3242;8294;2783;13383;17902;0;0;2424;0.003;0.064;0.002;0.187;0.742;0.000;0.000;0.000
Broadland and Fakenham;Jerome Mayhew;9;Norfolk;76859;19829;5330;3091;17497;3206;0;0;2035;0.487;0.035;0.005;0.467;0.005;0.000;0.000;0.000
Bromley and Biggin Hill;Peter Fortune;11;Bromley;70713;17908;7032;3440;13489;3824;0;0;1701;0.650;0.094;0.002;0.245;0.008;0.000;0.000;0.000
Bromsgrove;Bradley Anthony Thomas;7;Hereford and Worcestershire;76468;21318;4437;3122;17983;2305;0;373;2032;0.575;0.016;0.006;0.400;0.002;0.000;0.000;0.000
Broxbourne;Unknown (Reform gain from CON);9;Hertfordshire;75187;16343;4347;2170;16389;2489;0;0;2042;0.399;0.023;0.002;0.574;0.000;0.000;0.000;0.000
Broxtowe;Unknown (Reform gain from LAB);8;Nottinghamshire;71923;8532;11467;4737;12203;7389;0;777;1158;0.143;0.370;0.010;0.404;0.072;0.000;0.000;0.000
Buckingham and Bletchley;Unknown (CON gain from LAB);12;Buckinghamshire;74832;14660;8161;3655;13628;4390;0;0;2050;0.489;0.110;0.007;0.390;0.003;0.000;0.000;0.000
Buckinghamshire Mid;Greg Smith;12;Buckinghamshire;75415;14526;6427;11362;13545;4507;0;0;2067;0.512;0.015;0.187;0.281;0.004;0.000;0.000;0.000
Burnley;Unknown (Reform gain from LAB);4;Lancashire;74951;5572;7353;6171;10841;5898;0;0;1579;0.064;0.207;0.058;0.591;0.078;0.000;0.000;0.001
Burton and Uttoxeter;Unknown (Reform gain from LAB);7;Staffordshire;77994;13063;6789;2009;16087;3369;0;4995;0;0.294;0.038;0.000;0.665;0.002;0.000;0.000;0.000
Bury North;Unknown (Reform gain from LAB);4;Western Manchester;77703;8733;10453;3617;12066;6930;0;2038;502;0.143;0.317;0.002;0.482;0.055;0.000;0.000;0.000
Bury South;Christian Wakeford;4;Western Manchester;75339;4456;15559;1695;13346;4070;0;2023;750;0.066;0.468;0.002;0.382;0.082;0.000;0.000;0.000
Bury St Edmunds and Stowmarket;Unknown (Reform gain from LAB);9;Suffolk;77599;9953;9293;5690;16474;9540;0;0;2208;0.151;0.091;0.011;0.644;0.101;0.000;0.000;0.000
Calder Valley;Josh Fenton-Glynn;5;West Yorkshire;77364;9352;13671;4246;11362;7830;0;0;1773;0.124;0.577;0.003;0.234;0.061;0.000;0.000;0.000
Camborne and Redruth;Unknown (Reform gain from LAB);10;Cornwall;74402;6277;13058;4109;15762;4413;0;0;1921;0.061;0.305;0.017;0.606;0.010;0.000;0.000;0.000
Cambridge;Unknown (Green gain from LAB);9;Cambridgeshire;70315;3981;11960;5865;5445;15673;0;1550;991;0.005;0.263;0.014;0.013;0.704;0.000;0.000;0.000
Cambridgeshire North East;Unknown (Reform gain from CON);9;Cambridgeshire;71511;15317;2616;1834;17596;1587;0;680;1924;0.332;0.001;0.001;0.665;0.000;0.000;0.000;0.000
Cambridgeshire North West;Unknown (CON gain from LAB);9;Cambridgeshire;75915;17520;4620;2048;17079;3153;0;0;1886;0.413;0.027;0.002;0.554;0.004;0.000;0.000;0.000
Cambridgeshire South;Pippa Heylings;9;Cambridgeshire;77327;11954;4729;21081;9900;6560;0;0;1326;0.064;0.001;0.903;0.029;0.003;0.000;0.000;0.000
Cannock Chase;Unknown (Reform gain from LAB);7;Staffordshire;76974;8381;7839;3569;19808;5093;0;0;1702;0.063;0.027;0.000;0.905;0.005;0.000;0.000;0.000
Canterbury;Unknown (Reform gain from LAB);12;Kent;71171;8404;10668;4727;11604;9884;0;0;1911;0.119;0.280;0.012;0.387;0.201;0.000;0.000;0.000
Carlisle;Unknown (Reform gain from LAB);4;Cumbria;77863;9144;9354;5014;16190;6424;0;0;1359;0.105;0.130;0.002;0.743;0.019;0.000;0.000;0.000
Carshalton and Wallington;Bobby Dean;11;Sutton;74362;9627;4820;13752;8645;5338;0;2138;786;0.138;0.011;0.712;0.112;0.026;0.000;0.000;0.000
Castle Point;Unknown (Reform gain from CON);9;Essex;70967;13611;2284;1244;23415;1391;0;0;1042;0.061;0.000;0.000;0.939;0.000;0.000;0.000;0.000
Chatham and Aylesford;Unknown (Reform gain from LAB);12;Kent;75109;9203;7373;4303;15592;5844;0;1583;1219;0.182;0.045;0.009;0.753;0.011;0.000;0.000;0.000
Cheadle;Tom Morrison;4;Eastern Manchester;74383;9303;6381;16340;7235;6385;0;2190;158;0.060;0.024;0.848;0.047;0.020;0.000;0.000;0.000
Chelmsford;Marie Goldman;9;Essex;76972;12695;3994;16740;11525;5532;0;468;1215;0.175;0.002;0.680;0.140;0.002;0.000;0.000;0.000
Chelsea and Fulham;Unknown (CON gain from LAB);11;Hammersmith and Fulham;78468;12990;10732;4527;8627;7379;0;2525;157;0.516;0.276;0.004;0.135;0.068;0.000;0.000;0.000
Cheltenham;Max Wilkinson;10;Gloucestershire;76143;15381;1419;22217;6243;2990;0;0;1296;0.158;0.000;0.803;0.035;0.004;0.000;0.000;0.000
Chesham and Amersham;Sarah Green;12;Buckinghamshire;74889;16889;2240;19846;8447;2534;0;2497;341;0.288;0.002;0.607;0.103;0.000;0.000;0.000;0.000
Cheshire Mid;Andrew Graham Cooper;4;Cheshire;70384;3500;16629;1444;15517;2425;0;0;1684;0.060;0.476;0.001;0.435;0.027;0.000;0.000;0.000
Chester North and Neston;Samantha Dixon;4;Cheshire;70215;7743;13028;3410;10279;8211;0;0;1213;0.071;0.620;0.001;0.215;0.092;0.000;0.000;0.000
Chester South and Eddisbury;Aphra Brandreth;4;Cheshire;74284;14084;10964;6404;12595;4656;0;0;1698;0.542;0.181;0.007;0.263;0.007;0.000;0.000;0.000
Chesterfield;Toby Perkins;8;Derbyshire;71654;2458;17218;876;15746;1942;0;1072;876;0.037;0.452;0.000;0.484;0.026;0.000;0.000;0.000
Chichester;Jessica Brown-Fuller;12;West Sussex;78374;11224;3682;18391;13134;4660;0;0;2255;0.086;0.001;0.761;0.150;0.001;0.000;0.000;0.000
Chingford and Woodford Green;Iain Duncan Smith;11;Waltham Forest;75178;14489;6091;2488;11124;3997;0;0;6115;0.570;0.087;0.002;0.261;0.022;0.000;0.000;0.057
Chippenham;Sarah Gibson;10;Wiltshire;73876;10942;3431;18468;11791;4824;0;0;1407;0.084;0.000;0.803;0.110;0.002;0.000;0.000;0.000
Chipping Barnet;Unknown (CON gain from LAB);11;Barnet;78038;13333;11712;4133;11468;6385;0;0;1426;0.457;0.276;0.006;0.231;0.029;0.000;0.000;0.000
Chorley;Lindsay Hoyle;4;Lancashire;74575;1958;14868;2017;9832;8554;0;0;2409;0.000;0.805;0.000;0.110;0.083;0.000;0.000;0.001
Christchurch;Unknown (Reform gain from CON);10;Dorset;71064;16534;3327;5082;18754;1918;0;0;2037;0.325;0.002;0.025;0.647;0.000;0.000;0.000;0.000
Cities of London and Westminster;Unknown (CON gain from LAB);11;City of Westminster;73369;10483;9687;4258;6544;7527;0;1900;887;0.424;0.336;0.006;0.092;0.140;0.000;0.000;0.000
Clacton;Nigel Farage;9;Essex;78703;13346;2330;1971;27045;1772;0;0;1960;0.024;0.000;0.000;0.976;0.000;0.000;0.000;0.000
Clapham and Brixton Hill;Unknown (Green gain from LAB);11;Lambeth;74435;3716;13557;4100;6382;15211;0;0;1232;0.002;0.380;0.000;0.017;0.600;0.000;0.000;0.000
Colchester;Unknown (Reform gain from LAB);9;Essex;78662;8374;10439;6161;11372;7863;0;0;2067;0.146;0.326;0.038;0.389;0.099;0.000;0.000;0.001
Colne Valley;Unknown (Reform gain from LAB);5;West Yorkshire;72638;9765;10200;4335;12056;8177;0;0;1040;0.204;0.240;0.003;0.457;0.095;0.000;0.000;0.000
Congleton;Unknown (Reform gain from LAB);4;Cheshire;74243;12444;11898;4064;13574;4632;0;0;2154;0.343;0.267;0.003;0.380;0.005;0.000;0.000;0.000
Corby and East Northamptonshire;Unknown (Reform gain from LAB);8;Northamptonshire;78787;9240;10709;4667;14298;6920;0;0;1062;0.128;0.256;0.001;0.593;0.021;0.000;0.000;0.000
Cornwall North;Ben Maguire;10;Cornwall;76832;3162;561;26679;19813;1034;0;0;1365;0.025;0.000;0.773;0.202;0.000;0.000;0.000;0.000
Cornwall South East;Unknown (Reform gain from LAB);10;Cornwall;72728;8908;8377;8874;16278;4524;0;0;1267;0.099;0.052;0.099;0.747;0.002;0.000;0.000;0.000
Cotswolds North;Geoffrey Clifton-Brown;10;Gloucestershire;72513;17131;5018;8028;14488;4253;0;0;2173;0.499;0.009;0.129;0.357;0.004;0.000;0.000;0.000
Cotswolds South;Roz Savage;10;Gloucestershire;71971;17980;2228;18823;8878;2275;0;0;1985;0.417;0.001;0.476;0.105;0.000;0.000;0.000;0.000
Coventry East;Unknown (Reform gain from LAB);7;Coventry and Solihull;75801;2727;13616;1077;14004;3132;0;2739;1069;0.015;0.372;0.000;0.575;0.037;0.000;0.000;0.000
Coventry North West;Taiwo Owatemi;7;Coventry and Solihull;75057;3445;17172;1537;14910;3381;0;0;2240;0.058;0.474;0.004;0.386;0.075;0.000;0.000;0.001
Coventry South;Zarah Sultana;7;Coventry and Solihull;76262;8174;11333;3635;8794;7750;0;2040;1093;0.142;0.514;0.004;0.222;0.117;0.000;0.000;0.000
Cramlington and Killingworth;Emma Foody;3;Newcastle area;76228;2307;20695;848;18231;2040;0;0;2138;0.011;0.559;0.000;0.412;0.018;0.000;0.000;0.000
Crawley;Unknown (Reform gain from LAB);12;West Sussex;75569;8719;8453;3828;12695;6838;0;3704;257;0.175;0.151;0.008;0.606;0.059;0.000;0.000;0.000
Crewe and Nantwich;Unknown (Reform gain from LAB);4;Cheshire;78423;5649;15989;2221;16070;3863;0;1150;1437;0.078;0.423;0.000;0.474;0.023;0.000;0.000;0.000
Croydon East;Natasha Dawn Irons;11;Croydon;76660;8923;10007;4901;9938;8822;0;0;1280;0.179;0.316;0.012;0.296;0.197;0.000;0.000;0.000
Croydon South;Chris Philp;11;Croydon;74968;14883;10526;5348;8503;5648;0;2556;371;0.678;0.199;0.013;0.087;0.022;0.000;0.000;0.000
Croydon West;Sarah Jones;11;Croydon;77942;5040;10728;2751;7269;10453;0;1611;876;0.020;0.466;0.002;0.104;0.408;0.000;0.000;0.000
Dagenham and Rainham;Unknown (Reform gain from LAB);11;Barking and Dagenham;76478;5602;7784;2278;14915;6814;0;0;2162;0.026;0.116;0.000;0.790;0.066;0.000;0.000;0.000
Darlington;Unknown (Reform gain from LAB);3;Durham;70763;10126;9043;2522;13595;5243;0;0;1340;0.264;0.135;0.000;0.592;0.008;0.000;0.000;0.000
Dartford;Unknown (CON gain from LAB);12;Kent;75426;16416;5865;2047;14608;3800;0;0;2313;0.519;0.058;0.004;0.411;0.007;0.000;0.000;0.000
Daventry;Stuart Andrew;8;Northamptonshire;80879;21590;5116;2896;16709;3035;0;0;1564;0.545;0.047;0.004;0.401;0.002;0.000;0.000;0.000
Derby North;Catherine Atkinson;8;Derbyshire;71900;7464;11323;3183;10258;7636;0;0;1572;0.112;0.479;0.001;0.295;0.112;0.000;0.000;0.000
Derby South;Unknown (Reform gain from LAB);8;Derbyshire;72952;4091;7225;2095;10814;6394;0;4564;143;0.023;0.220;0.003;0.662;0.089;0.000;0.003;0.000
Derbyshire Dales;Unknown (CON gain from LAB);8;Derbyshire;73317;15619;9690;4598;13894;4923;0;0;1618;0.533;0.140;0.002;0.317;0.007;0.000;0.000;0.000
Derbyshire Mid;Unknown (Reform gain from LAB);8;Derbyshire;69281;11989;10770;3491;12799;5742;0;962;1129;0.370;0.220;0.001;0.396;0.012;0.000;0.000;0.000
Derbyshire North East;Unknown (Reform gain from LAB);8;Derbyshire;73139;11897;9789;2990;15066;4289;0;0;1390;0.363;0.096;0.000;0.539;0.001;0.000;0.000;0.000
Derbyshire South;Unknown (Reform gain from LAB);8;Derbyshire;73714;9539;9795;4260;14655;6014;0;0;1505;0.170;0.178;0.002;0.628;0.021;0.000;0.000;0.000
Devon Central;Mel Stride;10;Devon;75385;19472;6797;4963;16119;4045;0;0;2117;0.493;0.065;0.033;0.401;0.007;0.000;0.000;0.000
Devon North;Ian Roome;10;Devon;79079;4120;953;24791;19456;1723;0;0;1659;0.049;0.000;0.673;0.276;0.002;0.000;0.000;0.000
Devon South;Caroline Voaden;10;Devon;70755;12123;3744;14416;13055;3542;0;0;2160;0.231;0.001;0.481;0.284;0.002;0.000;0.000;0.000
Devon South West;Rebecca Smith;10;Devon;77600;21745;4875;2731;18840;2764;0;0;2133;0.537;0.024;0.007;0.428;0.003;0.000;0.000;0.000
Dewsbury and Batley;Iqbal Hussain Mohamed;5;West Yorkshire;71685;3413;4989;2020;7290;7178;0;7889;0;0.029;0.083;0.005;0.366;0.293;0.000;0.223;0.000
Didcot and Wantage;Olly Glover;12;Oxfordshire;80689;11854;5193;17950;13041;7055;0;0;1506;0.106;0.002;0.701;0.179;0.010;0.000;0.000;0.000
Doncaster Central;Sally Jameson;5;South Yorkshire;74678;2092;14943;621;14887;1553;0;1476;791;0.030;0.390;0.001;0.562;0.016;0.000;0.000;0.000
Doncaster East and the Isle of Axholme;Unknown (Reform gain from LAB);5;South Yorkshire;70154;9667;8362;2310;14149;3227;0;0;1302;0.247;0.081;0.000;0.669;0.002;0.000;0.000;0.000
Doncaster North;Ed Miliband;5;South Yorkshire;69759;2401;13017;1042;9782;2272;0;0;1812;0.047;0.642;0.003;0.258;0.049;0.000;0.000;0.000
Dorking and Horley;Chris Coghlan;12;Surrey;71850;13762;3748;13960;12828;4307;0;0;1908;0.353;0.002;0.387;0.255;0.003;0.000;0.000;0.000
Dorset Mid and North Poole;Vikki Slade;10;Dorset;75294;17664;1738;19291;7995;2016;0;0;1413;0.358;0.000;0.540;0.100;0.000;0.000;0.000;0.000
Dorset North;Unknown (Reform gain from CON);10;Dorset;72690;12889;3995;12552;14717;3062;0;0;2073;0.287;0.001;0.254;0.456;0.001;0.000;0.000;0.000
Dorset South;Unknown (Reform gain from LAB);10;Dorset;75924;10602;7969;9103;16121;5745;0;0;1751;0.218;0.037;0.088;0.644;0.012;0.000;0.000;0.000
Dorset West;Edward Morello;10;Dorset;75998;14044;3099;19568;10550;3467;0;0;1503;0.176;0.000;0.751;0.073;0.000;0.000;0.000;0.000
Dover and Deal;Unknown (Reform gain from LAB);12;Kent;76406;8309;10676;4379;15939;5481;0;369;2886;0.086;0.244;0.009;0.652;0.007;0.000;0.000;0.002
Droitwich and Evesham;Nigel Huddleston;7;Hereford and Worcestershire;76624;20199;3810;2951;19319;2749;0;0;2001;0.464;0.006;0.003;0.524;0.001;0.000;0.000;0.000
Dudley;Unknown (Reform gain from LAB);7;Black Country;70151;7382;5740;2927;15552;3912;0;1294;1040;0.093;0.018;0.003;0.884;0.001;0.000;0.000;0.000
Dulwich and West Norwood;Unknown (Green gain from LAB);11;Lambeth;74265;3549;15423;3286;6772;16622;0;0;1220;0.001;0.422;0.000;0.010;0.566;0.000;0.000;0.000
Dunstable and Leighton Buzzard;Unknown (CON gain from LAB);9;Bedfordshire;76742;19316;4291;2702;16654;2692;0;0;1799;0.495;0.025;0.005;0.474;0.001;0.000;0.000;0.000
Durham North;Unknown (Reform gain from LAB);3;Durham;73235;1852;15622;1198;17279;1952;0;2170;425;0.003;0.292;0.002;0.694;0.009;0.000;0.000;0.000
Durham, City of;Unknown (Reform gain from LAB);3;Durham;70582;4424;10753;5201;11537;9160;0;0;1469;0.008;0.405;0.011;0.391;0.184;0.000;0.000;0.000
Ealing Central and Acton;Unknown (Green gain from LAB);11;Ealing;78436;6733;12454;5127;7240;13068;0;3120;647;0.039;0.412;0.012;0.061;0.475;0.000;0.000;0.000
Ealing North;James Murray;11;Ealing;74820;5935;10732;2616;8590;9005;0;4190;506;0.047;0.493;0.002;0.218;0.238;0.000;0.000;0.000
Ealing Southall;Deirdre Costigan;11;Ealing;78669;5803;11975;3118;6999;10297;0;4200;1322;0.039;0.541;0.004;0.082;0.331;0.000;0.002;0.000
Earley and Woodley;Unknown (CON gain from LAB);12;Berkshire;73548;13166;9475;6501;8336;6488;0;0;1400;0.631;0.161;0.049;0.113;0.046;0.000;0.000;0.000
Easington;Unknown (Reform gain from LAB);3;Durham;69411;1045;13640;532;16022;1296;0;0;1598;0.000;0.302;0.000;0.696;0.001;0.000;0.000;0.000
East Grinstead and Uckfield;Mims Davies;12;West Sussex;75385;14128;6396;8202;12805;6254;0;0;2721;0.460;0.038;0.126;0.335;0.038;0.000;0.000;0.002
East Ham;Unknown (Green gain from LAB);11;Newham;79086;3028;8670;1935;5175;10733;0;0;4241;0.005;0.300;0.000;0.029;0.643;0.000;0.000;0.021
Eastbourne;Josh Babarinde;12;East Sussex;72592;8853;3497;16834;10034;4183;0;0;2098;0.061;0.001;0.858;0.077;0.003;0.000;0.000;0.000
Eastleigh;Unknown (CON gain from LIB);12;Hampshire;69965;12789;4551;11024;12124;4154;0;0;1639;0.442;0.005;0.240;0.308;0.005;0.000;0.000;0.000
Edmonton and Winchmore Hill;Kate Osamor;11;Enfield;75792;5683;11089;3171;8885;8972;0;1113;1768;0.048;0.519;0.003;0.195;0.233;0.000;0.000;0.000
Ellesmere Port and Bromborough;Justin Madders;4;Cheshire;70799;1484;21097;804;16131;2531;0;0;1677;0.001;0.598;0.000;0.347;0.054;0.000;0.000;0.000
Eltham and Chislehurst;Clive Efford;11;Greenwich;74224;9111;11094;3702;10898;7197;0;1492;1228;0.182;0.405;0.003;0.332;0.077;0.000;0.000;0.000
Ely and East Cambridgeshire;Unknown (CON gain from LIB);9;Cambridgeshire;79112;14410;6450;12150;12928;4646;0;0;2218;0.475;0.015;0.225;0.277;0.007;0.000;0.000;0.000
Enfield North;Feryal Clark;11;Enfield;78770;6626;11449;3375;8858;8781;0;1345;1497;0.061;0.539;0.004;0.177;0.218;0.000;0.000;0.001
Epping Forest;Neil Hudson;9;Essex;72229;19497;3799;2801;12797;2582;0;0;2214;0.724;0.033;0.017;0.221;0.004;0.000;0.000;0.000
Epsom and Ewell;Unknown (CON gain from LIB);12;Surrey;77530;14435;5742;13485;13610;4376;0;0;1741;0.396;0.006;0.300;0.294;0.003;0.000;0.000;0.000
Erewash;Unknown (Reform gain from LAB);8;Derbyshire;71497;8020;10262;3478;12967;5883;0;0;1802;0.118;0.318;0.002;0.528;0.033;0.000;0.000;0.000
Erith and Thamesmead;Abena Oppong-Asare;11;Greenwich;78886;4840;11188;2133;10532;8881;0;3175;304;0.009;0.475;0.000;0.343;0.172;0.000;0.000;0.000
Esher and Walton;Monica Harding;12;Surrey;74042;12216;3282;22482;10248;4757;0;0;1179;0.057;0.001;0.915;0.025;0.001;0.000;0.000;0.000
Essex North West;Kemi Badenoch;9;Essex;79824;19643;6323;4365;17619;3326;0;0;1922;0.480;0.051;0.014;0.451;0.003;0.000;0.000;0.000
Exeter;Unknown (Green gain from LAB);10;Devon;67840;4608;10062;3929;11486;11769;0;0;2124;0.010;0.209;0.009;0.332;0.439;0.000;0.000;0.000
Exmouth and Exeter East;Unknown (Reform gain from CON);10;Devon;79983;11052;8314;10942;14773;6188;0;0;1832;0.213;0.051;0.206;0.511;0.018;0.000;0.000;0.000
Fareham and Waterlooville;Suella Braverman;12;Hampshire;77691;18851;4609;5196;17029;2648;0;0;2074;0.475;0.013;0.044;0.468;0.000;0.000;0.000;0.000
Farnham and Bordon;Unknown (Reform gain from CON);12;Surrey;75918;13623;5222;13442;14573;4005;0;0;1416;0.307;0.005;0.302;0.384;0.001;0.000;0.000;0.000
Faversham and Mid Kent;Unknown (Reform gain from CON);12;Kent;74301;17717;4236;2185;18679;3296;0;0;2109;0.345;0.012;0.003;0.636;0.002;0.000;0.000;0.000
Feltham and Heston;Unknown (Reform gain from LAB);11;Hounslow;76983;6709;7950;2542;8098;6386;0;2475;1650;0.176;0.362;0.004;0.292;0.162;0.000;0.000;0.003
Filton and Bradley Stoke;Claire Hazelgrove;10;Bristol area;77584;10153;13303;5314;10550;8787;0;0;2320;0.199;0.482;0.018;0.208;0.092;0.000;0.000;0.000
Finchley and Golders Green;Sarah Sackman;11;Barnet;77500;11971;12174;4737;9446;7320;0;0;1600;0.369;0.417;0.007;0.152;0.054;0.000;0.000;0.000
Folkestone and Hythe;Unknown (Reform gain from LAB);12;Kent;70056;7611;8418;3451;16066;6343;0;0;2630;0.085;0.100;0.004;0.781;0.028;0.000;0.000;0.001
Forest of Dean;Unknown (Reform gain from LAB);10;Gloucestershire;72052;11053;8674;3563;18097;6066;0;0;1985;0.215;0.039;0.003;0.733;0.008;0.000;0.000;0.000
Frome and East Somerset;Anna Sabine;10;Somerset;70378;4555;2668;19548;14448;4228;0;0;2529;0.107;0.013;0.518;0.296;0.065;0.000;0.000;0.000
Fylde;Andrew Snowden;4;Lancashire;77100;15587;8338;3085;15301;3253;0;0;2849;0.473;0.115;0.002;0.405;0.003;0.000;0.000;0.001
Gainsborough;Sir Edward Leigh;8;Lincolnshire;75836;18722;4004;2672;17624;2186;0;0;1276;0.446;0.010;0.001;0.542;0.000;0.000;0.000;0.000
Gateshead Central and Whickham;Mark Ferguson;3;Newcastle area;69823;3061;14400;2945;14350;4838;0;0;1887;0.010;0.435;0.006;0.487;0.062;0.000;0.000;0.000
Gedling;Michael Payne;8;Nottinghamshire;77006;5770;17674;2218;15072;4780;0;0;1537;0.092;0.549;0.001;0.308;0.050;0.000;0.000;0.000
Gillingham and Rainham;Unknown (Reform gain from LAB);12;Kent;73523;8683;8166;4269;14272;5711;0;0;1888;0.180;0.097;0.009;0.692;0.022;0.000;0.000;0.000
Glastonbury and Somerton;Sarah Joanne Dyke;10;Somerset;72982;10159;2973;17472;13225;4270;0;0;1440;0.079;0.000;0.735;0.185;0.000;0.000;0.000;0.000
Gloucester;Unknown (Reform gain from LAB);10;Gloucestershire;79475;9941;7950;6303;13508;6766;0;1920;942;0.252;0.071;0.044;0.588;0.044;0.000;0.000;0.000
Godalming and Ash;Jeremy Hunt;12;Surrey;74168;19162;2014;18815;10032;2263;0;0;1500;0.435;0.000;0.447;0.117;0.000;0.000;0.000;0.000
Goole and Pocklington;David Davis;5;Humber area;78287;20132;4758;2354;17788;2557;0;0;1291;0.486;0.033;0.000;0.479;0.001;0.000;0.000;0.000
Gorton and Denton;Unknown (Green gain from LAB);4;Central Manchester;78125;2587;9208;1726;8235;10140;0;3337;0;0.002;0.319;0.000;0.237;0.442;0.000;0.000;0.000
Gosport;Caroline Dinenage;12;Hampshire;73261;18946;3429;2434;16716;2063;0;0;1920;0.560;0.005;0.003;0.431;0.000;0.000;0.000;0.000
Grantham and Bourne;Unknown (Reform gain from CON);8;Lincolnshire;73280;16989;3928;1787;18048;2351;0;0;1833;0.363;0.016;0.000;0.620;0.000;0.000;0.000;0.000
Gravesham;Unknown (Reform gain from LAB);12;Kent;73088;13983;6775;2110;15491;3260;0;0;2120;0.389;0.055;0.000;0.554;0.001;0.000;0.000;0.000
Great Grimsby and Cleethorpes;Unknown (Reform gain from LAB);5;Humber area;78875;6300;8291;2642;14674;4500;0;0;1796;0.042;0.134;0.000;0.816;0.006;0.000;0.000;0.000
Great Yarmouth;Rupert Lowe;9;Norfolk;73317;7801;7292;2981;17086;3495;0;0;3623;0.093;0.033;0.001;0.869;0.001;0.000;0.000;0.003
Greenwich and Woolwich;Matthew Pennycook;11;Greenwich;73573;4316;12919;3236;7722;12711;0;1742;759;0.005;0.487;0.001;0.057;0.450;0.000;0.000;0.000
Guildford;Zöe Franklin;12;Surrey;70734;10959;3623;18344;9312;6188;0;0;1151;0.076;0.002;0.869;0.048;0.005;0.000;0.000;0.000
Hackney North and Stoke Newington;Unknown (Green gain from LAB);11;Hackney;77797;2977;13459;2594;6314;17910;0;0;1642;0.001;0.226;0.000;0.007;0.765;0.000;0.000;0.000
Hackney South and Shoreditch;Unknown (Green gain from LAB);11;Hackney;78262;2399;12841;2119;5614;18736;0;2066;327;0.000;0.184;0.000;0.003;0.813;0.000;0.000;0.000
Halesowen;Unknown (Reform gain from LAB);7;Black Country;68549;7925;7450;4278;13479;5319;0;0;1478;0.152;0.102;0.006;0.722;0.017;0.000;0.000;0.000
Halifax;Unknown (Reform gain from LAB);5;West Yorkshire;77516;5377;8301;2794;12588;7949;0;3136;922;0.026;0.194;0.000;0.646;0.133;0.000;0.000;0.000
Hamble Valley;Paul Holmes;12;Hampshire;80537;16653;5247;10790;15583;3812;0;0;1802;0.465;0.003;0.157;0.373;0.001;0.000;0.000;0.000
Hammersmith and Chiswick;Andy Slaughter;11;Hammersmith and Fulham;75860;6538;14333;4313;7760;11864;0;1173;1422;0.038;0.595;0.004;0.063;0.299;0.000;0.000;0.000
Hampshire East;Damian Hinds;12;Hampshire;71965;13638;4186;13055;13375;3670;0;0;1738;0.352;0.002;0.323;0.322;0.000;0.000;0.000;0.000
Hampshire North East;Alex Brewer;12;Hampshire;76975;15056;4272;15702;14845;3478;0;0;1561;0.306;0.001;0.386;0.306;0.000;0.000;0.000;0.000
Hampshire North West;Kit Malthouse;12;Hampshire;78629;21336;4552;3729;16160;2972;0;0;1980;0.526;0.029;0.037;0.401;0.007;0.000;0.000;0.000
Hampstead and Highgate;Unknown (Green gain from LAB);11;Camden;80029;6767;13949;5915;7991;14579;0;0;2000;0.026;0.402;0.011;0.047;0.513;0.000;0.000;0.000
Harborough, Oadby and Wigston;Neil O'Brien;8;Leicestershire;77407;15907;7891;5102;11890;6157;0;0;1195;0.664;0.081;0.007;0.224;0.023;0.000;0.000;0.000
Harlow;Unknown (Reform gain from LAB);9;Essex;74683;12970;7349;2397;15862;3630;0;0;2227;0.348;0.050;0.001;0.599;0.002;0.000;0.000;0.000
Harpenden and Berkhamsted;Victoria Collins;9;Hertfordshire;72242;14154;2916;24706;8178;4043;0;0;1196;0.063;0.000;0.922;0.014;0.001;0.000;0.000;0.000
Harrogate and Knaresborough;Tom Gordon;5;North Yorkshire;77970;11303;4368;19223;10601;5651;0;0;1118;0.079;0.001;0.844;0.073;0.003;0.000;0.000;0.000
Harrow East;Bob Blackman;11;Harrow;76386;18755;7770;3846;7486;4485;0;1153;1717;0.944;0.030;0.001;0.019;0.005;0.000;0.000;0.000
Harrow West;Unknown (CON gain from LAB);11;Harrow;79902;10184;9866;4285;8000;8833;0;0;2089;0.342;0.304;0.015;0.122;0.214;0.000;0.000;0.002
Hartlepool;Unknown (Reform gain from LAB);3;Teesside;71437;3920;11131;1276;14836;2583;0;637;1400;0.029;0.233;0.001;0.730;0.006;0.000;0.000;0.000
Harwich and North Essex;Bernard Jenkin;9;Essex;76579;19850;4733;2046;17668;2659;0;0;1973;0.506;0.026;0.002;0.464;0.001;0.000;0.000;0.000
Hastings and Rye;Unknown (Reform gain from LAB);12;East Sussex;75939;7105;10374;3852;13224;9470;0;2541;1066;0.054;0.242;0.008;0.542;0.153;0.000;0.000;0.000
Havant;Unknown (Reform gain from CON);12;Hampshire;72346;13052;4855;2226;17517;3105;0;3525;0;0.190;0.014;0.003;0.791;0.001;0.000;0.000;0.000
Hayes and Harlington;John McDonnell;11;Hillingdon;74405;6768;9121;2115;6430;6895;0;3941;0;0.146;0.506;0.001;0.160;0.182;0.000;0.003;0.000
Hazel Grove;Lisa Smart;4;Eastern Manchester;72843;6834;6566;14274;10837;5338;0;0;1363;0.073;0.081;0.617;0.196;0.032;0.000;0.000;0.000
Hemel Hempstead;Unknown (Reform gain from LAB);9;Hertfordshire;71038;9385;8456;6785;12490;6549;0;0;1464;0.230;0.140;0.049;0.533;0.048;0.000;0.000;0.000
Hendon;Unknown (CON gain from LAB);11;Barnet;74865;11040;7929;3037;8529;6019;0;2613;329;0.564;0.162;0.002;0.211;0.061;0.000;0.000;0.000
Henley and Thame;Freddie Van Mierlo;12;Oxfordshire;73749;14483;3846;15501;13190;4772;0;0;2007;0.323;0.002;0.462;0.210;0.002;0.000;0.000;0.000
Hereford and South Herefordshire;Jesse Norman;7;Hereford and Worcestershire;72203;18492;4060;2517;17583;2676;0;0;1745;0.436;0.019;0.004;0.539;0.002;0.000;0.000;0.000
Herefordshire North;Unknown (Reform gain from Green);7;Hereford and Worcestershire;72797;11729;3496;3175;16536;13303;0;0;2085;0.155;0.000;0.000;0.576;0.267;0.000;0.000;0.000
Herne Bay and Sandwich;Unknown (Reform gain from CON);12;Kent;77841;15449;5955;2992;19775;3122;0;0;1941;0.260;0.014;0.002;0.722;0.001;0.000;0.000;0.000
Hertford and Stortford;Unknown (Reform gain from LAB);9;Hertfordshire;78915;10716;10854;6689;15392;10343;0;0;1757;0.158;0.161;0.022;0.540;0.118;0.000;0.000;0.000
Hertfordshire North East;Unknown (CON gain from LAB);9;Hertfordshire;77090;16379;8615;4461;15942;5150;0;0;2000;0.463;0.082;0.007;0.444;0.002;0.000;0.000;0.000
Hertfordshire South West;Gagan Mohindra;9;Hertfordshire;71353;16538;5522;7725;12172;4176;0;0;2164;0.712;0.018;0.080;0.186;0.004;0.000;0.000;0.000
Hertsmere;Oliver Dowden;9;Hertfordshire;73518;21783;4217;2466;14956;2463;0;0;1929;0.771;0.018;0.002;0.208;0.000;0.000;0.000;0.000
Hexham;Joe Morris;3;Northumberland;76431;13065;13826;4557;10506;5384;0;0;1544;0.362;0.467;0.004;0.160;0.006;0.000;0.000;0.000
Heywood and Middleton North;Unknown (Reform gain from LAB);4;Eastern Manchester;74786;1832;14138;709;16298;1385;0;0;3552;0.020;0.265;0.001;0.692;0.013;0.000;0.000;0.009
High Peak;Unknown (Reform gain from LAB);8;Derbyshire;74385;8582;13862;3691;14316;7094;0;0;1046;0.110;0.407;0.001;0.439;0.042;0.000;0.000;0.000
Hinckley and Bosworth;Luke Evans;8;Leicestershire;76431;16915;3964;6489;15561;2871;0;0;1268;0.493;0.005;0.053;0.446;0.002;0.000;0.000;0.000
Hitchin;Unknown (Reform gain from LAB);9;Hertfordshire;75080;11070;12169;7215;12477;7756;0;0;1468;0.232;0.340;0.037;0.337;0.053;0.000;0.000;0.000
Holborn and St Pancras;Unknown (Green gain from LAB);11;Camden;71300;2649;10337;2171;5535;12364;0;5355;373;0.001;0.347;0.000;0.026;0.618;0.000;0.007;0.000
Honiton and Sidmouth;Unknown (Reform gain from LIB);10;Devon;75537;13251;3369;14130;14968;2949;0;0;1924;0.255;0.001;0.349;0.394;0.000;0.000;0.000;0.000
Hornchurch and Upminster;Unknown (Reform gain from CON);11;Havering;75438;17372;3369;1482;22009;2105;0;0;1487;0.240;0.002;0.000;0.757;0.000;0.000;0.000;0.000
Hornsey and Friern Barnet;Catherine West;11;Haringey;69885;3486;16557;4940;5785;15079;0;2142;261;0.001;0.593;0.001;0.009;0.396;0.000;0.000;0.000
Horsham;Unknown (CON gain from LIB);12;West Sussex;79150;17292;4636;14743;12660;4434;0;0;2031;0.499;0.001;0.343;0.154;0.002;0.000;0.000;0.000
Houghton and Sunderland South;Unknown (Reform gain from LAB);3;Newcastle area;78448;1737;17017;823;19929;1600;0;0;2069;0.001;0.287;0.001;0.706;0.004;0.000;0.000;0.000
Hove and Portslade;Peter Kyle;12;East Sussex;74063;4931;15249;3883;11076;13562;0;0;2863;0.013;0.517;0.004;0.141;0.325;0.000;0.000;0.000
Huddersfield;Unknown (Green gain from LAB);5;West Yorkshire;77795;4730;8570;2682;10170;13361;0;0;1531;0.008;0.090;0.000;0.194;0.707;0.000;0.000;0.000
Hull East;Unknown (Reform gain from LAB);5;Humber area;70650;3145;6576;3039;14130;5274;0;0;1601;0.002;0.106;0.002;0.868;0.021;0.000;0.000;0.000
Hull North and Cottingham;Unknown (Reform gain from LAB);5;Humber area;75280;4484;9638;3543;12780;7774;0;0;1924;0.013;0.331;0.003;0.550;0.103;0.000;0.000;0.000
Hull West and Haltemprice;Unknown (Reform gain from LAB);5;Humber area;73252;3241;14455;1648;16238;3024;0;0;1758;0.024;0.301;0.001;0.640;0.033;0.000;0.000;0.000
Huntingdon;Benjamin Obese-Jecty;9;Cambridgeshire;79074;20380;5277;3149;17230;3172;0;0;1878;0.514;0.037;0.007;0.438;0.004;0.000;0.000;0.000
Hyndburn;Unknown (Reform gain from LAB);4;Lancashire;76126;7034;6705;2900;12739;7361;0;0;1187;0.097;0.086;0.001;0.716;0.100;0.000;0.000;0.000
Ilford North;Unknown (MIN gain from LAB);11;Redbridge;77835;7821;8087;2266;5674;7487;0;10126;0;0.179;0.225;0.001;0.087;0.173;0.000;0.335;0.000
Ilford South;Unknown (Green gain from LAB);11;Redbridge;80993;4778;8222;2182;6261;9454;0;0;6508;0.039;0.275;0.003;0.084;0.454;0.000;0.000;0.144
Ipswich;Unknown (Reform gain from LAB);9;Suffolk;76319;8128;9098;4020;14399;7577;0;0;1497;0.102;0.165;0.004;0.671;0.057;0.000;0.000;0.000
Isle of Wight East;Unknown (Reform gain from CON);12;Hampshire;55855;12704;2238;1639;13875;2715;0;0;1641;0.312;0.003;0.004;0.673;0.006;0.000;0.000;0.000
Isle of Wight West;Unknown (Reform gain from LAB);12;Hampshire;55406;6831;6648;4410;12299;4596;0;0;1104;0.123;0.081;0.019;0.761;0.016;0.000;0.000;0.000
Islington North;Unknown (Green gain from MIN);11;Islington;72582;2184;10322;2465;6710;14047;0;0;10870;0.001;0.179;0.000;0.025;0.558;0.000;0.000;0.236
Islington South and Finsbury;Unknown (Green gain from LAB);11;Islington;74122;3219;12931;3506;7744;15135;0;0;1639;0.002;0.327;0.000;0.044;0.627;0.000;0.000;0.000
Jarrow and Gateshead East;Unknown (Reform gain from LAB);3;Newcastle area;70272;1213;16240;705;17278;1666;0;0;1795;0.000;0.384;0.000;0.610;0.006;0.000;0.000;0.000
Keighley and Ilkley;Unknown (Reform gain from CON);5;West Yorkshire;74367;10424;9144;2752;12947;5986;0;0;1478;0.308;0.161;0.002;0.503;0.026;0.000;0.000;0.000
Kenilworth and Southam;Jeremy Wright;7;Warwickshire;74923;21045;5324;6035;16144;3760;0;0;1638;0.525;0.033;0.063;0.374;0.004;0.000;0.000;0.000
Kensington and Bayswater;Unknown (CON gain from LAB);11;Kensington and Chelsea;77306;11578;10089;3380;7322;7424;0;2765;608;0.478;0.323;0.003;0.101;0.094;0.000;0.000;0.000
Kettering;Unknown (Reform gain from LAB);8;Northamptonshire;79390;8236;9626;4043;15371;11580;0;0;1428;0.050;0.116;0.001;0.583;0.250;0.000;0.000;0.000
Kingston and Surbiton;Ed Davey;11;Kingston upon Thames;77340;7880;5635;17715;8875;8728;0;942;1723;0.036;0.013;0.824;0.054;0.072;0.000;0.000;0.000
Kingswinford and South Staffordshire;Mike Wood;7;Staffordshire;71662;18672;3890;1998;18224;1837;0;0;2064;0.475;0.005;0.000;0.519;0.000;0.000;0.000;0.000
Knowsley;Anneliese Midgley;4;Merseyside;72087;787;19214;525;13406;2374;0;1729;530;0.000;0.676;0.000;0.283;0.040;0.000;0.000;0.000
Lancashire West;Ashley Dalton;4;Lancashire;74083;2612;20422;911;16860;2117;0;0;1427;0.026;0.583;0.000;0.351;0.039;0.000;0.000;0.000
Lancaster and Wyre;Unknown (Green gain from LAB);4;Lancashire;74760;6818;11331;3242;11636;12503;0;0;1685;0.030;0.284;0.002;0.267;0.416;0.000;0.000;0.000
Leeds Central and Headingley;Unknown (Green gain from LAB);5;West Yorkshire;70554;2116;8958;2160;5612;16399;0;1366;403;0.000;0.065;0.000;0.010;0.924;0.000;0.000;0.000
Leeds East;Unknown (Reform gain from LAB);5;West Yorkshire;76207;4702;9995;2338;13074;7757;0;0;1849;0.014;0.325;0.000;0.561;0.099;0.000;0.000;0.001
Leeds North East;Fabian Hamilton;5;West Yorkshire;70178;5486;14200;2903;6529;12005;0;2396;734;0.011;0.618;0.000;0.045;0.326;0.000;0.000;0.000
Leeds North West;Katie White;5;West Yorkshire;71592;8521;14542;5864;9207;8116;0;0;1539;0.084;0.692;0.012;0.126;0.086;0.000;0.000;0.000
Leeds South;Unknown (Green gain from LAB);5;West Yorkshire;75953;3376;9097;2039;7876;10902;0;738;1399;0.006;0.267;0.000;0.145;0.581;0.000;0.000;0.000
Leeds South West and Morley;Unknown (Reform gain from LAB);5;West Yorkshire;71854;5586;11873;2388;14342;5119;0;0;1400;0.037;0.305;0.001;0.621;0.035;0.000;0.000;0.000
Leeds West and Pudsey;Rachel Reeves;5;West Yorkshire;70069;4930;10938;2574;10420;8671;0;1956;816;0.021;0.482;0.001;0.343;0.152;0.000;0.000;0.000
Leicester East;Shivani Raja;8;Leicestershire;76560;11369;5982;4278;5170;6212;0;3644;2014;0.718;0.103;0.021;0.065;0.090;0.000;0.000;0.002
Leicester South;Unknown (Green gain from MIN);8;Leicestershire;70867;3167;7555;2023;5496;12409;0;0;6070;0.009;0.117;0.000;0.036;0.789;0.000;0.000;0.049
Leicester West;Unknown (Green gain from LAB);8;Leicestershire;74102;5443;8446;2753;8076;8466;0;0;1496;0.067;0.337;0.004;0.254;0.337;0.000;0.000;0.000
Leicestershire Mid;Peter Bedford;8;Leicestershire;75933;17419;6345;2608;14937;3962;0;0;1377;0.508;0.070;0.000;0.413;0.007;0.000;0.000;0.000
Leicestershire North West;Unknown (Reform gain from LAB);8;Leicestershire;77757;14481;8308;2539;16685;4368;0;0;1912;0.371;0.070;0.000;0.553;0.004;0.000;0.000;0.000
Leicestershire South;Alberto Costa;8;Leicestershire;78543;20801;4366;3392;16628;2765;0;0;1441;0.561;0.031;0.008;0.396;0.002;0.000;0.000;0.000
Leigh and Atherton;Unknown (Reform gain from LAB);4;Western Manchester;79761;1891;16805;679;21230;1646;0;0;1908;0.005;0.231;0.000;0.759;0.004;0.000;0.000;0.000
Lewes;James MacCleary;12;East Sussex;76166;3945;1428;27715;16719;2642;0;0;1440;0.022;0.000;0.880;0.094;0.003;0.000;0.000;0.000
Lewisham East;Janet Daby;11;Lewisham;73376;3725;12423;2336;8156;10917;0;1582;704;0.005;0.537;0.001;0.108;0.349;0.000;0.000;0.000
Lewisham North;Unknown (Green gain from LAB);11;Lewisham;74204;2704;13562;2609;5911;17558;0;1137;732;0.000;0.250;0.000;0.004;0.746;0.000;0.000;0.000
Lewisham West and East Dulwich;Unknown (Green gain from LAB);11;Lewisham;70099;3177;15422;2957;6250;15753;0;1475;537;0.001;0.479;0.000;0.008;0.512;0.000;0.000;0.000
Leyton and Wanstead;Unknown (Green gain from LAB);11;Waltham Forest;73366;3947;11429;2974;7396;12650;0;1463;2031;0.007;0.368;0.001;0.069;0.554;0.000;0.000;0.000
Lichfield;Unknown (CON gain from LAB);7;Staffordshire;76118;17853;6908;2996;17847;2716;0;0;2008;0.447;0.045;0.001;0.506;0.001;0.000;0.000;0.000
Lincoln;Hamish Falconer;8;Lincolnshire;72313;6069;12586;2736;12239;6063;0;1447;1015;0.096;0.398;0.004;0.406;0.095;0.000;0.000;0.000
Liverpool Garston;Maria Eagle;4;Merseyside;69282;3469;13421;4022;10154;8752;0;0;2168;0.004;0.700;0.004;0.171;0.119;0.000;0.000;0.002
Liverpool Riverside;Unknown (Green gain from LAB);4;Merseyside;71380;1691;10441;1843;7592;12312;0;0;1330;0.000;0.305;0.000;0.070;0.625;0.000;0.000;0.000
Liverpool Walton;Dan Carden;4;Merseyside;69317;729;20039;511;12994;2195;0;0;1401;0.000;0.803;0.000;0.169;0.027;0.000;0.000;0.000
Liverpool Wavertree;Unknown (Green gain from LAB);4;Merseyside;70581;2359;12495;3026;7695;15170;0;0;1534;0.001;0.289;0.000;0.035;0.674;0.000;0.000;0.000
Liverpool West Derby;Ian Byrne;4;Merseyside;69934;968;19595;788;12599;2972;0;0;1765;0.000;0.783;0.000;0.161;0.056;0.000;0.000;0.000
Loughborough;Unknown (Reform gain from LAB);8;Leicestershire;68996;8491;9514;4134;10820;8071;0;0;1019;0.169;0.250;0.004;0.435;0.141;0.000;0.000;0.000
Louth and Horncastle;Unknown (Reform gain from CON);8;Lincolnshire;76882;16458;3386;1758;21027;1889;0;0;1673;0.219;0.005;0.000;0.776;0.000;0.000;0.000;0.000
Lowestoft;Unknown (Reform gain from LAB);9;Suffolk;74332;8134;7610;3848;17791;5680;0;0;1864;0.079;0.039;0.004;0.867;0.010;0.000;0.000;0.000
Luton North;Unknown (Reform gain from LAB);9;Bedfordshire;74866;5716;7130;2299;7750;6710;0;7580;0;0.099;0.243;0.007;0.381;0.143;0.000;0.127;0.000
Luton South and South Bedfordshire;Unknown (Reform gain from LAB);9;Bedfordshire;76970;5732;7005;2956;9836;7238;0;0;6154;0.084;0.154;0.008;0.469;0.188;0.000;0.000;0.096
Macclesfield;Tim Roca;4;Cheshire;76416;10900;14167;5448;12508;7620;0;0;1236;0.158;0.495;0.004;0.303;0.040;0.000;0.000;0.000
Maidenhead;Joshua Peter Reynolds;12;Berkshire;75687;18127;906;22106;5121;1454;0;0;1681;0.321;0.001;0.633;0.044;0.000;0.000;0.000;0.000
Maidstone and Malling;Unknown (Reform gain from CON);12;Kent;76449;12305;6388;7306;15278;7054;0;0;1863;0.292;0.024;0.065;0.578;0.040;0.000;0.000;0.000
Makerfield;Unknown (Reform gain from LAB);4;Western Manchester;76845;1470;15835;751;21572;1502;0;0;1846;0.001;0.165;0.000;0.829;0.003;0.000;0.000;0.000
Maldon;Unknown (Reform gain from CON);9;Essex;78281;19917;3133;2969;21493;1928;0;0;1723;0.391;0.001;0.000;0.607;0.000;0.000;0.000;0.000
Manchester Central;Unknown (Green gain from LAB);4;Central Manchester;85049;2942;10306;2442;8545;14526;0;2452;457;0.001;0.194;0.000;0.090;0.714;0.000;0.000;0.000
Manchester Rusholme;Unknown (Green gain from LAB);4;Central Manchester;72604;1595;7434;886;3541;14899;0;2253;174;0.000;0.050;0.000;0.000;0.949;0.000;0.000;0.000
Manchester Withington;Unknown (Green gain from LAB);4;Central Manchester;70549;2269;13129;3527;4525;17164;0;2083;101;0.000;0.260;0.000;0.003;0.737;0.000;0.000;0.000
Mansfield;Unknown (Reform gain from LAB);8;Nottinghamshire;73817;7948;7936;2850;16518;4771;0;0;1275;0.082;0.066;0.000;0.847;0.005;0.000;0.000;0.000
Melksham and Devizes;Unknown (CON gain from LIB);10;Wiltshire;71999;14546;4073;13598;12832;3690;0;0;1897;0.425;0.001;0.332;0.241;0.001;0.000;0.000;0.000
Melton and Syston;Unknown (Reform gain from CON);8;Leicestershire;74316;16331;4535;2158;17506;3669;0;0;1589;0.345;0.022;0.001;0.629;0.001;0.000;0.000;0.000
Meriden and Solihull East;Saqib Bhatti;7;Coventry and Solihull;73659;17853;3981;2212;16100;2652;0;0;1698;0.479;0.024;0.002;0.493;0.001;0.000;0.000;0.000
Middlesbrough and Thornaby East;Unknown (Reform gain from LAB);3;Teesside;75123;4017;8990;1628;12614;5362;0;3048;331;0.013;0.237;0.000;0.710;0.040;0.000;0.000;0.000
Middlesbrough South and East Cleveland;Unknown (Reform gain from LAB);3;Teesside;70328;11445;7501;3044;12035;3374;0;0;1163;0.433;0.111;0.001;0.454;0.001;0.000;0.000;0.000
Milton Keynes Central;Unknown (Reform gain from LAB);12;Buckinghamshire;81078;10604;9772;6310;11178;9507;0;0;1424;0.262;0.202;0.037;0.329;0.169;0.000;0.000;0.000
Milton Keynes North;Unknown (Reform gain from LAB);12;Buckinghamshire;70709;9895;9351;5036;11490;7279;0;0;1296;0.294;0.212;0.020;0.404;0.069;0.000;0.000;0.000
Mitcham and Morden;Siobhain McDonagh;11;Merton;77272;5218;12943;3235;8882;10435;0;2945;503;0.019;0.569;0.001;0.148;0.263;0.000;0.000;0.000
Morecambe and Lunesdale;Unknown (Reform gain from LAB);4;Lancashire;76424;9749;10145;6825;14479;6442;0;0;1027;0.145;0.211;0.018;0.599;0.027;0.000;0.000;0.000
New Forest East;Julian Lewis;12;Hampshire;70618;18803;2962;3352;16843;2240;0;0;1856;0.515;0.002;0.017;0.466;0.000;0.000;0.000;0.000
New Forest West;Desmond Swayne;12;Hampshire;68644;17686;4226;4288;16033;2331;0;0;1881;0.440;0.019;0.044;0.496;0.000;0.000;0.000;0.000
Newark;Robert Jenrick;8;Nottinghamshire;80028;19635;6339;2904;18175;3221;0;277;1334;0.451;0.043;0.001;0.504;0.001;0.000;0.000;0.000
Newbury;Lee Raymond James Dillon;12;Berkshire;71986;13265;3209;14416;12395;4013;0;0;1489;0.310;0.001;0.460;0.228;0.001;0.000;0.000;0.000
Newcastle upon Tyne Central and West;Unknown (Reform gain from LAB);3;Newcastle area;76969;3717;10329;2937;12411;8708;0;0;3359;0.005;0.365;0.001;0.470;0.156;0.000;0.000;0.002
Newcastle upon Tyne East and Wallsend;Unknown (Reform gain from LAB);3;Newcastle area;76421;3406;11349;3158;12697;10264;0;1435;1069;0.003;0.348;0.001;0.447;0.200;0.000;0.000;0.000
Newcastle upon Tyne North;Catherine McKinnell;3;Newcastle area;75146;6246;13737;5738;10196;11657;0;0;1710;0.024;0.518;0.010;0.171;0.275;0.000;0.000;0.000
Newcastle-under-Lyme;Unknown (Reform gain from LAB);7;Staffordshire;67839;7901;8356;4204;14390;5109;0;0;1427;0.123;0.117;0.002;0.745;0.012;0.000;0.000;0.000
Newton Abbot;Martin Wrigley;10;Devon;73885;5686;2424;18895;17842;2544;0;0;1872;0.073;0.004;0.472;0.449;0.001;0.000;0.000;0.000
Newton Aycliffe and Spennymoor;Unknown (Reform gain from LAB);3;Durham;72224;2150;15652;763;16607;1501;0;1053;642;0.019;0.353;0.000;0.622;0.005;0.000;0.000;0.000
Norfolk Mid;Unknown (Reform gain from CON);9;Norfolk;75238;15035;5664;3086;18087;2775;0;0;1902;0.300;0.024;0.001;0.673;0.002;0.000;0.000;0.000
Norfolk North;Unknown (Reform gain from LIB);9;Norfolk;71438;11379;2797;13789;14488;2452;0;0;1362;0.138;0.001;0.414;0.446;0.000;0.000;0.000;0.000
Norfolk North West;Unknown (Reform gain from CON);9;Norfolk;74415;16307;3139;2768;20161;1872;0;0;1470;0.206;0.001;0.003;0.789;0.000;0.000;0.000;0.000
Norfolk South;Unknown (Reform gain from LAB);9;Norfolk;74135;10987;9809;7864;12974;7227;0;0;1677;0.283;0.151;0.063;0.463;0.039;0.000;0.000;0.000
Norfolk South West;Unknown (Reform gain from LAB);9;Norfolk;74724;8707;6833;3777;14469;3742;0;7261;373;0.165;0.052;0.009;0.750;0.008;0.000;0.016;0.000
Normanton and Hemsworth;Unknown (Reform gain from LAB);5;West Yorkshire;75645;1511;15072;633;19976;1479;0;0;1768;0.002;0.192;0.000;0.801;0.004;0.000;0.000;0.000
Northampton North;Lucy Rigby;8;Northamptonshire;75575;4210;13833;1798;12377;4311;0;1740;672;0.062;0.435;0.002;0.424;0.077;0.000;0.000;0.000
Northampton South;Unknown (Reform gain from LAB);8;Northamptonshire;70393;7974;8896;4509;11660;6479;0;0;906;0.150;0.247;0.009;0.537;0.057;0.000;0.000;0.000
Northamptonshire South;Sarah Bool;8;Northamptonshire;78233;17250;7124;4221;16090;3942;0;353;1416;0.473;0.080;0.005;0.437;0.004;0.000;0.000;0.000
Northumberland North;David Smith;3;Northumberland;74132;6809;15219;4446;13875;3940;0;0;2482;0.129;0.485;0.018;0.351;0.016;0.000;0.000;0.000
Norwich North;Alice Macdonald;9;Norfolk;73721;4950;16052;2357;15426;5099;0;0;2439;0.061;0.417;0.003;0.449;0.069;0.000;0.000;0.000
Norwich South;Unknown (Green gain from LAB);9;Norfolk;76381;4058;11574;3933;11622;16201;0;0;2333;0.004;0.158;0.002;0.138;0.696;0.000;0.000;0.000
Nottingham East;Unknown (Green gain from LAB);8;Nottinghamshire;69395;2943;10095;1896;6407;12109;0;2336;459;0.004;0.326;0.000;0.058;0.610;0.000;0.000;0.000
Nottingham North and Kimberley;Unknown (Reform gain from LAB);8;Nottinghamshire;73768;4789;9311;2010;12017;6736;0;0;1509;0.021;0.322;0.000;0.583;0.073;0.000;0.000;0.000
Nottingham South;Unknown (Reform gain from LAB);8;Nottinghamshire;64255;4016;8301;2169;8518;8224;0;2043;459;0.021;0.337;0.000;0.352;0.289;0.000;0.000;0.000
Nuneaton;Unknown (Reform gain from LAB);7;Warwickshire;71662;8290;7460;3278;14993;5723;0;3396;0;0.104;0.058;0.003;0.817;0.017;0.000;0.000;0.000
Old Bexley and Sidcup;Louie French;11;Bexley;72290;19333;4565;1927;16269;2450;0;0;1941;0.565;0.032;0.000;0.399;0.003;0.000;0.000;0.000
Oldham East and Saddleworth;Unknown (Reform gain from LAB);4;Eastern Manchester;72760;5503;7859;3574;11092;6126;0;3973;893;0.052;0.255;0.010;0.600;0.081;0.000;0.000;0.000
Oldham West, Chadderton and Royton;Unknown (Reform gain from LAB);4;Eastern Manchester;73178;3345;7139;2071;10446;6637;0;0;5221;0.009;0.211;0.002;0.570;0.146;0.000;0.000;0.060
Orpington;Gareth Bacon;11;Bromley;71203;19630;4318;2678;14600;2361;0;0;1844;0.646;0.045;0.007;0.299;0.001;0.000;0.000;0.000
Ossett and Denby Dale;Unknown (Reform gain from LAB);5;West Yorkshire;72312;8312;9929;3831;14340;5893;0;0;1339;0.096;0.219;0.001;0.665;0.018;0.000;0.000;0.000
Oxford East;Unknown (Green gain from LAB);12;Oxfordshire;71845;3842;10891;3596;6906;13114;0;2004;2009;0.013;0.299;0.007;0.065;0.616;0.000;0.000;0.000
Oxford West and Abingdon;Layla Moran;12;Oxfordshire;71318;7172;5553;16295;8972;8842;0;0;2055;0.032;0.014;0.804;0.071;0.077;0.000;0.000;0.000
Peckham;Unknown (Green gain from LAB);11;Southwark;72123;2406;12015;2273;6234;14517;0;0;1324;0.000;0.298;0.000;0.018;0.682;0.000;0.000;0.000
Pendle and Clitheroe;Unknown (CON gain from LAB);4;Lancashire;78796;16357;6091;2260;14423;3437;0;357;2030;0.482;0.090;0.001;0.418;0.007;0.000;0.000;0.000
Penistone and Stocksbridge;Unknown (Reform gain from LAB);5;South Yorkshire;70770;8688;10080;4206;13143;5562;0;0;1388;0.125;0.280;0.003;0.571;0.020;0.000;0.000;0.000
Penrith and Solway;Unknown (Reform gain from LAB);4;Cumbria;77935;10034;10972;6224;15013;6026;0;0;1210;0.142;0.235;0.009;0.597;0.015;0.000;0.000;0.000
Peterborough;Unknown (CON gain from LAB);9;Cambridgeshire;73378;13939;3870;1243;12103;3164;0;5293;256;0.433;0.050;0.005;0.494;0.013;0.000;0.004;0.000
Plymouth Moor View;Unknown (Reform gain from LAB);10;Devon;74724;8021;8356;3761;17629;4910;0;0;1608;0.064;0.066;0.004;0.860;0.006;0.000;0.000;0.000
Plymouth Sutton and Devonport;Unknown (Reform gain from LAB);10;Devon;75313;4275;13034;2453;15101;6622;0;1077;2032;0.014;0.356;0.002;0.560;0.068;0.000;0.000;0.000
Pontefract, Castleford and Knottingley;Unknown (Reform gain from LAB);5;West Yorkshire;74618;1599;14669;617;19401;1446;0;0;1808;0.002;0.184;0.000;0.808;0.005;0.000;0.000;0.000
Poole;Unknown (CON gain from LAB);10;Dorset;72509;18544;4038;2533;16318;2418;0;0;1893;0.496;0.018;0.007;0.477;0.001;0.000;0.000;0.000
Poplar and Limehouse;Unknown (Green gain from LAB);11;Tower Hamlets;84469;4278;9272;3645;6150;14984;0;3959;739;0.009;0.142;0.001;0.041;0.806;0.000;0.000;0.000
Portsmouth North;Unknown (CON gain from LAB);12;Hampshire;70446;16873;3825;1747;16444;2341;0;0;1631;0.442;0.010;0.002;0.545;0.000;0.000;0.000;0.000
Portsmouth South;Unknown (Reform gain from LAB);12;Hampshire;73711;5114;9606;4881;10822;9155;0;0;2209;0.033;0.305;0.026;0.386;0.247;0.000;0.000;0.001
Preston;Unknown (Reform gain from LAB);4;Lancashire;77400;4353;7734;2827;9692;7901;0;6122;538;0.023;0.243;0.003;0.473;0.234;0.000;0.024;0.000
Putney;Fleur Anderson;11;Wandsworth;72614;8650;14340;5895;5575;10821;0;1988;690;0.090;0.627;0.014;0.027;0.241;0.000;0.000;0.000
Queen's Park and Maida Vale;Unknown (Green gain from LAB);11;City of Westminster;75558;3692;10845;2719;6602;11792;0;2825;487;0.008;0.395;0.002;0.070;0.524;0.000;0.000;0.000
Rawmarsh and Conisbrough;Unknown (Reform gain from LAB);5;South Yorkshire;69132;1316;13389;472;16518;1392;0;2774;0;0.001;0.216;0.000;0.780;0.003;0.000;0.000;0.000
Rayleigh and Wickford;Unknown (Reform gain from CON);9;Essex;76576;18515;3204;2371;22542;1956;0;0;1458;0.268;0.001;0.001;0.730;0.000;0.000;0.000;0.000
Reading Central;Unknown (Green gain from LAB);12;Berkshire;73600;6723;11979;4296;8019;13007;0;0;1864;0.044;0.355;0.012;0.079;0.508;0.000;0.000;0.000
Reading West and Mid Berkshire;Unknown (CON gain from LAB);12;Berkshire;68786;15183;7653;4361;12376;4621;0;0;1992;0.580;0.101;0.014;0.288;0.016;0.000;0.000;0.000
Redcar;Unknown (Reform gain from LAB);3;Teesside;70241;8891;8090;2345;14188;3465;0;0;1235;0.160;0.092;0.001;0.743;0.004;0.000;0.000;0.000
Redditch;Unknown (Reform gain from LAB);7;Hereford and Worcestershire;71038;13940;5468;1766;15857;2757;0;3680;0;0.309;0.025;0.000;0.665;0.000;0.000;0.000;0.000
Reigate;Rebecca Paul;12;Surrey;77101;17544;6911;4964;15714;5470;0;0;1695;0.451;0.063;0.023;0.445;0.018;0.000;0.000;0.000
Ribble Valley;Unknown (CON gain from LAB);4;Lancashire;80484;16883;9591;4263;15039;3994;0;0;1919;0.497;0.133;0.003;0.364;0.003;0.000;0.000;0.000
Richmond and Northallerton;Rishi Sunak;5;North Yorkshire;73888;21671;4160;2590;15562;2273;0;244;1454;0.751;0.016;0.001;0.231;0.000;0.000;0.000;0.000
Richmond Park;Sarah Olney;11;Richmond upon Thames;68103;9343;5118;20870;6196;8118;0;0;1454;0.028;0.002;0.940;0.008;0.020;0.000;0.000;0.000
Rochdale;Unknown (Reform gain from LAB);4;Eastern Manchester;71264;3309;7033;2319;8457;6488;0;7033;0;0.013;0.240;0.002;0.473;0.165;0.000;0.106;0.000
Rochester and Strood;Unknown (Reform gain from LAB);12;Kent;74257;8474;6774;3653;15889;5120;0;1412;627;0.134;0.023;0.003;0.829;0.010;0.000;0.000;0.000
Romford;Andrew Rosindell;11;Havering;72978;16724;3848;1580;15508;2324;0;2992;334;0.428;0.019;0.000;0.552;0.001;0.000;0.000;0.000
Romsey and Southampton North;Caroline Nokes;12;Hampshire;71871;14716;3895;13252;12211;3662;0;0;1549;0.462;0.000;0.335;0.202;0.000;0.000;0.000;0.000
Rossendale and Darwen;Unknown (Reform gain from LAB);4;Lancashire;74440;8287;9469;3278;14507;6519;0;2350;0;0.080;0.175;0.002;0.712;0.031;0.000;0.000;0.000
Rother Valley;Unknown (Reform gain from LAB);5;South Yorkshire;69460;9808;8249;2716;14482;3616;0;0;1088;0.237;0.065;0.002;0.693;0.003;0.000;0.000;0.000
Rotherham;Unknown (Reform gain from LAB);5;South Yorkshire;75929;1715;8917;2552;14815;6089;0;2168;1322;0.001;0.211;0.001;0.752;0.035;0.000;0.000;0.000
Rugby;Unknown (Reform gain from LAB);7;Warwickshire;74901;13392;9861;3997;14983;4665;0;0;1942;0.421;0.105;0.002;0.466;0.004;0.000;0.000;0.001
Ruislip, Northwood and Pinner;David Simmonds;11;Hillingdon;71683;16518;8685;5797;8739;4695;0;0;1703;0.861;0.066;0.008;0.056;0.007;0.000;0.000;0.000
Runcorn and Helsby;Mike Amesbury;4;Cheshire;71955;1940;20260;824;16645;2140;0;0;1815;0.006;0.583;0.001;0.376;0.033;0.000;0.000;0.000
Runnymede and Weybridge;Ben Spencer;12;Surrey;73610;20223;3654;4710;15136;2579;0;0;1765;0.559;0.008;0.076;0.354;0.002;0.000;0.000;0.000
Rushcliffe;James William Naish;8;Nottinghamshire;79160;14214;15705;4476;11348;8453;0;0;1560;0.332;0.482;0.003;0.148;0.034;0.000;0.000;0.000
Rutland and Stamford;Alicia Kearns;8;Leicestershire;71711;21739;3735;3070;15234;2564;0;0;1153;0.762;0.006;0.004;0.226;0.001;0.000;0.000;0.000
Salford;Unknown (Green gain from LAB);4;Central Manchester;83633;3388;11237;2475;10400;12450;0;2392;381;0.001;0.292;0.000;0.233;0.473;0.000;0.000;0.000
Salisbury;John Glen;10;Wiltshire;71553;14650;8145;8717;11934;4031;0;0;2076;0.584;0.065;0.107;0.239;0.003;0.000;0.000;0.001
Scarborough and Whitby;Unknown (Reform gain from LAB);5;North Yorkshire;74558;8511;9735;4321;15523;5299;0;0;1342;0.099;0.170;0.001;0.721;0.008;0.000;0.000;0.000
Scunthorpe;Unknown (Reform gain from LAB);5;Humber area;74263;8016;8235;3121;14405;4977;0;0;1484;0.119;0.123;0.000;0.747;0.011;0.000;0.000;0.000
Sefton Central;Bill Esterson;4;Merseyside;74282;2391;24377;961;16644;2044;0;0;1552;0.008;0.823;0.000;0.159;0.009;0.000;0.000;0.000
Selby;Keir Mather;5;North Yorkshire;78055;5692;18185;2008;17680;3471;0;0;1639;0.081;0.471;0.000;0.434;0.014;0.000;0.000;0.000
Sevenoaks;Laura Trott;12;Kent;73708;15914;4257;8879;15702;3077;0;0;2085;0.471;0.005;0.100;0.423;0.000;0.000;0.000;0.000
Sheffield Brightside and Hillsborough;Unknown (Green gain from LAB);5;South Yorkshire;70453;2659;8422;1840;7075;9674;0;2133;1063;0.007;0.316;0.000;0.172;0.504;0.000;0.000;0.000
Sheffield Central;Unknown (Green gain from LAB);5;South Yorkshire;60777;1526;8411;1739;3684;20626;0;579;860;0.000;0.010;0.000;0.000;0.990;0.000;0.000;0.000
Sheffield Hallam;Olivia Blake;5;South Yorkshire;73033;5191;15155;11412;5417;12971;0;470;973;0.006;0.530;0.163;0.016;0.284;0.000;0.000;0.000
Sheffield Heeley;Unknown (Green gain from LAB);5;South Yorkshire;73359;3828;11282;3547;7566;12107;0;835;1223;0.005;0.403;0.004;0.092;0.495;0.000;0.000;0.000
Sheffield South East;Clive Betts;5;South Yorkshire;74194;4913;9774;3444;8716;7677;0;1311;1371;0.034;0.477;0.008;0.289;0.191;0.000;0.000;0.000
Sherwood Forest;Unknown (Reform gain from LAB);8;Nottinghamshire;78894;9433;9796;4486;17411;6276;0;0;1383;0.104;0.118;0.001;0.762;0.014;0.000;0.000;0.000
Shipley;Anna Dixon;5;West Yorkshire;74130;8575;12262;4151;11538;9199;0;527;1047;0.101;0.437;0.003;0.331;0.126;0.000;0.000;0.000
Shrewsbury;Unknown (Reform gain from LAB);7;Shropshire;76633;9515;11965;7752;13172;6964;0;0;1930;0.154;0.360;0.044;0.411;0.030;0.000;0.000;0.000
Shropshire North;Helen Morgan;7;Shropshire;77594;6085;1995;22832;16423;2435;0;0;2016;0.043;0.000;0.774;0.182;0.001;0.000;0.000;0.000
Shropshire South;Unknown (Reform gain from CON);7;Shropshire;76723;16749;4162;8611;17730;2638;0;0;1558;0.422;0.001;0.066;0.510;0.000;0.000;0.000;0.000
Sittingbourne and Sheppey;Unknown (Reform gain from LAB);12;Kent;79067;8403;6277;3797;18694;4449;0;0;2691;0.090;0.010;0.002;0.895;0.003;0.000;0.000;0.000
Skipton and Ripon;Unknown (Reform gain from CON);5;North Yorkshire;79251;15070;8723;4857;17165;4887;0;0;1435;0.378;0.064;0.005;0.547;0.005;0.000;0.000;0.000
Sleaford and North Hykeham;Unknown (Reform gain from CON);8;Lincolnshire;75807;17429;4522;2076;18632;2481;0;0;1921;0.350;0.019;0.000;0.631;0.000;0.000;0.000;0.000
Slough;Unknown (MIN gain from LAB);12;Berkshire;81512;6293;7530;2681;5466;7809;0;11678;0;0.104;0.185;0.023;0.126;0.169;0.000;0.392;0.000
Smethwick;Unknown (Reform gain from LAB);7;Black Country;72863;3257;10126;1639;10717;5053;0;3358;1264;0.019;0.394;0.002;0.491;0.092;0.000;0.001;0.000
Solihull West and Shirley;Neil Shastri-Hurst;7;Coventry and Solihull;71813;19084;3819;3195;13453;3300;0;3361;0;0.546;0.031;0.024;0.387;0.011;0.000;0.000;0.000
Somerset North;Unknown (Reform gain from LAB);10;Bristol area;74426;13561;11050;6226;13574;5914;0;3031;0;0.403;0.156;0.023;0.405;0.013;0.000;0.000;0.000
Somerset North East and Hanham;Unknown (Reform gain from LAB);10;Bristol area;73887;11422;10577;6839;13735;7195;0;0;1646;0.312;0.179;0.040;0.433;0.036;0.000;0.000;0.000
South Holland and The Deepings;Unknown (Reform gain from CON);8;Lincolnshire;78473;16162;2990;1691;20633;1765;0;0;2366;0.246;0.005;0.000;0.749;0.000;0.000;0.000;0.000
South Ribble;Unknown (Reform gain from LAB);4;Lancashire;73420;9664;10892;5019;14465;5752;0;0;1177;0.139;0.256;0.003;0.592;0.009;0.000;0.000;0.000
South Shields;Unknown (Reform gain from LAB);3;Newcastle area;68366;3238;8929;2570;14358;8126;0;0;2317;0.003;0.207;0.001;0.687;0.102;0.000;0.000;0.000
Southampton Itchen;Unknown (Reform gain from LAB);12;Hampshire;68379;7137;8796;3498;11354;6193;0;0;2219;0.125;0.267;0.017;0.535;0.055;0.000;0.000;0.000
Southampton Test;Unknown (Reform gain from LAB);12;Hampshire;65520;4742;8393;2967;10084;7865;0;2758;747;0.032;0.285;0.009;0.483;0.189;0.000;0.000;0.000
Southend East and Rochford;Unknown (Reform gain from LAB);9;Essex;70217;7971;7659;4254;13710;5827;0;0;1547;0.138;0.097;0.011;0.724;0.029;0.000;0.000;0.000
Southend West and Leigh;Unknown (Reform gain from LAB);9;Essex;75154;13056;8286;3491;15314;4802;0;0;2169;0.395;0.070;0.004;0.525;0.006;0.000;0.000;0.000
Southgate and Wood Green;Bambos Charalambous;11;Enfield;77542;6088;13515;3961;8138;11446;0;2179;1054;0.022;0.576;0.005;0.083;0.313;0.000;0.000;0.000
Southport;Unknown (Reform gain from LAB);4;Merseyside;73641;9109;10608;5977;11584;5820;0;0;1785;0.184;0.361;0.021;0.402;0.030;0.000;0.000;0.000
Spelthorne;Unknown (Reform gain from CON);12;Surrey;73782;10786;6851;8786;13563;5741;0;0;1733;0.321;0.034;0.110;0.516;0.018;0.000;0.000;0.000
Spen Valley;Unknown (Reform gain from LAB);5;West Yorkshire;72642;7050;10505;3239;11963;5484;0;0;2365;0.115;0.373;0.002;0.465;0.043;0.000;0.000;0.001
St Albans;Daisy Cooper;9;Hertfordshire;72739;8182;5175;20029;8974;8420;0;0;2063;0.023;0.002;0.911;0.039;0.025;0.000;0.000;0.000
St Austell and Newquay;Unknown (Reform gain from LAB);10;Cornwall;76140;7945;8495;6332;16584;5315;0;0;1552;0.074;0.068;0.026;0.825;0.007;0.000;0.000;0.000
St Helens North;David Baines;4;Merseyside;75483;1408;18882;719;18175;2191;0;0;1775;0.001;0.426;0.000;0.547;0.026;0.000;0.000;0.000
St Helens South and Whiston;Unknown (Reform gain from LAB);4;Merseyside;71569;2034;13993;1896;14778;5080;0;0;2948;0.003;0.398;0.001;0.526;0.071;0.000;0.000;0.001
St Ives;Andrew George;10;Cornwall;69980;5866;2166;21113;13627;2688;0;0;1789;0.034;0.000;0.853;0.112;0.000;0.000;0.000;0.000
St Neots and Mid Cambridgeshire;Ian Sollom;9;Cambridgeshire;78115;11446;5032;16718;12151;6705;0;0;2000;0.136;0.003;0.698;0.151;0.012;0.000;0.000;0.000
Stafford;Unknown (Reform gain from LAB);7;Staffordshire;70608;9410;9829;4428;15650;6629;0;0;1557;0.139;0.139;0.002;0.698;0.021;0.000;0.000;0.000
Staffordshire Moorlands;Unknown (Reform gain from CON);7;Staffordshire;69892;12820;5418;2231;20119;2387;0;0;1335;0.142;0.008;0.000;0.850;0.000;0.000;0.000;0.000
Stalybridge and Hyde;Unknown (Reform gain from LAB);4;Eastern Manchester;72265;3134;13313;1242;14053;3731;0;2127;1171;0.017;0.377;0.001;0.553;0.051;0.000;0.000;0.000
Stevenage;Unknown (Reform gain from LAB);9;Hertfordshire;70086;8870;9411;4169;12353;5974;0;0;1934;0.190;0.232;0.008;0.533;0.037;0.000;0.000;0.000
Stockport;Navendu Mishra;4;Eastern Manchester;76625;3931;12086;3576;11048;10886;0;3152;207;0.002;0.436;0.003;0.292;0.266;0.000;0.000;0.000
Stockton North;Unknown (Reform gain from LAB);3;Teesside;70242;3147;13763;1040;15187;2378;0;0;1631;0.032;0.338;0.001;0.613;0.015;0.000;0.000;0.000
Stockton West;Matt Vickers;3;Teesside;71868;15613;9180;3098;13602;3674;0;0;1293;0.549;0.122;0.001;0.324;0.003;0.000;0.000;0.001
Stoke-on-Trent Central;Unknown (Reform gain from LAB);7;Staffordshire;73693;3462;9900;1551;16276;3583;0;0;3948;0.015;0.123;0.000;0.845;0.013;0.000;0.000;0.003
Stoke-on-Trent North;Unknown (Reform gain from LAB);7;Staffordshire;69790;6800;7613;2541;13345;3672;0;0;2793;0.093;0.143;0.002;0.753;0.008;0.000;0.000;0.001
Stoke-on-Trent South;Unknown (Reform gain from LAB);7;Staffordshire;68263;12894;6178;2304;15019;2450;0;0;2362;0.356;0.055;0.001;0.587;0.000;0.000;0.000;0.000
Stone, Great Wyrley and Penkridge;Gavin Williamson;7;Staffordshire;71561;19859;4426;2292;14213;2129;0;0;1924;0.685;0.039;0.001;0.273;0.001;0.000;0.000;0.000
Stourbridge;Unknown (Reform gain from LAB);7;Black Country;68311;10764;7252;2301;12888;3297;0;4037;0;0.313;0.077;0.000;0.605;0.004;0.000;0.000;0.000
Stratford and Bow;Unknown (Green gain from LAB);11;Newham;80560;2779;9529;2377;6392;16314;0;2366;2546;0.001;0.108;0.001;0.013;0.874;0.000;0.000;0.002
Stratford-on-Avon;Manuela Perteghella;7;Warwickshire;75714;14215;3844;15264;14580;3490;0;0;1897;0.295;0.000;0.400;0.303;0.000;0.000;0.000;0.000
Streatham and Croydon North;Unknown (Green gain from LAB);11;Lambeth;82829;4480;12971;3633;7443;14843;0;2244;543;0.004;0.365;0.000;0.035;0.594;0.000;0.000;0.000
Stretford and Urmston;Andrew Western;4;Central Manchester;75153;4873;12861;2467;9845;10116;0;4196;161;0.010;0.571;0.001;0.225;0.191;0.000;0.000;0.000
Stroud;Simon Joseph Opher;10;Gloucestershire;77912;8746;15641;4414;14371;10187;0;0;2358;0.088;0.464;0.008;0.324;0.114;0.000;0.000;0.000
Suffolk Central and North Ipswich;Patrick Spencer;9;Suffolk;73046;17905;3894;2467;17716;4060;0;0;2331;0.348;0.017;0.004;0.616;0.014;0.000;0.000;0.000
Suffolk Coastal;Unknown (Reform gain from LAB);9;Suffolk;74522;10124;8223;8264;16031;7513;0;0;1486;0.191;0.052;0.052;0.675;0.029;0.000;0.000;0.000
Suffolk South;Unknown (Reform gain from CON);9;Suffolk;73385;17420;4920;3382;18588;3767;0;0;1923;0.345;0.020;0.008;0.622;0.004;0.000;0.000;0.000
Suffolk West;Unknown (Reform gain from CON);9;Suffolk;77149;18349;3803;2082;18765;2423;0;0;2140;0.404;0.007;0.000;0.588;0.000;0.000;0.000;0.000
Sunderland Central;Unknown (Reform gain from LAB);3;Newcastle area;76145;2700;15469;1811;16359;3235;0;0;2107;0.014;0.357;0.002;0.593;0.033;0.000;0.000;0.000
Surrey East;Claire Coutinho;12;Surrey;73307;19522;3227;3730;18032;2588;0;0;1716;0.414;0.004;0.027;0.552;0.001;0.000;0.000;0.000
Surrey Heath;Unknown (CON gain from LIB);12;Surrey;71934;14654;3254;14002;11677;3417;0;0;1857;0.430;0.000;0.404;0.165;0.000;0.000;0.000;0.000
Sussex Mid;Alison Bennett;12;West Sussex;75969;11181;6154;17828;11280;6489;0;0;1525;0.106;0.006;0.776;0.102;0.009;0.000;0.000;0.000
Sussex Weald;Nus Ghani;12;East Sussex;72897;20276;3135;3685;17882;2982;0;0;2530;0.504;0.006;0.027;0.459;0.003;0.000;0.000;0.000
Sutton and Cheam;Luke Taylor;11;Sutton;72302;10516;5727;14816;9018;5814;0;0;1384;0.163;0.019;0.716;0.079;0.023;0.000;0.000;0.000
Sutton Coldfield;Andrew Mitchell;7;Birmingham;74080;16817;7627;3271;13301;3376;0;3719;0;0.595;0.077;0.002;0.323;0.002;0.000;0.000;0.000
Swindon North;Unknown (Reform gain from LAB);10;Wiltshire;73238;10484;9441;2835;14541;4490;0;0;1923;0.268;0.125;0.000;0.601;0.005;0.000;0.000;0.000
Swindon South;Unknown (Reform gain from LAB);10;Wiltshire;72596;8441;10922;3877;12307;6678;0;0;1490;0.133;0.368;0.005;0.447;0.046;0.000;0.000;0.000
Tamworth;Unknown (Reform gain from LAB);7;Staffordshire;75059;14197;5907;1949;18769;2567;0;1441;1236;0.246;0.015;0.000;0.739;0.000;0.000;0.000;0.000
Tatton;Esther McVey;4;Cheshire;75978;14221;11070;5939;12764;4959;0;0;1022;0.556;0.166;0.006;0.267;0.004;0.000;0.000;0.000
Taunton and Wellington;Gideon Amos;10;Somerset;78116;10146;4017;17666;12584;4633;0;0;2174;0.069;0.001;0.779;0.147;0.002;0.000;0.000;0.000
Telford;Unknown (Reform gain from LAB);7;Shropshire;73808;5928;10440;2527;16455;4277;0;0;1948;0.045;0.189;0.001;0.756;0.008;0.000;0.000;0.000
Tewkesbury;Cameron Thomas;10;Gloucestershire;73458;10687;3602;16810;12730;5579;0;0;1431;0.091;0.001;0.711;0.194;0.002;0.000;0.000;0.000
Thanet East;Unknown (Reform gain from LAB);12;Kent;74940;7541;9241;3132;14619;6642;0;0;2883;0.094;0.171;0.005;0.689;0.040;0.000;0.000;0.000
Thirsk and Malton;Kevin Hollinrake;5;North Yorkshire;78484;19900;4106;2812;18269;2438;0;0;1388;0.491;0.011;0.002;0.494;0.001;0.000;0.000;0.000
Thornbury and Yate;Unknown (CON gain from LIB);10;Bristol area;78195;15227;4235;14212;13747;4017;0;0;1838;0.431;0.001;0.315;0.252;0.000;0.000;0.000;0.000
Thurrock;Unknown (Reform gain from LAB);9;Essex;73405;6838;7883;2318;12651;4864;0;2608;938;0.106;0.141;0.002;0.733;0.017;0.000;0.000;0.000
Tipton and Wednesbury;Unknown (Reform gain from LAB);7;Black Country;74100;6232;6103;2087;12957;3680;0;0;2782;0.098;0.059;0.000;0.835;0.006;0.000;0.000;0.001
Tiverton and Minehead;Unknown (Reform gain from LIB);10;Somerset;71843;12458;3666;12070;14826;3441;0;0;1986;0.298;0.000;0.249;0.452;0.001;0.000;0.000;0.000
Tonbridge;Tom Tugendhat;12;Kent;72799;20196;3291;2504;17263;4424;0;0;2185;0.554;0.005;0.004;0.420;0.016;0.000;0.000;0.000
Tooting;Rosena Allin-Khan;11;Wandsworth;76082;6987;16568;4207;6782;14698;0;2146;750;0.015;0.578;0.000;0.022;0.384;0.000;0.000;0.000
Torbay;Steve Darling;10;Devon;76179;4445;1050;20633;17374;1592;0;2895;0;0.054;0.001;0.589;0.355;0.001;0.000;0.000;0.000
Torridge and Tavistock;Unknown (Reform gain from CON);10;Devon;74727;15708;5097;6563;18426;2958;0;0;1936;0.330;0.005;0.040;0.624;0.000;0.000;0.000;0.000
Tottenham;Unknown (Green gain from LAB);11;Haringey;75906;2358;11974;2224;7075;14576;0;736;1687;0.000;0.305;0.000;0.025;0.668;0.000;0.000;0.001
Truro and Falmouth;Jayne Kirkham;10;Cornwall;73082;8459;12968;6375;12598;7312;0;0;1969;0.135;0.377;0.049;0.363;0.075;0.000;0.000;0.000
Tunbridge Wells;Mike Martin;12;Kent;78738;11949;4625;19185;12175;5907;0;0;1573;0.106;0.001;0.776;0.113;0.003;0.000;0.000;0.000
Twickenham;Munira Wilson;11;Richmond upon Thames;74980;7382;6090;20970;7300;9218;0;3459;0;0.015;0.007;0.924;0.014;0.039;0.000;0.000;0.000
Tynemouth;Alan Campbell;3;Newcastle area;73469;3251;22038;1503;15817;3574;0;0;2060;0.016;0.724;0.001;0.223;0.036;0.000;0.000;0.000
Uxbridge and South Ruislip;Unknown (CON gain from LAB);11;Hillingdon;74746;11968;8932;3669;10665;6279;0;0;1883;0.545;0.172;0.004;0.232;0.046;0.000;0.000;0.000
Vauxhall and Camberwell Green;Unknown (Green gain from LAB);11;Lambeth;69658;2684;12083;3019;6176;13623;0;0;1091;0.001;0.362;0.000;0.021;0.615;0.000;0.000;0.000
Wakefield and Rothwell;Unknown (Reform gain from LAB);5;West Yorkshire;75067;3189;14922;1666;15907;3347;0;1780;1093;0.021;0.340;0.002;0.608;0.029;0.000;0.000;0.000
Wallasey;Angela Eagle;4;Merseyside;74082;2657;18205;1590;13045;5274;0;2313;548;0.003;0.725;0.001;0.217;0.054;0.000;0.000;0.000
Walsall and Bloxwich;Unknown (Reform gain from LAB);7;Black Country;75968;5305;6871;2635;11752;5613;0;0;6310;0.051;0.117;0.003;0.692;0.045;0.000;0.000;0.091
Walthamstow;Unknown (Green gain from LAB);11;Waltham Forest;76338;2521;13399;2252;6339;15954;0;1799;1234;0.000;0.325;0.000;0.012;0.662;0.000;0.000;0.000
Warrington North;Unknown (Reform gain from LAB);4;Cheshire;70601;1842;16902;791;18402;1663;0;0;1826;0.007;0.350;0.001;0.631;0.010;0.000;0.000;0.000
Warrington South;Sarah Edith Hall;4;Cheshire;78399;8396;14963;4239;13658;6327;0;0;1579;0.127;0.487;0.006;0.338;0.041;0.000;0.000;0.000
Warwick and Leamington;Matt Western;7;Warwickshire;76294;8910;13112;5333;10790;11357;0;0;1810;0.106;0.438;0.010;0.185;0.261;0.000;0.000;0.000
Warwickshire North and Bedworth;Unknown (Reform gain from LAB);7;Warwickshire;69752;11151;7203;2460;17152;2911;0;0;1923;0.215;0.029;0.000;0.756;0.000;0.000;0.000;0.000
Washington and Gateshead South;Unknown (Reform gain from LAB);3;Newcastle area;70972;1419;15377;663;18186;1448;0;0;1933;0.000;0.298;0.000;0.695;0.006;0.000;0.000;0.000
Watford;Unknown (CON gain from LAB);9;Hertfordshire;73000;10175;7675;6842;7309;7299;0;4123;146;0.430;0.157;0.108;0.194;0.109;0.000;0.001;0.000
Waveney Valley;Adrian Ramsay;9;Suffolk;73056;3347;1148;1010;21587;22584;0;0;1802;0.022;0.000;0.000;0.422;0.555;0.000;0.000;0.000
Weald of Kent;Katie Jane Lotte Lam;12;Kent;75988;19945;4023;2607;19110;2868;0;0;2045;0.465;0.007;0.005;0.521;0.001;0.000;0.000;0.000
Wellingborough and Rushden;Unknown (Reform gain from LAB);8;Northamptonshire;77559;8105;9081;3959;14920;6351;0;0;977;0.099;0.142;0.002;0.738;0.019;0.000;0.000;0.000
Wells and Mendip Hills;Tessa Munt;10;Somerset;72051;9468;4055;16488;11418;4656;0;0;2490;0.080;0.005;0.763;0.149;0.002;0.000;0.000;0.000
Welwyn Hatfield;Unknown (CON gain from LAB);9;Hertfordshire;75259;16064;8559;3309;13357;5224;0;0;1700;0.578;0.114;0.002;0.299;0.007;0.000;0.000;0.000
West Bromwich;Unknown (Reform gain from LAB);7;Black Country;74026;4470;11006;1799;12100;3602;0;0;2763;0.067;0.363;0.002;0.528;0.037;0.000;0.000;0.001
West Ham and Beckton;Unknown (Green gain from LAB);11;Newham;78790;3411;8023;1696;6842;10062;0;5695;265;0.010;0.252;0.000;0.158;0.554;0.000;0.024;0.000
Westmorland and Lonsdale;Tim Farron;4;Cumbria;72029;7680;3946;21017;10357;5164;0;0;1487;0.010;0.001;0.953;0.034;0.001;0.000;0.000;0.000
Weston-super-Mare;Unknown (Reform gain from LAB);10;Bristol area;71396;8468;8275;5523;14046;5775;0;0;1504;0.157;0.099;0.029;0.696;0.018;0.000;0.000;0.000
Wetherby and Easingwold;Alec Shelbrooke;5;North Yorkshire;74334;17272;8950;4503;14430;5130;0;0;1601;0.557;0.116;0.005;0.312;0.008;0.000;0.000;0.000
Whitehaven and Workington;Unknown (Reform gain from LAB);4;Cumbria;73198;2383;17474;715;18116;1413;0;0;1401;0.011;0.441;0.000;0.544;0.004;0.000;0.000;0.000
Widnes and Halewood;Derek Twigg;4;Cheshire;71233;1185;18577;550;15000;1927;0;2785;0;0.000;0.647;0.000;0.343;0.009;0.000;0.000;0.000
Wigan;Unknown (Reform gain from LAB);4;Western Manchester;77537;1467;16739;691;19122;1675;0;0;3129;0.002;0.318;0.000;0.672;0.008;0.000;0.000;0.000
Wiltshire East;Danny Kruger;10;Wiltshire;73878;18601;4345;3940;15854;2338;0;0;1788;0.426;0.036;0.040;0.494;0.003;0.000;0.000;0.000
Wiltshire South West;Andrew Murrison;10;Wiltshire;72809;19139;3874;2978;16171;2338;0;0;2019;0.521;0.014;0.017;0.446;0.001;0.000;0.000;0.000
Wimbledon;Paul Christopher Kohler;11;Merton;76352;10779;8035;18025;6097;8608;0;1711;716;0.091;0.035;0.807;0.014;0.052;0.000;0.000;0.000
Winchester;Danny Chambers;12;Hampshire;78289;11931;3674;24281;10415;6755;0;0;1443;0.045;0.000;0.930;0.021;0.003;0.000;0.000;0.000
Windsor;Jack Rankin;12;Berkshire;73334;15911;4702;6351;12075;3699;0;922;1386;0.608;0.014;0.092;0.281;0.004;0.000;0.000;0.000
Wirral West;Matthew Patrick;4;Merseyside;72838;10059;15477;4962;9921;7506;0;0;1602;0.122;0.702;0.005;0.129;0.041;0.000;0.000;0.000
Witham;Unknown (Reform gain from CON);9;Essex;79072;19506;4382;2392;19721;2897;0;0;2315;0.361;0.020;0.002;0.614;0.002;0.000;0.000;0.000
Witney;Unknown (Reform gain from LIB);12;Oxfordshire;75448;13567;4436;13241;13638;4409;0;0;2220;0.363;0.006;0.315;0.311;0.004;0.000;0.000;0.000
Woking;Will Forster;12;Surrey;72977;10517;3446;19040;9385;5605;0;0;1180;0.071;0.000;0.883;0.043;0.002;0.000;0.000;0.000
Wokingham;Clive Jones;12;Berkshire;75082;19678;843;23313;5740;1477;0;0;1845;0.344;0.001;0.595;0.059;0.000;0.000;0.000;0.000
Wolverhampton North East;Unknown (Reform gain from LAB);7;Black Country;70715;6497;6872;2854;13832;4405;0;0;1357;0.067;0.070;0.000;0.854;0.009;0.000;0.000;0.000
Wolverhampton South East;Unknown (Reform gain from LAB);7;Black Country;77473;2869;11155;895;15048;2669;0;4714;0;0.010;0.178;0.000;0.802;0.007;0.000;0.001;0.000
Wolverhampton West;Warinder Juss;7;Black Country;77851;9574;10548;3386;10202;6434;0;1046;2085;0.248;0.376;0.005;0.310;0.059;0.000;0.000;0.001
Worcester;Unknown (Reform gain from LAB);7;Hereford and Worcestershire;74931;7917;10125;4716;13471;9380;0;0;2048;0.098;0.225;0.007;0.525;0.143;0.000;0.000;0.001
Worcestershire West;Unknown (Reform gain from CON);7;Hereford and Worcestershire;79242;13204;5670;10602;18559;5209;0;0;1554;0.294;0.003;0.058;0.642;0.002;0.000;0.000;0.000
Worsley and Eccles;Michael Wheeler;4;Central Manchester;78643;2074;18726;757;17115;2369;0;1568;1289;0.010;0.457;0.000;0.490;0.042;0.000;0.000;0.000
Worthing East and Shoreham;Tom Rutland;12;West Sussex;74738;6973;15793;3280;15131;4903;0;0;2297;0.128;0.443;0.008;0.394;0.026;0.000;0.000;0.000
Worthing West;Unknown (Reform gain from LAB);12;West Sussex;77038;12832;11406;3846;15096;5173;0;0;2199;0.352;0.155;0.005;0.482;0.005;0.000;0.000;0.000
Wrekin, The;Mark Pritchard;7;Shropshire;78942;20167;4611;2333;18421;2775;0;0;1963;0.486;0.023;0.001;0.488;0.001;0.000;0.000;0.000
Wycombe;Unknown (CON gain from LAB);12;Buckinghamshire;73846;9338;8943;5703;8164;7036;0;3284;1472;0.307;0.265;0.067;0.247;0.112;0.000;0.000;0.000
Wyre Forest;Unknown (Reform gain from CON);7;Hereford and Worcestershire;77394;14774;6149;2769;18208;2815;0;0;2707;0.310;0.038;0.001;0.647;0.002;0.000;0.000;0.001
Wythenshawe and Sale East;Mike Kane;4;Central Manchester;77765;4159;11492;2371;11135;9432;0;2274;577;0.006;0.466;0.001;0.338;0.188;0.000;0.000;0.000
Yeovil;Adam Dance;10;Somerset;79700;8363;3083;19179;13597;3869;0;0;2489;0.058;0.001;0.772;0.165;0.003;0.000;0.000;0.000
York Central;Rachael Maskell;5;North Yorkshire;79557;4262;14204;3218;10225;12732;0;0;1480;0.005;0.501;0.000;0.142;0.352;0.000;0.000;0.000
York Outer;Luke Charters;5;North Yorkshire;76228;11215;12002;8230;10890;7891;0;0;997;0.272;0.353;0.057;0.250;0.066;0.000;0.000;0.000
Aberafan Maesteg;Unknown (Reform gain from LAB);6;West Glamorgan;72580;1018;950;2527;14120;4496;13971;0;1380;0.001;0.021;0.001;0.540;0.010;0.427;0.000;0.000
Alyn and Deeside;Unknown (Reform gain from LAB);6;Clwyd;75790;5387;5884;3924;14782;4764;8592;0;1594;0.018;0.027;0.006;0.799;0.008;0.141;0.000;0.000
Bangor Aberconwy;Unknown (NAT gain from LAB);6;Clwyd;69023;2293;978;3811;12751;4622;16304;0;1088;0.015;0.009;0.004;0.257;0.013;0.701;0.000;0.000
Blaenau Gwent and Rhymney;Unknown (NAT gain from LAB);6;Gwent;70153;1936;3085;2426;8780;4804;11036;476;1303;0.005;0.059;0.006;0.294;0.037;0.598;0.000;0.000
Brecon, Radnor and Cwm Tawe;David Chadwick;6;Powys;73114;7553;3973;11235;10262;3756;7199;0;1117;0.097;0.009;0.450;0.349;0.006;0.088;0.000;0.000
Bridgend;Unknown (Reform gain from LAB);6;Mid Glamorgan;73152;2542;2029;3506;14901;4976;13282;0;1827;0.018;0.039;0.003;0.577;0.023;0.339;0.000;0.000
Caerfyrddin (Carmarthen);Ann Davies;6;Dyfed;74003;1633;569;3186;15359;3973;22086;962;721;0.001;0.000;0.000;0.185;0.000;0.813;0.000;0.000
Caerphilly;Unknown (NAT gain from LAB);6;Gwent;72643;1069;726;2897;13904;4809;16383;0;1261;0.000;0.001;0.000;0.354;0.004;0.640;0.000;0.000
Cardiff East;Unknown (NAT gain from LAB);6;South Glamorgan;72873;3283;5539;5517;7296;8705;9097;0;1133;0.014;0.064;0.053;0.182;0.311;0.374;0.000;0.000
Cardiff North;Unknown (NAT gain from LAB);6;South Glamorgan;71335;7226;8491;5190;7293;7627;8966;0;1203;0.127;0.220;0.033;0.166;0.161;0.293;0.000;0.000
Cardiff South and Penarth;Unknown (NAT gain from LAB);6;South Glamorgan;72613;3761;5917;3433;7060;9989;10852;0;1063;0.005;0.043;0.004;0.117;0.366;0.464;0.000;0.000
Cardiff West;Unknown (NAT gain from LAB);6;South Glamorgan;75473;4539;6101;3365;8881;7077;14707;0;1520;0.009;0.025;0.002;0.126;0.041;0.795;0.000;0.000
Ceredigion Preseli;Ben Lake;6;Dyfed;75690;1826;1186;5711;10772;4418;23681;1834;0;0.000;0.000;0.001;0.035;0.001;0.962;0.000;0.000
Clwyd East;Unknown (Reform gain from LAB);6;Clwyd;76637;8729;5734;5390;13338;4905;8776;0;875;0.120;0.019;0.017;0.681;0.017;0.144;0.000;0.000
Clwyd North;Unknown (Reform gain from LAB);6;Clwyd;75027;9526;4777;3268;12817;3344;6876;0;1058;0.221;0.010;0.002;0.686;0.006;0.074;0.000;0.000
Dwyfor Meirionnydd;Liz Saville Roberts;6;Gwynedd;73042;1021;390;2677;11765;3687;25377;0;1032;0.000;0.000;0.000;0.026;0.000;0.974;0.000;0.000
Gower;Unknown (Reform gain from LAB);6;West Glamorgan;76123;6300;7901;4508;11964;6058;9519;0;1527;0.048;0.117;0.013;0.507;0.052;0.261;0.000;0.001
Llanelli;Unknown (NAT gain from LAB);6;Dyfed;71536;1173;695;2723;16261;3842;16916;0;1422;0.001;0.000;0.000;0.459;0.000;0.539;0.000;0.000
Merthyr Tydfil and Aberdare;Unknown (Reform gain from LAB);6;Mid Glamorgan;74460;975;848;2495;13913;4501;13812;1179;749;0.000;0.009;0.001;0.552;0.008;0.430;0.000;0.000
Monmouthshire;Unknown (Reform gain from LAB);6;Gwent;74823;11492;7719;5105;12065;4480;5014;0;1115;0.378;0.082;0.012;0.489;0.013;0.024;0.000;0.000
Montgomeryshire and Glyndwr;Unknown (Reform gain from LAB);6;Powys;74039;5288;5052;6782;12784;4505;8799;0;1529;0.027;0.020;0.057;0.676;0.015;0.205;0.000;0.000
Neath and Swansea East;Unknown (Reform gain from LAB);6;West Glamorgan;76291;1262;921;3569;16356;5396;14717;0;1324;0.002;0.010;0.001;0.645;0.010;0.332;0.000;0.000
Newport East;Unknown (Reform gain from LAB);6;Gwent;76845;3475;3828;3361;12403;5538;9948;0;1768;0.022;0.046;0.012;0.600;0.044;0.273;0.000;0.001
Newport West and Islwyn;Unknown (Reform gain from LAB);6;Gwent;75781;3014;3026;3532;14459;5348;13101;0;1805;0.019;0.040;0.003;0.570;0.025;0.342;0.000;0.000
Pembrokeshire Mid and South;Unknown (Reform gain from LAB);6;Dyfed;79031;10810;5368;4078;14465;3495;6939;0;1195;0.226;0.018;0.003;0.703;0.002;0.047;0.000;0.000
Pontypridd;Unknown (NAT gain from LAB);6;Mid Glamorgan;75951;1171;942;2939;13752;5566;15468;0;1846;0.005;0.019;0.002;0.390;0.023;0.561;0.000;0.000
Rhondda and Ogmore;Unknown (NAT gain from LAB);6;Mid Glamorgan;74493;814;902;2247;14177;4788;14588;0;1310;0.000;0.006;0.000;0.507;0.007;0.479;0.000;0.000
Swansea West;Unknown (NAT gain from LAB);6;West Glamorgan;74236;2105;2741;4173;10534;6333;11342;0;1266;0.007;0.031;0.013;0.391;0.089;0.468;0.000;0.000
Torfaen;Unknown (Reform gain from LAB);6;Gwent;71738;2240;2023;2874;14221;4236;11387;0;1451;0.013;0.024;0.003;0.687;0.013;0.258;0.000;0.000
Vale of Glamorgan;Unknown (Reform gain from LAB);6;South Glamorgan;74374;8453;5652;5133;11563;5735;8495;0;999;0.164;0.032;0.019;0.565;0.035;0.184;0.000;0.000
Wrexham;Unknown (Reform gain from LAB);6;Clwyd;70269;6516;5251;4047;10451;4310;8397;0;1199;0.088;0.036;0.017;0.558;0.026;0.274;0.000;0.000
Ynys Mon (Anglesey);Llinos Medi;6;Gwynedd;53141;1826;361;2640;11175;2770;14401;0;487;0.003;0.000;0.000;0.259;0.000;0.737;0.000;0.000
Aberdeen North;Kirsty Blackman;2;Grampian;75925;4124;5549;1728;10927;2600;19203;0;1615;0.006;0.024;0.000;0.094;0.000;0.875;0.000;0.000
Aberdeen South;Stephen Flynn;2;Grampian;77328;10444;5870;2186;8839;2402;17693;0;1157;0.108;0.013;0.000;0.054;0.001;0.823;0.000;0.000
Aberdeenshire North and Moray East;Seamus Logan;2;Grampian;70058;15142;716;1210;5716;727;17303;0;380;0.309;0.000;0.000;0.046;0.000;0.645;0.000;0.000
Aberdeenshire West and Kincardine;Andrew Campbell Bowie;2;Grampian;72994;21386;768;1706;3619;1453;19555;0;672;0.559;0.000;0.001;0.024;0.000;0.416;0.000;0.000
Airdrie and Shotts;Unknown (NAT gain from LAB);2;Glasgow area;70199;1326;9602;548;9013;2753;13822;0;1749;0.000;0.178;0.000;0.113;0.001;0.707;0.000;0.000
Alloa and Grangemouth;Unknown (NAT gain from LAB);2;Central;70680;2386;9337;873;10301;3908;14630;499;1845;0.000;0.135;0.000;0.157;0.002;0.705;0.000;0.000
Angus and Perthshire Glens;Dave Doogan;2;Tayside;76668;17314;767;793;3392;1043;24204;0;953;0.170;0.000;0.000;0.004;0.000;0.826;0.000;0.000
Arbroath and Broughty Ferry;Stephen Patrick Gethins;2;Tayside;76149;6174;7896;1775;10320;1902;19158;0;1549;0.008;0.029;0.000;0.095;0.000;0.867;0.000;0.000
Argyll, Bute and South Lochaber;Brendan O'Hara;2;Argyll and Bute;71756;8264;4119;6241;7673;1195;17460;0;1150;0.061;0.002;0.011;0.046;0.000;0.880;0.000;0.000
Ayr, Carrick and Cumnock;Unknown (NAT gain from LAB);2;Ayrshire and Lanark;70340;8346;7415;796;9089;2580;12833;0;1189;0.107;0.072;0.000;0.176;0.001;0.644;0.000;0.000
Ayrshire Central;Unknown (NAT gain from LAB);2;Ayrshire and Lanark;69413;5252;9228;739;9767;3473;13753;0;1401;0.015;0.154;0.000;0.171;0.001;0.658;0.000;0.000
Ayrshire North and Arran;Unknown (NAT gain from LAB);2;Ayrshire and Lanark;72176;5035;8572;758;9600;3475;15909;0;1318;0.007;0.087;0.000;0.096;0.000;0.810;0.000;0.000
Bathgate and Linlithgow;Unknown (NAT gain from LAB);2;Edinburgh area;72185;2402;10225;1644;10359;4222;14228;0;1554;0.003;0.194;0.000;0.167;0.004;0.631;0.000;0.000
Berwickshire, Roxburgh and Selkirk;John Lamont;2;Borders;76438;21793;775;903;3486;1631;17059;0;802;0.716;0.000;0.000;0.015;0.000;0.269;0.000;0.000
Caithness, Sutherland and Easter Ross;Jamie Stone;2;Highland;74627;523;305;25941;4153;1386;15410;0;783;0.000;0.000;0.892;0.007;0.000;0.100;0.000;0.000
Coatbridge and Bellshill;Unknown (NAT gain from LAB);2;Glasgow area;72667;1139;10014;527;8964;4221;16138;0;1568;0.000;0.130;0.000;0.060;0.001;0.808;0.000;0.000
Cowdenbeath and Kirkcaldy;Unknown (NAT gain from LAB);2;Fife;71845;2428;9671;1201;9691;4178;14056;0;1855;0.000;0.166;0.000;0.148;0.003;0.682;0.000;0.000
Cumbernauld and Kirkintilloch;Unknown (NAT gain from LAB);2;Glasgow area;70350;1539;9409;1000;9429;4394;17432;0;1156;0.000;0.083;0.000;0.067;0.001;0.849;0.000;0.000
Dumfries and Galloway;Unknown (NAT gain from CON);2;Dumfries and Galloway;78541;14434;4956;1350;8761;2165;16507;0;955;0.322;0.011;0.000;0.092;0.000;0.573;0.000;0.000
Dumfriesshire, Clydesdale and Tweeddale;David Mundell;2;Dumfries and Galloway;71900;17408;2559;1151;5658;2019;15665;0;811;0.569;0.005;0.000;0.064;0.000;0.361;0.000;0.000
Dunbartonshire Mid;Susan Murray;2;Glasgow area;73596;653;884;25891;4514;2166;16769;0;985;0.000;0.003;0.824;0.013;0.000;0.160;0.000;0.000
Dunbartonshire West;Unknown (NAT gain from LAB);2;Glasgow area;69074;1157;9556;630;8779;4289;15813;0;1380;0.000;0.122;0.000;0.058;0.003;0.817;0.000;0.000
Dundee Central;Chris Law;2;Tayside;74221;1256;7940;1869;8313;1843;18754;372;2005;0.000;0.035;0.000;0.028;0.000;0.936;0.000;0.000
Dunfermline and Dollar;Unknown (NAT gain from LAB);2;Fife;72824;2404;10126;2301;9627;4756;14362;0;1551;0.002;0.196;0.000;0.134;0.003;0.665;0.000;0.000
East Kilbride and Strathaven;Unknown (NAT gain from LAB);2;Ayrshire and Lanark;76415;2684;11465;805;10762;5083;16574;0;1696;0.001;0.181;0.000;0.106;0.005;0.706;0.000;0.000
Edinburgh East and Musselburgh;Unknown (NAT gain from LAB);2;Edinburgh area;76188;2054;9749;1519;8929;7556;18532;0;1419;0.001;0.087;0.000;0.053;0.016;0.843;0.000;0.000
Edinburgh North and Leith;Unknown (NAT gain from LAB);2;Edinburgh area;78411;2684;11670;3169;10111;9095;18018;0;1866;0.001;0.180;0.001;0.081;0.049;0.687;0.000;0.000
Edinburgh South;Ian Murray;2;Edinburgh area;70839;2919;12590;1989;9705;7890;10296;0;2120;0.003;0.489;0.000;0.195;0.071;0.242;0.000;0.000
Edinburgh South West;Unknown (NAT gain from LAB);2;Edinburgh area;73784;4680;10075;2355;9354;6211;15854;0;1464;0.009;0.177;0.000;0.090;0.013;0.710;0.000;0.000
Edinburgh West;Christine Anne Jardine;2;Edinburgh area;76490;1002;1186;28028;4699;2011;12969;0;897;0.000;0.001;0.945;0.011;0.000;0.043;0.000;0.000
Falkirk;Unknown (NAT gain from LAB);2;Central;73584;2732;9541;833;10057;4249;16282;0;1824;0.000;0.099;0.000;0.109;0.001;0.790;0.000;0.000
Fife North East;Wendy Chamberlain;2;Fife;69762;474;287;26406;3371;1513;12809;0;390;0.000;0.002;0.951;0.004;0.000;0.043;0.000;0.000
Glasgow East;Unknown (NAT gain from LAB);2;Glasgow area;68988;1343;7889;669;7688;5024;14251;0;1241;0.000;0.083;0.000;0.077;0.008;0.831;0.000;0.000
Glasgow North;Unknown (NAT gain from LAB);2;Glasgow area;67579;1182;8108;955;7333;7056;14722;0;1367;0.000;0.092;0.000;0.049;0.031;0.828;0.000;0.000
Glasgow North East;Unknown (NAT gain from LAB);2;Glasgow area;72610;958;8029;458;7585;4864;13527;0;1524;0.000;0.115;0.000;0.072;0.010;0.803;0.000;0.000
Glasgow South;Unknown (NAT gain from LAB);2;Glasgow area;70219;1236;8655;971;7594;7956;15820;0;1584;0.000;0.081;0.000;0.050;0.053;0.815;0.000;0.000
Glasgow South West;Unknown (NAT gain from LAB);2;Glasgow area;68871;1106;7886;736;7548;5025;14819;0;1288;0.000;0.084;0.000;0.046;0.010;0.859;0.000;0.000
Glasgow West;Unknown (NAT gain from LAB);2;Glasgow area;69028;1375;9537;1018;8291;6598;15073;0;1340;0.000;0.153;0.000;0.063;0.025;0.758;0.000;0.000
Glenrothes and Mid Fife;Unknown (NAT gain from LAB);2;Fife;70655;1593;8413;1271;9388;2238;16193;0;1028;0.000;0.064;0.000;0.086;0.000;0.849;0.000;0.000
Gordon and Buchan;Harriet Cross;2;Grampian;69605;17799;452;2012;3220;769;17727;0;402;0.476;0.000;0.002;0.021;0.000;0.500;0.000;0.000
Hamilton and Clyde Valley;Unknown (NAT gain from LAB);2;Ayrshire and Lanark;75480;3632;10836;1144;10294;3024;14380;0;1333;0.001;0.239;0.000;0.149;0.000;0.610;0.000;0.000
Inverclyde and Renfrewshire West;Unknown (NAT gain from LAB);2;Glasgow area;70124;2169;9669;944;8853;3833;15156;0;1760;0.000;0.155;0.000;0.081;0.002;0.761;0.000;0.000
Inverness, Skye and West Ross-shire;Angus MacDonald;2;Highland;77927;704;498;22002;4549;1959;20101;0;636;0.000;0.000;0.572;0.008;0.000;0.420;0.000;0.000
Kilmarnock and Loudoun;Unknown (NAT gain from LAB);2;Ayrshire and Lanark;74628;2689;9714;645;10033;3893;16813;0;1402;0.000;0.090;0.000;0.092;0.001;0.817;0.000;0.000
Livingston;Unknown (NAT gain from LAB);2;Edinburgh area;78043;2640;9402;1536;10713;4128;17758;0;1457;0.001;0.076;0.000;0.110;0.001;0.812;0.000;0.000
Lothian East;Unknown (NAT gain from LAB);2;Edinburgh area;75456;4328;11960;1948;10805;5807;13010;0;1693;0.008;0.348;0.001;0.202;0.017;0.424;0.000;0.000
Midlothian;Unknown (NAT gain from LAB);2;Edinburgh area;73916;2447;10909;1931;10352;2999;16085;0;1426;0.000;0.166;0.000;0.106;0.000;0.727;0.000;0.000
Moray West, Nairn and Strathspey;Graham Leadbitter;2;Grampian;77072;17601;1347;1108;4277;1942;20952;0;856;0.286;0.002;0.000;0.029;0.000;0.683;0.000;0.000
Motherwell, Wishaw and Carluke;Unknown (NAT gain from LAB);2;Glasgow area;71777;1894;9858;634;9350;4076;14958;0;1374;0.000;0.135;0.000;0.113;0.001;0.749;0.000;0.000
Na h-Eileanan An Iar (Western Isles);Unknown (NAT gain from LAB);2;Western Isles;21235;480;3300;275;2793;911;3538;0;2359;0.000;0.324;0.000;0.156;0.000;0.442;0.000;0.077
Orkney and Shetland;Alistair Carmichael;2;Orkney and Shetland;34236;428;825;11109;3092;1522;4160;0;141;0.000;0.001;0.968;0.011;0.000;0.019;0.000;0.000
Paisley and Renfrewshire North;Unknown (NAT gain from LAB);2;Glasgow area;71103;2033;9819;1035;9607;4260;15910;0;1184;0.000;0.141;0.000;0.078;0.002;0.777;0.000;0.000
Paisley and Renfrewshire South;Unknown (NAT gain from LAB);2;Glasgow area;71574;1762;10153;1021;9619;4682;16211;0;1474;0.000;0.125;0.000;0.097;0.003;0.775;0.000;0.000
Perth and Kinross-shire;Pete Wishart;2;Tayside;77261;18894;1125;953;3692;1313;25751;0;1075;0.174;0.000;0.000;0.010;0.000;0.816;0.000;0.000
Renfrewshire East;Unknown (NAT gain from LAB);2;Glasgow area;73380;7270;11005;842;9836;4358;16192;0;2009;0.033;0.209;0.000;0.106;0.003;0.648;0.000;0.000
Rutherglen;Unknown (NAT gain from LAB);2;Ayrshire and Lanark;72674;1843;10954;1277;9679;3056;15403;0;2126;0.000;0.218;0.000;0.102;0.001;0.678;0.000;0.001
Stirling and Strathallan;Unknown (NAT gain from LAB);2;Central;76284;8545;8613;1917;9924;4254;18487;0;1089;0.034;0.050;0.000;0.077;0.002;0.836;0.000;0.000
Antrim East;Sammy Wilson;1;Antrim;73302;9497;886;11479;10142;4102;2969;0;599;0.217;0.001;0.475;0.296;0.003;0.007;0.000;0.000
Antrim North;Jim Allister;1;Antrim;74697;3926;1650;11212;4474;11608;7690;0;624;0.008;0.001;0.420;0.013;0.446;0.111;0.000;0.000
Antrim South;Robin Swann;1;Antrim;77058;16333;1579;8816;4559;2671;8009;0;941;0.847;0.000;0.086;0.007;0.000;0.058;0.000;0.000
Belfast East;Gavin Robinson;1;Antrim;72917;1829;615;19902;17203;1902;0;0;1255;0.000;0.000;0.674;0.326;0.000;0.000;0.000;0.000
Belfast North;John Finucane;1;Antrim;74240;21;1404;12079;4260;2853;17651;0;2184;0.000;0.000;0.194;0.001;0.000;0.804;0.000;0.000
Belfast South and Mid Down;Claire Hanna;1;Antrim;74749;2672;21317;6874;8824;2200;0;0;1605;0.000;0.974;0.008;0.017;0.000;0.000;0.000;0.000
Belfast West;Paul Maskey;1;Antrim;75346;482;4293;4321;1073;1993;20986;5048;1547;0.000;0.002;0.004;0.000;0.000;0.993;0.000;0.000
Down North;Alex Easton;1;Down;73885;6760;653;5;13593;0;0;20913;1373;0.027;0.002;0.006;0.259;0.000;0.008;0.697;0.000
Down South;Chris Hazzard;1;Down;76248;1436;10389;7369;3176;1877;19672;0;1324;0.000;0.062;0.023;0.000;0.000;0.914;0.000;0.000
Fermanagh and South Tyrone;Pat Cullen;1;Fermanagh;77828;20289;2371;13;2412;0;24815;0;1177;0.303;0.000;0.000;0.000;0.000;0.697;0.000;0.000
Foyle;Colum Eastwood;1;Londonderry;73496;1438;15623;3927;1264;0;11459;0;4648;0.000;0.770;0.006;0.000;0.000;0.220;0.000;0.002
Lagan Valley;Sorcha-Lucy Eastwood;1;Down;82201;11170;1021;15669;18601;2168;0;0;452;0.059;0.000;0.319;0.622;0.000;0.000;0.000;0.000
Londonderry East;Gregory Campbell;1;Londonderry;75707;3442;5234;11529;3721;4329;11303;0;1719;0.008;0.025;0.506;0.013;0.010;0.436;0.000;0.002
Newry and Armagh;Dáire Hughes;1;Down;78244;3205;6777;5924;2683;4065;22273;0;1016;0.000;0.003;0.008;0.000;0.001;0.986;0.000;0.000
Strangford;Jim Shannon;1;Down;74525;3961;1772;15575;10414;3117;2777;0;1292;0.002;0.000;0.827;0.167;0.000;0.003;0.000;0.000
Tyrone West;Órfhlaith Begley;1;Fermanagh;74269;2708;5793;6814;2279;2509;22686;0;906;0.000;0.003;0.004;0.000;0.000;0.993;0.000;0.000
Ulster Mid;Cathal Mallaghan;1;Tyrone;74000;2294;3698;9182;1994;2954;24059;0;1265;0.000;0.000;0.012;0.000;0.000;0.987;0.000;0.000
Upper Bann;Carla Lockhart;1;Armagh;81249;3678;1486;21655;6305;0;14209;0;24;0.000;0.000;0.864;0.001;0.000;0.134;0.000;0.000