Seat Name;County;Area;CON;LAB;LIB;UKIP;Green;NAT;MIN;OTH;Winner
Aldershot;Hampshire;12;2255;1936;1162;2486;1522;000;000;639;Reform
Aldridge-Brownhills;Black Country;7;2668;1530;685;3373;866;000;000;878;Reform
Altrincham and Sale West;Central Manchester;4;2714;2452;855;1688;1767;000;524;000;CON
Amber Valley;Derbyshire;8;1910;2085;588;3310;1353;000;000;754;Reform
Arundel and South Downs;West Sussex;12;2581;1068;1456;2953;1324;000;000;618;Reform
Ashfield;Nottinghamshire;8;879;1508;401;4781;1128;000;1303;000;Reform
Ashford;Kent;12;1872;1504;850;3195;1844;000;000;735;Reform
Ashton-under-Lyne;Eastern Manchester;4;1078;2254;450;3220;1868;000;1131;000;Reform
Aylesbury;Buckinghamshire;12;2380;1480;1985;1943;1611;000;491;110;CON
Banbury;Oxfordshire;12;2695;2006;866;2406;1210;000;000;817;CON
Barking;Barking and Dagenham;11;1104;2064;363;2268;2723;000;1107;372;Green
Barnsley North;South Yorkshire;5;867;2427;478;3803;1443;000;000;982;Reform
Barnsley South;South Yorkshire;5;893;2219;449;4118;1338;000;000;984;Reform
Barrow and Furness;Cumbria;4;2396;2290;507;3067;1133;000;000;607;Reform
Basildon and Billericay;Essex;9;2551;1440;549;3526;964;000;000;970;Reform
Basildon South and East Thurrock;Essex;9;2054;1413;539;3796;1057;000;000;1140;Reform
Basingstoke;Hampshire;12;2176;1974;1072;2375;1826;000;000;577;Reform
Bassetlaw;Nottinghamshire;8;1882;1951;689;3674;1362;000;000;441;Reform
Bath;Bristol area;10;1361;1255;2811;1330;2447;000;084;712;LIB
Battersea;Wandsworth;11;1825;2839;974;964;2713;000;270;415;LAB
Beaconsfield;Buckinghamshire;12;3094;1018;2094;2236;875;000;000;683;CON
Beckenham and Penge;Bromley;11;2039;2893;957;1440;2014;000;000;657;LAB
Bedford;Bedfordshire;9;1904;2167;963;1975;1956;000;422;612;LAB
Bedfordshire Mid;Bedfordshire;9;2827;1686;828;2729;1102;000;000;827;CON
Bedfordshire North;Bedfordshire;9;2849;1469;1112;2986;1044;000;000;540;Reform
Bermondsey and Old Southwark;Southwark;11;842;2416;1317;1313;3408;000;000;704;Green
Bethnal Green and Stepney;Tower Hamlets;11;569;1771;726;852;4148;000;000;1935;Green
Beverley and Holderness;Humber area;5;2993;1860;815;2706;1010;000;000;616;CON
Bexhill and Battle;East Sussex;12;2740;1439;747;3149;943;000;000;982;Reform
Bexleyheath and Crayford;Bexley;11;2767;1882;593;2777;1089;000;000;892;Reform
Bicester and Woodstock;Oxfordshire;12;2171;945;3030;1941;1422;000;000;491;LIB
Birkenhead;Merseyside;4;609;2531;496;2376;3277;000;000;710;Green
Birmingham Edgbaston;Birmingham;7;1836;2360;724;1656;2226;000;000;1198;LAB
Birmingham Erdington;Birmingham;7;1278;2050;450;2888;1792;000;000;1543;Reform
Birmingham Hall Green and Moseley;Birmingham;7;928;1869;756;1034;3001;000;000;2413;Green
Birmingham Hodge Hill and Solihull North;Birmingham;7;1037;1550;360;2634;2059;000;2361;000;Reform
Birmingham Ladywood;Birmingham;7;627;2093;373;1031;3798;000;000;2078;Green
Birmingham Northfield;Birmingham;7;1826;1994;615;2764;1738;000;000;1063;Reform
Birmingham Perry Barr;Birmingham;7;1170;1754;458;1333;2671;000;000;2614;Green
Birmingham Selly Oak;Birmingham;7;1129;2235;553;2218;2602;000;000;1263;Green
Birmingham Yardley;Birmingham;7;1123;1468;855;1840;2311;000;2404;000;MIN
Bishop Auckland;Durham;3;1807;2432;654;3232;1298;000;000;577;Reform
Blackburn;Lancashire;4;954;1660;383;1902;2415;000;2685;000;MIN
Blackley and Middleton South;Central Manchester;4;919;2605;438;2914;2371;000;000;753;Reform
Blackpool North and Fleetwood;Lancashire;4;1982;2073;726;3421;1250;000;000;547;Reform
Blackpool South;Lancashire;4;1189;2348;460;3561;1418;000;000;1023;Reform
Blaydon and Consett;Durham;3;1121;2840;624;3175;1597;000;000;643;Reform
Blyth and Ashington;Northumberland;3;1091;2680;562;3496;1560;000;000;612;Reform
Bognor Regis and Littlehampton;West Sussex;12;2711;1405;864;3335;855;000;000;830;Reform
Bolsover;Derbyshire;8;1846;2099;537;3312;1566;000;000;640;Reform
Bolton North East;Western Manchester;4;1809;2190;597;2344;2048;000;718;294;Reform
Bolton South and Walkden;Western Manchester;4;1028;2061;430;3003;2153;000;1213;112;Reform
Bolton West;Western Manchester;4;2181;1909;917;2651;1904;000;000;437;Reform
Bootle;Merseyside;4;607;3633;503;2397;2138;000;722;000;LAB
Boston and Skegness;Lincolnshire;8;2547;909;442;4747;628;000;000;727;Reform
Bournemouth East;Dorset;10;1944;1904;1009;2551;1872;000;000;720;Reform
Bournemouth West;Dorset;10;1980;1620;1260;2629;1871;000;000;640;Reform
Bracknell;Berkshire;12;2750;1645;881;2760;1165;000;000;799;Reform
Bradford East;West Yorkshire;5;1003;2034;620;1789;2672;000;000;1883;Green
Bradford South;West Yorkshire;5;1062;1852;417;2980;2202;000;166;1321;Reform
Bradford West;West Yorkshire;5;848;1869;409;1203;3295;000;000;2377;Green
Braintree;Essex;9;2538;1382;761;3681;926;000;000;713;Reform
Brent East;Brent;11;1222;2672;548;1607;2784;000;330;837;Green
Brent West;Brent;11;3069;2073;614;1421;1857;000;967;000;CON
Brentford and Isleworth;Hounslow;11;2009;2335;844;1523;2250;000;882;156;LAB
Brentwood and Ongar;Essex;9;2897;1204;1167;3214;814;000;000;705;Reform
Bridgwater;Somerset;10;2384;1439;1127;3129;910;000;338;673;Reform
Bridlington and the Wolds;Humber area;5;2795;1459;720;3507;822;000;000;698;Reform
Brigg and Immingham;Humber area;5;2683;1709;666;3331;921;000;000;690;Reform
Brighton Kemptown and Peacehaven;East Sussex;12;1528;2301;825;1540;2940;000;000;865;Green
Brighton Pavilion;East Sussex;12;590;1538;348;1004;5931;000;000;589;Green
Bristol Central;Bristol area;10;264;1349;252;622;7127;000;000;387;Green
Bristol East;Bristol area;10;792;2030;512;1313;4485;000;000;868;Green
Bristol North East;Bristol area;10;1006;2206;489;2338;2965;000;000;995;Green
Bristol North West;Bristol area;10;1141;2634;852;1706;2879;000;000;788;Green
Bristol South;Bristol area;10;837;1955;559;2294;3475;000;000;879;Green
Broadland and Fakenham;Norfolk;9;2698;1612;989;2872;1117;000;000;712;Reform
Bromley and Biggin Hill;Bromley;11;3041;1848;875;2355;1181;000;000;699;CON
Bromsgrove;Hereford and Worcestershire;7;2853;1434;1119;2866;871;000;072;784;Reform
Broxbourne;Hertfordshire;9;2638;1536;788;3172;1034;000;000;831;Reform
Broxtowe;Nottinghamshire;8;1948;2338;955;2332;1811;000;168;448;LAB
Buckingham and Bletchley;Buckinghamshire;12;2741;1938;808;2503;1241;000;000;768;CON
Buckinghamshire Mid;Buckinghamshire;12;2830;1142;2047;2260;1032;000;000;688;CON
Burnley;Lancashire;4;1553;1875;1520;2547;1745;000;000;759;Reform
Burton and Uttoxeter;Staffordshire;7;2470;1697;478;3262;1015;000;1079;000;Reform
Bury North;Western Manchester;4;2034;2306;742;2523;1732;000;460;203;Reform
Bury South;Western Manchester;4;1802;2537;660;2316;1880;000;483;322;LAB
Bury St Edmunds and Stowmarket;Suffolk;9;1932;1659;943;2755;1970;000;000;741;Reform
Calder Valley;West Yorkshire;5;2000;2749;759;2026;1793;000;000;672;LAB
Camborne and Redruth;Cornwall;10;1757;2258;1034;2816;1401;000;000;735;Reform
Cambridge;Cambridgeshire;9;931;2567;1199;951;3622;000;341;389;Green
Cambridgeshire North East;Cambridgeshire;9;2736;1031;790;3708;745;000;164;825;Reform
Cambridgeshire North West;Cambridgeshire;9;2657;1559;704;3147;1208;000;000;726;Reform
Cambridgeshire South;Cambridgeshire;9;2211;785;3699;1523;1356;000;000;425;LIB
Cannock Chase;Staffordshire;7;1867;1595;634;3902;1273;000;000;730;Reform
Canterbury;Kent;12;1840;2176;880;2130;2267;000;000;707;Green
Carlisle;Cumbria;4;1990;1897;951;3126;1522;000;000;514;Reform
Carshalton and Wallington;Sutton;11;2198;1005;2959;1672;1352;000;474;340;LIB
Castle Point;Essex;9;2444;887;519;5087;631;000;000;432;Reform
Chatham and Aylesford;Kent;12;2100;1565;855;3189;1468;000;351;472;Reform
Cheadle;Eastern Manchester;4;2003;1289;3346;1348;1499;000;456;059;LIB
Chelmsford;Essex;9;2493;699;3114;1953;1235;000;090;415;LIB
Chelsea and Fulham;Hammersmith and Fulham;11;2831;2244;905;1676;1741;000;538;065;CON
Cheltenham;Gloucestershire;10;2687;551;3508;1524;1274;000;000;456;LIB
Chesham and Amersham;Buckinghamshire;12;2864;667;3116;1893;874;000;473;113;LIB
Cheshire Mid;Cheshire;4;1813;2570;764;2571;1548;000;000;735;Reform
Chester North and Neston;Cheshire;4;1829;2897;674;2064;2040;000;000;497;LAB
Chester South and Eddisbury;Cheshire;4;2858;2096;1157;2190;1092;000;000;606;CON
Chesterfield;Derbyshire;8;1659;2527;710;2725;1723;000;267;390;Reform
Chichester;West Sussex;12;2164;603;3323;2126;1046;000;000;738;LIB
Chingford and Woodford Green;Waltham Forest;11;2763;1584;562;1974;1249;000;000;1867;CON
Chippenham;Wiltshire;10;2212;605;3531;2047;1124;000;000;482;LIB
Chipping Barnet;Barnet;11;2815;2336;737;2052;1487;000;000;573;CON
Chorley;Lancashire;4;528;3649;362;2083;2327;000;000;1052;LAB
Christchurch;Dorset;10;2618;939;1586;3442;670;000;000;745;Reform
Cities of London and Westminster;City of Westminster;11;2603;2277;933;1317;1992;000;460;419;CON
Clacton;Essex;9;1944;776;731;5114;713;000;000;722;Reform
Clapham and Brixton Hill;Lambeth;11;898;2989;816;1143;3610;000;000;543;Green
Colchester;Essex;9;1869;2163;1199;2098;1874;000;000;796;LAB
Colne Valley;West Yorkshire;5;2204;2171;856;2387;1964;000;000;417;Reform
Congleton;Cheshire;4;2616;2347;701;2424;1119;000;000;794;CON
Corby and East Northamptonshire;Northamptonshire;8;2030;2218;902;2796;1648;000;000;405;Reform
Cornwall North;Cornwall;10;1952;471;3628;2657;838;000;000;452;LIB
Cornwall South East;Cornwall;10;1908;1669;1742;3110;1114;000;000;458;Reform
Cotswolds North;Gloucestershire;10;2758;1108;1868;2365;1161;000;000;741;CON
Cotswolds South;Gloucestershire;10;3060;663;2874;1919;821;000;000;663;CON
Coventry East;Coventry and Solihull;7;1326;2367;466;2799;1773;000;714;554;Reform
Coventry North West;Coventry and Solihull;7;1620;2484;670;2314;1890;000;000;1022;LAB
Coventry South;Coventry and Solihull;7;1969;2569;738;1754;1985;000;476;508;LAB
Cramlington and Killingworth;Newcastle area;3;1399;2807;572;2772;1636;000;000;814;LAB
Crawley;West Sussex;12;2019;1856;798;2684;1709;000;833;101;Reform
Crewe and Nantwich;Cheshire;4;1895;2522;682;2598;1498;000;248;557;Reform
Croydon East;Croydon;11;2098;2200;1002;1952;2180;000;000;568;LAB
Croydon South;Croydon;11;3175;2152;1049;1589;1350;000;534;151;CON
Croydon West;Croydon;11;1365;2699;609;1602;2868;000;416;441;Green
Dagenham and Rainham;Barking and Dagenham;11;1480;1854;413;3329;1892;000;000;1033;Reform
Darlington;Durham;3;2479;2085;495;2957;1421;000;000;563;Reform
Dartford;Kent;12;2759;1760;564;2710;1311;000;000;896;CON
Daventry;Northamptonshire;8;2832;1701;1063;2727;1127;000;000;550;CON
Derby North;Derbyshire;8;1914;2559;674;2099;2075;000;000;679;LAB
Derby South;Derbyshire;8;1218;2003;533;2899;1982;000;1292;072;Reform
Derbyshire Dales;Derbyshire;8;2850;2030;908;2408;1229;000;000;575;CON
Derbyshire Mid;Derbyshire;8;2617;2230;649;2471;1397;000;205;431;CON
Derbyshire North East;Derbyshire;8;2679;2080;551;3026;1117;000;000;548;Reform
Derbyshire South;Derbyshire;8;2144;2062;819;2900;1486;000;000;588;Reform
Devon Central;Devon;10;2663;1692;1280;2496;1179;000;000;689;CON
Devon North;Devon;10;2019;539;3225;2609;1060;000;000;548;LIB
Devon South;Devon;10;2533;678;2817;2329;876;000;000;767;LIB
Devon South West;Devon;10;2814;1548;946;2979;1013;000;000;700;Reform
Dewsbury and Batley;West Yorkshire;5;1103;1485;564;2082;2360;000;2407;000;MIN
Didcot and Wantage;Oxfordshire;12;2154;849;3074;2039;1419;000;000;464;LIB
Doncaster Central;South Yorkshire;5;1605;2510;562;2928;1591;000;406;397;Reform
Doncaster East and the Isle of Axholme;South Yorkshire;5;2539;2063;477;3315;996;000;000;610;Reform
Doncaster North;South Yorkshire;5;1594;2826;644;2090;1795;000;000;1050;LAB
Dorking and Horley;Surrey;12;2784;660;2647;2224;1025;000;000;659;CON
Dorset Mid and North Poole;Dorset;10;3068;623;3043;1938;837;000;000;491;CON
Dorset North;Dorset;10;2676;730;2432;2675;754;000;000;733;CON
Dorset South;Dorset;10;2128;1476;1664;2842;1296;000;000;595;Reform
Dorset West;Dorset;10;2689;565;3567;1830;849;000;000;501;LIB
Dover and Deal;Kent;12;1789;2118;762;2913;1314;000;077;1028;Reform
Droitwich and Evesham;Hereford and Worcestershire;7;2727;1228;1058;3164;1042;000;000;780;Reform
Dudley;Black Country;7;2010;1436;659;3798;1209;000;342;547;Reform
Dulwich and West Norwood;Lambeth;11;809;3216;595;1158;3715;000;000;507;Green
Dunstable and Leighton Buzzard;Bedfordshire;9;2725;1523;1061;2928;1088;000;000;676;Reform
Durham North;Durham;3;1154;2287;872;3426;1541;000;536;185;Reform
Durham, City of;Durham;3;1100;2449;1111;2409;2322;000;000;608;LAB
Ealing Central and Acton;Ealing;11;1455;2517;978;1275;2870;000;645;260;Green
Ealing North;Ealing;11;1491;2526;550;1852;2335;000;1008;237;LAB
Ealing Southall;Ealing;11;1391;2657;595;1282;2524;000;961;589;LAB
Earley and Woodley;Berkshire;12;2962;2015;1328;1553;1603;000;000;539;CON
Easington;Durham;3;874;2589;468;3813;1432;000;000;824;Reform
East Grinstead and Uckfield;West Sussex;12;2490;1295;1680;2076;1519;000;000;940;CON
East Ham;Newham;11;957;2453;410;1091;3346;000;000;1742;Green
Eastbourne;East Sussex;12;2006;677;3569;1851;1092;000;000;805;LIB
Eastleigh;Hampshire;12;2823;905;2269;2315;1070;000;000;618;CON
Edmonton and Winchmore Hill;Enfield;11;1461;2624;634;1788;2374;000;274;846;LAB
Ellesmere Port and Bromborough;Cheshire;4;973;2904;584;2754;2094;000;000;690;LAB
Eltham and Chislehurst;Greenwich;11;2101;2402;716;2134;1778;000;334;535;LAB
Ely and East Cambridgeshire;Cambridgeshire;9;2789;1132;2173;2102;1055;000;000;749;CON
Enfield North;Enfield;11;1644;2640;675;1762;2263;000;321;695;LAB
Epping Forest;Essex;9;3066;1446;1187;2272;1126;000;000;903;CON
Epsom and Ewell;Surrey;12;2763;1000;2418;2258;991;000;000;569;CON
Erewash;Derbyshire;8;1961;2315;696;2699;1567;000;000;760;Reform
Erith and Thamesmead;Greenwich;11;1243;2677;451;2379;2332;000;773;144;LAB
Esher and Walton;Surrey;12;2315;543;4061;1649;1051;000;000;380;LIB
Essex North West;Essex;9;2666;1661;1199;2794;1037;000;000;644;Reform
Exeter;Devon;10;1108;2194;759;2246;2852;000;000;841;Green
Exmouth and Exeter East;Devon;10;2142;1487;1949;2479;1341;000;000;601;Reform
Fareham and Waterlooville;Hampshire;12;2660;1296;1597;2833;896;000;000;718;Reform
Farnham and Bordon;Surrey;12;2666;932;2475;2528;926;000;000;473;CON
Faversham and Mid Kent;Kent;12;2522;1403;756;3322;1233;000;000;763;Reform
Feltham and Heston;Hounslow;11;1937;2114;558;1850;1952;000;691;897;LAB
Filton and Bradley Stoke;Bristol area;10;2074;2546;923;1737;1918;000;000;802;LAB
Finchley and Golders Green;Barnet;11;2597;2489;877;1659;1718;000;000;660;CON
Folkestone and Hythe;Kent;12;1769;1786;626;3203;1598;000;000;1018;Reform
Forest of Dean;Gloucestershire;10;2297;1670;600;3332;1403;000;000;699;Reform
Frome and East Somerset;Somerset;10;1732;1028;2435;2101;1786;000;000;918;LIB
Fylde;Lancashire;4;2791;1940;633;2667;937;000;000;1032;CON
Gainsborough;Lincolnshire;8;2760;1462;1094;3279;914;000;000;491;Reform
Gateshead Central and Whickham;Newcastle area;3;1120;2413;975;2762;1931;000;000;801;Reform
Gedling;Nottinghamshire;8;1909;2720;671;2316;1799;000;000;585;LAB
Gillingham and Rainham;Kent;12;2080;1811;866;2976;1501;000;000;767;Reform
Glastonbury and Somerton;Somerset;10;2170;549;3359;2352;1064;000;000;506;LIB
Gloucester;Gloucestershire;10;2161;1619;1245;2618;1605;000;406;346;Reform
Godalming and Ash;Surrey;12;3239;519;2954;2078;725;000;000;487;CON
Goole and Pocklington;Humber area;5;2827;1659;897;3123;1011;000;000;483;Reform
Gorton and Denton;Central Manchester;4;784;2579;440;2203;3047;000;947;000;Green
Gosport;Hampshire;12;3011;1256;990;3125;881;000;000;736;Reform
Grantham and Bourne;Lincolnshire;8;2626;1466;699;3465;1014;000;000;730;Reform
Gravesham;Kent;12;2694;1821;489;3084;1066;000;000;846;Reform
Great Grimsby and Cleethorpes;Humber area;5;1718;2062;555;3453;1354;000;000;859;Reform
Great Yarmouth;Norfolk;9;1905;1618;552;3627;1002;000;000;1296;Reform
Greenwich and Woolwich;Greenwich;11;1058;2913;655;1534;3097;000;401;341;Green
Guildford;Surrey;12;2271;666;3608;1629;1421;000;000;405;LIB
Hackney North and Stoke Newington;Hackney;11;708;2909;451;1062;4158;000;000;712;Green
Hackney South and Shoreditch;Hackney;11;581;2868;418;1103;4417;000;468;144;Green
Halesowen;Black Country;7;2045;1770;935;3006;1507;000;000;736;Reform
Halifax;West Yorkshire;5;1371;1955;586;2809;2105;000;764;410;Reform
Hamble Valley;Hampshire;12;2863;984;2106;2544;919;000;000;584;CON
Hammersmith and Chiswick;Hammersmith and Fulham;11;1443;2942;793;1319;2672;000;247;584;LAB
Hampshire East;Hampshire;12;2806;768;2521;2401;893;000;000;611;CON
Hampshire North East;Hampshire;12;2801;714;2768;2455;766;000;000;496;CON
Hampshire North West;Hampshire;12;2714;1512;1406;2572;1115;000;000;681;CON
Hampstead and Highgate;Camden;11;1385;2629;1019;1190;3016;000;000;761;Green
Harborough, Oadby and Wigston;Leicestershire;8;3018;1737;1092;2147;1562;000;000;444;CON
Harlow;Essex;9;2601;1796;493;3122;1093;000;000;893;Reform
Harpenden and Berkhamsted;Hertfordshire;9;2419;632;4010;1460;1093;000;000;386;LIB
Harrogate and Knaresborough;North Yorkshire;5;2224;771;3586;1777;1251;000;000;391;LIB
Harrow East;Harrow;11;4212;1625;716;1292;1161;000;255;740;CON
Harrow West;Harrow;11;2418;2171;834;1425;2211;000;000;941;CON
Hartlepool;Teesside;3;1704;2326;468;3318;1317;000;178;689;Reform
Harwich and North Essex;Essex;9;2811;1632;743;3046;1049;000;000;719;Reform
Hastings and Rye;East Sussex;12;1551;2115;718;2531;2161;000;534;391;Reform
Havant;Hampshire;12;2327;1437;669;3698;1074;000;796;000;Reform
Hayes and Harlington;Hillingdon;11;1983;2549;547;1680;2124;000;1117;000;LAB
Hazel Grove;Eastern Manchester;4;1753;1581;2653;1975;1496;000;000;542;LIB
Hemel Hempstead;Hertfordshire;9;2139;1796;1393;2467;1626;000;000;578;Reform
Hendon;Barnet;11;2859;1958;698;1968;1693;000;662;162;CON
Henley and Thame;Oxfordshire;12;2752;634;2766;2138;1060;000;000;651;LIB
Hereford and South Herefordshire;Hereford and Worcestershire;7;2640;1438;973;3123;1089;000;000;737;Reform
Herefordshire North;Hereford and Worcestershire;7;2390;593;485;2890;2818;000;000;824;Reform
Herne Bay and Sandwich;Kent;12;2472;1539;751;3568;983;000;000;688;Reform
Hertford and Stortford;Hertfordshire;9;1982;1871;1091;2465;2030;000;000;562;Reform
Hertfordshire North East;Hertfordshire;9;2655;1841;909;2617;1300;000;000;678;CON
Hertfordshire South West;Hertfordshire;9;3110;1185;1694;2087;1126;000;000;799;CON
Hertsmere;Hertfordshire;9;3299;1481;945;2552;1004;000;000;719;CON
Hexham;Northumberland;3;2734;2754;826;1861;1270;000;000;556;LAB
Heywood and Middleton North;Eastern Manchester;4;1361;2209;565;3100;1384;000;000;1381;Reform
High Peak;Derbyshire;8;2027;2485;773;2510;1820;000;000;385;Reform
Hinckley and Bosworth;Leicestershire;8;2802;1053;1858;2865;939;000;000;482;Reform
Hitchin;Hertfordshire;9;2182;2261;1280;2113;1662;000;000;502;LAB
Holborn and St Pancras;Camden;11;729;2617;490;1239;3357;000;1381;188;Green
Honiton and Sidmouth;Devon;10;2680;592;2687;2671;707;000;000;662;LIB
Hornchurch and Upminster;Havering;11;2716;1173;529;4125;852;000;000;606;Reform
Hornsey and Friern Barnet;Haringey;11;772;3389;963;1033;3294;000;444;105;LAB
Horsham;West Sussex;12;3159;752;2530;1963;961;000;000;635;CON
Houghton and Sunderland South;Newcastle area;3;1140;2437;598;3580;1401;000;000;844;Reform
Hove and Portslade;East Sussex;12;1016;2855;606;1751;2803;000;000;969;LAB
Huddersfield;West Yorkshire;5;1214;2002;531;2146;3425;000;000;682;Green
Hull East;Humber area;5;992;1849;759;3802;1732;000;000;867;Reform
Hull North and Cottingham;Humber area;5;1178;2301;740;2797;2106;000;000;876;Reform
Hull West and Haltemprice;Humber area;5;1517;2262;732;3024;1668;000;000;796;Reform
Huntingdon;Cambridgeshire;9;2730;1632;1047;2815;1122;000;000;655;Reform
Hyndburn;Lancashire;4;1919;1691;655;3062;2110;000;000;563;Reform
Ilford North;Redbridge;11;1950;1914;494;1226;1975;000;2442;000;MIN
Ilford South;Redbridge;11;1341;2084;420;1232;2697;000;000;2226;Green
Ipswich;Suffolk;9;1877;1956;786;2915;1869;000;000;597;Reform
Isle of Wight East;Hampshire;12;2447;1050;844;3408;1427;000;000;823;Reform
Isle of Wight West;Hampshire;12;1963;1779;1124;3143;1453;000;000;537;Reform
Islington North;Islington;11;501;2106;373;1017;3183;000;000;2819;Green
Islington South and Finsbury;Islington;11;778;2837;664;1403;3595;000;000;723;Green
Jarrow and Gateshead East;Newcastle area;3;891;2596;566;3541;1594;000;000;813;Reform
Keighley and Ilkley;West Yorkshire;5;2501;2058;526;2712;1571;000;000;632;Reform
Kenilworth and Southam;Warwickshire;7;2750;1377;1697;2428;1145;000;000;604;CON
Kensington and Bayswater;Kensington and Chelsea;11;2746;2279;700;1471;1889;000;641;274;CON
Kettering;Northamptonshire;8;1698;1842;701;2777;2475;000;000;508;Reform
Kingston and Surbiton;Kingston upon Thames;11;1594;1007;3315;1385;1864;000;183;652;LIB
Kingswinford and South Staffordshire;Staffordshire;7;2918;1381;745;3310;767;000;000;879;Reform
Knowsley;Merseyside;4;585;3173;451;2879;2217;000;448;247;LAB
Lancashire West;Lancashire;4;1644;2791;678;2551;1756;000;000;579;LAB
Lancaster and Wyre;Lancashire;4;1508;2318;569;2146;2817;000;000;642;Green
Leeds Central and Headingley;West Yorkshire;5;609;2373;516;1333;4600;000;369;199;Green
Leeds East;West Yorkshire;5;1258;2388;456;2900;2147;000;000;851;Reform
Leeds North East;West Yorkshire;5;1301;3150;572;1249;2883;000;541;303;LAB
Leeds North West;West Yorkshire;5;1845;2964;1114;1621;1868;000;000;588;LAB
Leeds South;West Yorkshire;5;1014;2479;449;1880;3247;000;208;722;Green
Leeds South West and Morley;West Yorkshire;5;1771;2285;647;2887;1782;000;000;628;Reform
Leeds West and Pudsey;West Yorkshire;5;1285;2651;548;2340;2321;000;485;370;LAB
Leicester East;Leicestershire;8;3000;1445;960;942;1779;000;942;932;CON
Leicester South;Leicestershire;8;917;1952;399;1086;3551;000;000;2094;Green
Leicester West;Leicestershire;8;1629;2345;664;1977;2613;000;000;772;Green
Leicestershire Mid;Leicestershire;8;2815;1847;749;2752;1309;000;000;528;CON
Leicestershire North West;Leicestershire;8;2672;1881;494;3057;1187;000;000;708;Reform
Leicestershire South;Leicestershire;8;2784;1498;1320;2804;1073;000;000;522;Reform
Leigh and Atherton;Western Manchester;4;1213;2384;459;3758;1409;000;000;777;Reform
Lewes;East Sussex;12;1659;660;3673;2232;1310;000;000;466;LIB
Lewisham East;Lewisham;11;999;3054;496;1801;2909;000;397;344;LAB
Lewisham North;Lewisham;11;653;3009;507;1111;4140;000;257;322;Green
Lewisham West and East Dulwich;Lewisham;11;744;3332;575;1170;3626;000;324;230;Green
Leyton and Wanstead;Waltham Forest;11;1006;2619;553;1340;3189;000;349;945;Green
Lichfield;Staffordshire;7;2772;1800;747;3028;860;000;000;794;Reform
Lincoln;Lincolnshire;8;1813;2372;727;2344;1969;000;343;431;LAB
Liverpool Garston;Merseyside;4;883;3095;813;2027;2253;000;000;929;LAB
Liverpool Riverside;Merseyside;4;513;2886;409;1847;3666;000;000;679;Green
Liverpool Walton;Merseyside;4;552;3540;405;2742;2097;000;000;665;LAB
Liverpool Wavertree;Merseyside;4;596;2877;603;1515;3757;000;000;653;Green
Liverpool West Derby;Merseyside;4;589;3461;443;2551;2135;000;000;820;LAB
Loughborough;Leicestershire;8;2079;2196;887;2313;2092;000;000;434;Reform
Louth and Horncastle;Lincolnshire;8;2581;1226;680;4070;795;000;000;648;Reform
Lowestoft;Suffolk;9;1870;1605;730;3616;1439;000;000;740;Reform
Luton North;Bedfordshire;9;1597;1880;565;1940;1980;000;2038;000;MIN
Luton South and South Bedfordshire;Bedfordshire;9;1532;1693;607;2113;2035;000;000;2020;Reform
Macclesfield;Cheshire;4;2165;2664;954;2151;1638;000;000;428;LAB
Maidenhead;Berkshire;12;2996;817;2995;1543;1056;000;000;594;CON
Maidstone and Malling;Kent;12;2234;1291;1476;2680;1672;000;000;648;Reform
Makerfield;Western Manchester;4;980;2287;541;4088;1332;000;000;772;Reform
Maldon;Essex;9;2839;1017;1101;3708;735;000;000;600;Reform
Manchester Central;Central Manchester;4;755;2425;517;1863;3655;000;588;197;Green
Manchester Rusholme;Central Manchester;4;553;2376;231;997;5009;000;732;102;Green
Manchester Withington;Central Manchester;4;567;3032;773;920;4179;000;487;042;Green
Mansfield;Nottinghamshire;8;1984;1846;582;3707;1327;000;000;553;Reform
Melksham and Devizes;Wiltshire;10;2933;726;2574;2231;884;000;000;653;CON
Melton and Syston;Leicestershire;8;2528;1473;711;3327;1339;000;000;621;Reform
Meriden and Solihull East;Coventry and Solihull;7;2719;1493;893;3002;1134;000;000;759;Reform
Middlesbrough and Thornaby East;Teesside;3;1298;2204;444;3204;1842;000;847;162;Reform
Middlesbrough South and East Cleveland;Teesside;3;2762;2039;767;2794;1108;000;000;531;Reform
Milton Keynes Central;Buckinghamshire;12;2233;1931;1191;2014;2121;000;000;509;CON
Milton Keynes North;Buckinghamshire;12;2291;2037;1034;2314;1814;000;000;510;Reform
Mitcham and Morden;Merton;11;1245;2877;655;1802;2532;000;667;222;LAB
Morecambe and Lunesdale;Lancashire;4;2067;2021;1311;2729;1492;000;000;379;Reform
New Forest East;Hampshire;12;2823;1060;1391;3077;946;000;000;703;Reform
New Forest West;Hampshire;12;2624;1361;1525;2892;892;000;000;707;Reform
Newark;Nottinghamshire;8;2785;1772;831;3051;1048;000;053;460;Reform
Newbury;Berkshire;12;2779;585;2851;2259;994;000;000;533;LIB
Newcastle upon Tyne Central and West;Newcastle area;3;954;2387;559;2589;2269;000;000;1242;Reform
Newcastle upon Tyne East and Wallsend;Newcastle area;3;836;2552;636;2677;2535;000;331;434;Reform
Newcastle upon Tyne North;Newcastle area;3;1328;2709;1052;1766;2534;000;000;611;LAB
Newcastle-under-Lyme;Staffordshire;7;1969;1928;885;3123;1409;000;000;686;Reform
Newton Abbot;Devon;10;2010;862;2631;2757;1078;000;000;662;Reform
Newton Aycliffe and Spennymoor;Durham;3;1564;2502;683;3211;1470;000;274;294;Reform
Norfolk Mid;Norfolk;9;2514;1567;841;3414;936;000;000;728;Reform
Norfolk North;Norfolk;9;2529;543;2881;2877;645;000;000;525;LIB
Norfolk North West;Norfolk;9;2424;1149;1154;3902;799;000;000;573;Reform
Norfolk South;Norfolk;9;2234;1863;1444;2263;1605;000;000;592;Reform
Norfolk South West;Norfolk;9;1988;1466;768;3020;1004;000;1608;147;Reform
Normanton and Hemsworth;West Yorkshire;5;1063;2327;467;3957;1387;000;000;799;Reform
Northampton North;Northamptonshire;8;1695;2491;685;2421;1952;000;447;309;LAB
Northampton South;Northamptonshire;8;2032;2136;1023;2633;1775;000;000;401;Reform
Northamptonshire South;Northamptonshire;8;2674;1774;1056;2770;1153;000;070;503;Reform
Northumberland North;Northumberland;3;1940;2511;1151;2170;1294;000;000;935;LAB
Norwich North;Norfolk;9;1649;2392;682;2430;1909;000;000;938;Reform
Norwich South;Norfolk;9;868;2234;656;1972;3433;000;000;836;Green
Nottingham East;Nottinghamshire;8;864;2734;450;1569;3513;000;644;226;Green
Nottingham North and Kimberley;Nottinghamshire;8;1425;2369;450;2913;2101;000;000;743;Reform
Nottingham South;Nottinghamshire;8;1251;2407;566;2317;2610;000;606;243;Green
Nuneaton;Warwickshire;7;1981;1692;706;3331;1502;000;787;000;Reform
Old Bexley and Sidcup;Bexley;11;2919;1646;717;2888;1017;000;000;813;CON
Oldham East and Saddleworth;Eastern Manchester;4;1474;1948;822;2587;1739;000;1018;412;Reform
Oldham West, Chadderton and Royton;Eastern Manchester;4;1024;1941;441;2581;2073;000;000;1941;Reform
Orpington;Bromley;11;2957;1592;1083;2573;1005;000;000;791;CON
Ossett and Denby Dale;West Yorkshire;5;1966;2198;768;2987;1520;000;000;561;Reform
Oxford East;Oxfordshire;12;965;2478;716;1271;3268;000;473;828;Green
Oxford West and Abingdon;Oxfordshire;12;1527;1049;3209;1500;1981;000;000;734;LIB
Peckham;Southwark;11;663;3014;465;1279;3913;000;000;665;Green
Pendle and Clitheroe;Lancashire;4;2795;1808;628;2692;1186;000;080;812;CON
Penistone and Stocksbridge;South Yorkshire;5;2079;2261;864;2746;1461;000;000;589;Reform
Penrith and Solway;Cumbria;4;2092;2150;1161;2771;1387;000;000;440;Reform
Peterborough;Cambridgeshire;9;2528;1498;492;2696;1344;000;1328;115;Reform
Plymouth Moor View;Devon;10;1872;1807;735;3670;1285;000;000;632;Reform
Plymouth Sutton and Devonport;Devon;10;1210;2362;553;2842;1997;000;242;794;Reform
Pontefract, Castleford and Knottingley;West Yorkshire;5;1147;2300;462;3870;1386;000;000;836;Reform
Poole;Dorset;10;2758;1483;1026;2986;1026;000;000;721;Reform
Poplar and Limehouse;Tower Hamlets;11;1058;2092;757;1186;3651;000;920;335;Green
Portsmouth North;Hampshire;12;2749;1505;728;3303;1051;000;000;664;Reform
Portsmouth South;Hampshire;12;1284;2200;1026;2205;2364;000;000;922;Green
Preston;Lancashire;4;1175;1920;644;2264;2186;000;1563;247;Reform
Putney;Wandsworth;11;1867;2931;1146;936;2425;000;415;280;LAB
Queen's Park and Maida Vale;City of Westminster;11;1011;2728;618;1479;3195;000;725;243;Green
Rawmarsh and Conisbrough;South Yorkshire;5;1046;2406;453;3860;1461;000;774;000;Reform
Rayleigh and Wickford;Essex;9;2710;1071;887;4050;762;000;000;519;Reform
Reading Central;Berkshire;12;1525;2526;815;1419;3007;000;000;709;Green
Reading West and Mid Berkshire;Berkshire;12;2836;1841;1008;2250;1312;000;000;753;CON
Redcar;Teesside;3;2387;2042;506;3421;1075;000;000;569;Reform
Redditch;Hereford and Worcestershire;7;2566;1669;536;3388;995;000;847;000;Reform
Reigate;Surrey;12;2546;1646;1201;2559;1482;000;000;566;Reform
Ribble Valley;Lancashire;4;2863;2061;862;2503;1044;000;000;668;CON
Richmond and Northallerton;North Yorkshire;5;3276;1468;1014;2718;919;000;051;554;CON
Richmond Park;Richmond upon Thames;11;1892;922;3970;904;1758;000;000;554;LIB
Rochdale;Eastern Manchester;4;1019;1993;617;2298;2042;000;2030;000;Reform
Rochester and Strood;Kent;12;2080;1560;793;3576;1393;000;337;261;Reform
Romford;Havering;11;2721;1531;687;3187;1032;000;691;150;Reform
Romsey and Southampton North;Hampshire;12;3046;719;2587;2201;898;000;000;549;CON
Rossendale and Darwen;Lancashire;4;1930;2095;685;3124;1637;000;529;000;Reform
Rother Valley;South Yorkshire;5;2516;1992;576;3344;1075;000;000;497;Reform
Rotherham;South Yorkshire;5;510;2170;608;3612;1880;000;577;643;Reform
Rugby;Warwickshire;7;2688;1990;710;2662;1159;000;000;791;CON
Ruislip, Northwood and Pinner;Hillingdon;11;3644;1790;1125;1536;1186;000;000;719;CON
Runcorn and Helsby;Cheshire;4;1257;2872;597;2725;1800;000;000;748;LAB
Runnymede and Weybridge;Surrey;12;2876;1186;1745;2561;991;000;000;641;CON
Rushcliffe;Nottinghamshire;8;2609;2745;700;1757;1688;000;000;501;LAB
Rutland and Stamford;Leicestershire;8;3261;1331;1245;2689;1041;000;000;435;CON
Salford;Central Manchester;4;847;2584;513;2253;3083;000;560;161;Green
Salisbury;Wiltshire;10;2876;1619;1715;2044;1016;000;000;730;CON
Scarborough and Whitby;North Yorkshire;5;1964;2100;857;3176;1355;000;000;548;Reform
Scunthorpe;Humber area;5;2053;1962;654;3250;1407;000;000;674;Reform
Sefton Central;Merseyside;4;1401;3420;658;2353;1586;000;000;582;LAB
Selby;North Yorkshire;5;1998;2672;659;2609;1447;000;000;615;LAB
Sevenoaks;Kent;12;2811;898;1986;2737;839;000;000;729;CON
Sheffield Brightside and Hillsborough;South Yorkshire;5;862;2485;449;1851;3113;000;649;591;Green
Sheffield Central;South Yorkshire;5;435;2186;377;746;5681;000;155;420;Green
Sheffield Hallam;South Yorkshire;5;1068;2876;2124;812;2684;000;091;345;LAB
Sheffield Heeley;South Yorkshire;5;1009;2717;769;1577;3167;000;207;554;Green
Sheffield South East;South Yorkshire;5;1382;2542;804;2013;2233;000;352;673;LAB
Sherwood Forest;Nottinghamshire;8;1994;1936;816;3289;1459;000;000;507;Reform
Shipley;West Yorkshire;5;1874;2527;784;2185;2115;000;111;404;LAB
Shrewsbury;Shropshire;7;1915;2236;1373;2195;1533;000;000;748;LAB
Shropshire North;Shropshire;7;1961;601;3408;2305;951;000;000;774;LIB
Shropshire South;Shropshire;7;2802;885;1951;3039;721;000;000;602;Reform
Sittingbourne and Sheppey;Kent;12;1956;1312;707;3814;1177;000;000;1034;Reform
Skipton and Ripon;North Yorkshire;5;2570;1809;968;2943;1207;000;000;503;Reform
Sleaford and North Hykeham;Lincolnshire;8;2629;1522;718;3423;977;000;000;730;Reform
Slough;Berkshire;12;1578;1780;594;1176;2056;000;2817;000;MIN
Smethwick;Black Country;7;1171;2309;447;2475;1940;000;948;710;Reform
Solihull West and Shirley;Coventry and Solihull;7;2652;1432;1381;2484;1324;000;727;000;CON
Somerset North;Bristol area;10;2602;2034;1113;2399;1284;000;568;000;CON
Somerset North East and Hanham;Bristol area;10;2282;1982;1223;2380;1575;000;000;558;Reform
South Holland and The Deepings;Lincolnshire;8;2634;1070;633;3982;752;000;000;928;Reform
South Ribble;Lancashire;4;2122;2250;970;2814;1393;000;000;451;Reform
South Shields;Newcastle area;3;872;2155;502;3230;2224;000;000;1018;Reform
Southampton Itchen;Hampshire;12;1881;2140;744;2495;1753;000;000;988;Reform
Southampton Test;Hampshire;12;1323;2174;704;2451;2267;000;734;347;Reform
Southend East and Rochford;Essex;9;2005;1785;918;3021;1597;000;000;673;Reform
Southend West and Leigh;Essex;9;2565;1819;684;2840;1271;000;000;820;Reform
Southgate and Wood Green;Enfield;11;1376;2843;752;1479;2637;000;470;443;LAB
Southport;Merseyside;4;2094;2276;1207;2243;1465;000;000;715;LAB
Spelthorne;Surrey;12;2332;1363;1737;2548;1382;000;000;637;Reform
Spen Valley;West Yorkshire;5;1918;2300;709;2412;1626;000;000;1035;Reform
St Albans;Hertfordshire;9;1608;894;3668;1366;1768;000;000;696;LIB
St Austell and Newquay;Cornwall;10;1779;1761;1260;3289;1326;000;000;585;Reform
St Helens North;Merseyside;4;935;2656;513;3298;1858;000;000;740;Reform
St Helens South and Whiston;Merseyside;4;758;2492;565;2987;2030;000;000;1168;Reform
St Ives;Cornwall;10;1848;633;3652;2194;1013;000;000;660;LIB
St Neots and Mid Cambridgeshire;Cambridgeshire;9;2177;848;2974;1926;1416;000;000;659;LIB
Stafford;Staffordshire;7;2041;1981;805;2951;1570;000;000;652;Reform
Staffordshire Moorlands;Staffordshire;7;2389;1495;571;4137;809;000;000;599;Reform
Stalybridge and Hyde;Eastern Manchester;4;1362;2387;470;2861;1830;000;549;543;Reform
Stevenage;Hertfordshire;9;2136;2110;842;2530;1574;000;000;807;Reform
Stockport;Eastern Manchester;4;936;2650;736;2298;2594;000;702;083;LAB
Stockton North;Teesside;3;1703;2440;525;2998;1560;000;000;773;Reform
Stockton West;Teesside;3;3038;2162;672;2592;1046;000;000;490;CON
Stoke-on-Trent Central;Staffordshire;7;1262;1884;408;3458;1471;000;000;1517;Reform
Stoke-on-Trent North;Staffordshire;7;1909;1955;525;3180;1174;000;000;1257;Reform
Stoke-on-Trent South;Staffordshire;7;2639;1746;564;3115;865;000;000;1070;Reform
Stone, Great Wyrley and Penkridge;Staffordshire;7;3128;1652;914;2527;926;000;000;853;CON
Stourbridge;Black Country;7;2537;1869;559;3005;1034;000;996;000;Reform
Stratford and Bow;Newham;11;702;2141;403;1081;4025;000;559;1089;Green
Stratford-on-Avon;Warwickshire;7;2727;634;2740;2397;794;000;000;708;LIB
Streatham and Croydon North;Lambeth;11;1034;2756;709;1401;3385;000;486;229;Green
Stretford and Urmston;Central Manchester;4;1159;2847;495;2050;2441;000;943;065;LAB
Stroud;Gloucestershire;10;1721;2543;722;2153;2123;000;000;737;LAB
Suffolk Central and North Ipswich;Suffolk;9;2426;1290;875;3057;1493;000;000;859;Reform
Suffolk Coastal;Suffolk;9;2020;1519;1496;2822;1630;000;000;513;Reform
Suffolk South;Suffolk;9;2448;1412;1016;3193;1246;000;000;686;Reform
Suffolk West;Suffolk;9;2727;1328;775;3374;993;000;000;802;Reform
Sunderland Central;Newcastle area;3;1245;2332;794;3002;1737;000;000;890;Reform
Surrey East;Surrey;12;2672;1097;1473;3119;1025;000;000;614;Reform
Surrey Heath;Surrey;12;3059;588;2755;2089;845;000;000;663;CON
Sussex Mid;West Sussex;12;2113;1060;3174;1800;1364;000;000;489;LIB
Sussex Weald;East Sussex;12;2712;1008;1377;2907;1123;000;000;875;Reform
Sutton and Cheam;Sutton;11;2288;1130;3018;1594;1399;000;000;570;LIB
Sutton Coldfield;Birmingham;7;2965;1912;820;2518;1012;000;773;000;CON
Swindon North;Wiltshire;10;2459;2070;521;2980;1203;000;000;766;Reform
Swindon South;Wiltshire;10;2015;2386;789;2493;1724;000;000;594;Reform
Tamworth;Staffordshire;7;2524;1613;484;3679;853;000;313;534;Reform
Tatton;Cheshire;4;2910;2152;1099;2311;1161;000;000;368;CON
Taunton and Wellington;Somerset;10;2042;697;3324;2118;1080;000;000;739;LIB
Telford;Shropshire;7;1688;2117;554;3339;1370;000;000;932;Reform
Tewkesbury;Gloucestershire;10;2163;638;3206;2230;1273;000;000;490;LIB
Thanet East;Kent;12;1771;1993;561;2913;1680;000;000;1081;Reform
Thirsk and Malton;North Yorkshire;5;2801;1419;1088;3207;966;000;000;518;Reform
Thornbury and Yate;Bristol area;10;2919;719;2559;2287;915;000;000;601;CON
Thurrock;Essex;9;1854;2001;511;3058;1452;000;684;439;Reform
Tipton and Wednesbury;Black Country;7;1901;1687;451;3379;1262;000;000;1319;Reform
Tiverton and Minehead;Somerset;10;2632;675;2374;2743;862;000;000;714;Reform
Tonbridge;Kent;12;2751;1084;915;2885;1600;000;000;765;Reform
Tooting;Wandsworth;11;1404;3119;723;1074;2988;000;412;280;LAB
Torbay;Devon;10;2065;558;3088;2761;923;000;603;000;LIB
Torridge and Tavistock;Devon;10;2499;1184;1593;3199;859;000;000;666;Reform
Tottenham;Haringey;11;620;2852;411;1371;3756;000;181;809;Green
Truro and Falmouth;Cornwall;10;1886;2295;1273;2088;1767;000;000;690;LAB
Tunbridge Wells;Kent;12;2216;764;3362;1924;1239;000;000;495;LIB
Twickenham;Richmond upon Thames;11;1420;1082;3801;1199;1863;000;636;000;LIB
Tynemouth;Newcastle area;3;1424;3049;646;2262;1867;000;000;752;LAB
Uxbridge and South Ruislip;Hillingdon;11;2822;1956;699;2062;1616;000;000;845;CON
Vauxhall and Camberwell Green;Lambeth;11;741;3047;671;1300;3691;000;000;549;Green
Wakefield and Rothwell;West Yorkshire;5;1404;2319;711;2951;1714;000;425;477;Reform
Wallasey;Merseyside;4;971;3195;522;2473;2082;000;530;226;LAB
Walsall and Bloxwich;Black Country;7;1438;1669;519;2604;1634;000;000;2137;Reform
Walthamstow;Waltham Forest;11;619;3005;409;1164;3837;000;414;553;Green
Warrington North;Cheshire;4;1257;2496;601;3349;1504;000;000;793;Reform
Warrington South;Cheshire;4;2014;2599;899;2248;1662;000;000;578;LAB
Warwick and Leamington;Warwickshire;7;1796;2463;907;1744;2388;000;000;701;LAB
Warwickshire North and Bedworth;Warwickshire;7;2462;1713;481;3569;881;000;000;894;Reform
Washington and Gateshead South;Newcastle area;3;1036;2496;515;3678;1403;000;000;872;Reform
Watford;Hertfordshire;9;2395;1720;1511;1517;1850;000;946;060;CON
Waveney Valley;Suffolk;9;1804;661;639;2878;3395;000;000;624;Green
Weald of Kent;Kent;12;2716;1329;948;3217;1084;000;000;705;Reform
Wellingborough and Rushden;Northamptonshire;8;1928;2028;820;3186;1636;000;000;403;Reform
Wells and Mendip Hills;Somerset;10;2010;737;3255;1971;1134;000;000;893;LIB
Welwyn Hatfield;Hertfordshire;9;2933;1963;697;2381;1398;000;000;628;CON
West Bromwich;Black Country;7;1757;2291;564;2516;1601;000;000;1270;Reform
West Ham and Beckton;Newham;11;1011;2181;403;1715;2965;000;1582;143;Green
Westmorland and Lonsdale;Cumbria;4;1629;731;4097;1783;1222;000;000;539;LIB
Weston-super-Mare;Bristol area;10;2003;1820;1155;2920;1501;000;000;601;Reform
Wetherby and Easingwold;North Yorkshire;5;2859;1944;940;2390;1302;000;000;564;CON
Whitehaven and Workington;Cumbria;4;1604;2785;548;3155;1301;000;000;607;Reform
Widnes and Halewood;Cheshire;4;849;3114;478;3093;1770;000;696;000;LAB
Wigan;Western Manchester;4;982;2437;466;3471;1470;000;000;1175;Reform
Wiltshire East;Wiltshire;10;2633;1475;1496;2801;930;000;000;665;Reform
Wiltshire South West;Wiltshire;10;2793;1392;1202;2876;981;000;000;756;Reform
Wimbledon;Merton;11;2061;1432;3258;909;1764;000;317;258;LIB
Winchester;Hampshire;12;2099;562;4056;1524;1327;000;000;430;LIB
Windsor;Berkshire;12;2900;1219;1721;2261;1158;000;205;537;CON
Wirral West;Merseyside;4;2095;3047;891;1701;1684;000;000;582;LAB
Witham;Essex;9;2584;1428;835;3262;1085;000;000;806;Reform
Witney;Oxfordshire;12;2694;773;2445;2307;1029;000;000;752;CON
Woking;Surrey;12;2199;635;3779;1656;1313;000;000;419;LIB
Wokingham;Berkshire;12;3028;698;3029;1626;1011;000;000;609;LIB
Wolverhampton North East;Black Country;7;1874;1822;659;3487;1405;000;000;753;Reform
Wolverhampton South East;Black Country;7;1357;2099;409;3388;1486;000;1262;000;Reform
Wolverhampton West;Black Country;7;2272;2325;621;1920;1662;000;242;958;LAB
Worcester;Hereford and Worcestershire;7;1721;2020;840;2421;2143;000;000;854;Reform
Worcestershire West;Hereford and Worcestershire;7;2469;953;1818;3070;1126;000;000;564;Reform
Worsley and Eccles;Central Manchester;4;1273;2594;507;2889;1851;000;357;528;Reform
Worthing East and Shoreham;West Sussex;12;1961;2501;816;2334;1560;000;000;829;LAB
Worthing West;West Sussex;12;2598;2168;635;2644;1196;000;000;759;Reform
Wrekin, The;Shropshire;7;2755;1532;822;3051;1063;000;000;777;Reform
Wycombe;Buckinghamshire;12;2185;1959;1189;1562;1774;000;747;585;CON
Wyre Forest;Hereford and Worcestershire;7;2519;1579;645;3286;902;000;000;1068;Reform
Wythenshawe and Sale East;Central Manchester;4;1068;2718;494;2475;2445;000;549;251;LAB
Yeovil;Somerset;10;1973;629;3331;2142;1067;000;000;857;LIB
York Central;North Yorkshire;5;985;3001;585;1912;2930;000;000;587;LAB
York Outer;North Yorkshire;5;2251;2281;1518;1885;1710;000;000;356;LAB
Aberafan Maesteg;West Glamorgan;6;724;1393;547;2790;1338;2582;000;625;Reform
Alyn and Deeside;Clwyd;6;1294;1274;760;2952;1230;1872;000;618;Reform
Bangor Aberconwy;Clwyd;6;1367;1053;813;2013;1274;3027;000;453;Plaid
Blaenau Gwent and Rhymney;Gwent;6;869;1450;601;1959;1589;2721;141;670;Plaid
Brecon, Radnor and Cwm Tawe;Powys;6;1741;814;2396;2018;1002;1596;000;431;LIB
Bridgend;Mid Glamorgan;6;1199;1278;690;2510;1325;2259;000;739;Reform
Caerfyrddin (Carmarthen);Dyfed;6;920;645;580;2432;987;3978;198;259;Plaid
Caerphilly;Gwent;6;712;982;605;2612;1341;3214;000;535;Plaid
Cardiff East;South Glamorgan;6;866;1296;1261;1532;2315;2242;000;487;Green
Cardiff North;South Glamorgan;6;1637;1778;1031;1321;1828;1949;000;456;Plaid
Cardiff South and Penarth;South Glamorgan;6;957;1340;721;1420;2544;2579;000;440;Plaid
Cardiff West;South Glamorgan;6;1049;1245;620;1628;1702;3184;000;573;Plaid
Ceredigion Preseli;Dyfed;6;628;452;1108;1830;1063;4548;371;000;Plaid
Clwyd East;Clwyd;6;1894;1142;1045;2565;1197;1838;000;319;Reform
Clwyd North;Clwyd;6;2352;1080;689;2819;967;1650;000;442;Reform
Dwyfor Meirionnydd;Gwynedd;6;607;447;499;1976;966;5114;000;391;Plaid
Gower;West Glamorgan;6;1385;1579;836;2214;1438;1992;000;557;Reform
Llanelli;Dyfed;6;745;888;527;2994;1062;3208;000;576;Plaid
Merthyr Tydfil and Aberdare;Mid Glamorgan;6;693;1256;567;2854;1339;2646;307;339;Reform
Monmouthshire;Gwent;6;2512;1577;993;2315;1123;1067;000;413;CON
Montgomeryshire and Glyndwr;Powys;6;1248;1052;1405;2557;1176;1967;000;595;Reform
Neath and Swansea East;West Glamorgan;6;792;1188;718;2906;1409;2457;000;530;Reform
Newport East;Gwent;6;1183;1293;706;2441;1543;2070;000;764;Reform
Newport West and Islwyn;Gwent;6;1174;1361;676;2440;1377;2263;000;710;Reform
Pembrokeshire Mid and South;Dyfed;6;2398;1093;787;2868;908;1497;000;449;Reform
Pontypridd;Mid Glamorgan;6;768;1258;581;2382;1505;2736;000;771;Plaid
Rhondda and Ogmore;Mid Glamorgan;6;573;1310;475;2868;1403;2784;000;588;Reform
Swansea West;West Glamorgan;6;866;1204;977;2122;1815;2443;000;573;Plaid
Torfaen;Gwent;6;1117;1265;631;2845;1272;2213;000;658;Reform
Vale of Glamorgan;South Glamorgan;6;1903;1165;1025;2268;1415;1846;000;378;Reform
Wrexham;Clwyd;6;1688;1235;904;2321;1242;2090;000;520;Reform
Ynys Mon (Anglesey);Gwynedd;6;1451;585;707;2350;991;3665;000;252;Plaid
Aberdeen North;Grampian;2;1416;1015;613;1531;1131;3643;000;650;SNP
Aberdeen South;Grampian;2;2454;741;630;1233;1057;3446;000;439;SNP
Aberdeenshire North and Moray East;Grampian;2;3286;032;728;1765;403;3616;000;170;SNP
Aberdeenshire West and Kincardine;Grampian;2;3570;174;1294;1070;676;2964;000;252;CON
Airdrie and Shotts;Glasgow area;2;492;2044;198;1783;1272;3382;000;830;SNP
Alloa and Grangemouth;Central;2;784;1670;279;1772;1455;3149;114;777;SNP
Angus and Perthshire Glens;Tayside;2;3026;237;666;1062;492;4156;000;362;SNP
Arbroath and Broughty Ferry;Tayside;2;1571;1163;509;1543;891;3737;000;585;SNP
Argyll, Bute and South Lochaber;Argyll and Bute;2;2098;469;1639;1132;592;3610;000;459;SNP
Ayr, Carrick and Cumnock;Ayrshire and Lanark;2;2281;1314;264;1597;1173;2853;000;518;SNP
Ayrshire Central;Ayrshire and Lanark;2;1509;1665;237;1673;1359;2965;000;592;SNP
Ayrshire North and Arran;Ayrshire and Lanark;2;1432;1476;238;1593;1341;3377;000;544;SNP
Bathgate and Linlithgow;Edinburgh area;2;774;1827;516;1739;1509;2994;000;642;SNP
Berwickshire, Roxburgh and Selkirk;Borders;2;4064;198;791;1081;803;2746;000;318;CON
Caithness, Sutherland and Easter Ross;Highland;2;411;018;4936;956;653;2728;000;298;LIB
Coatbridge and Bellshill;Glasgow area;2;385;1964;173;1617;1554;3628;000;679;SNP
Cowdenbeath and Kirkcaldy;Fife;2;811;1765;390;1647;1532;3062;000;793;SNP
Cumbernauld and Kirkintilloch;Glasgow area;2;499;1738;315;1644;1553;3770;000;480;SNP
Dumfries and Galloway;Dumfries and Galloway;2;2972;789;457;1501;1003;2920;000;358;CON
Dumfriesshire, Clydesdale and Tweeddale;Dumfries and Galloway;2;3408;654;633;1378;1009;2588;000;330;CON
Dunbartonshire Mid;Glasgow area;2;479;553;4237;878;955;2549;000;350;LIB
Dunbartonshire West;Glasgow area;2;400;1914;212;1629;1593;3641;000;611;SNP
Dundee Central;Tayside;2;427;1402;618;1369;995;4231;088;872;SNP
Dunfermline and Dollar;Fife;2;767;1762;713;1527;1617;2981;000;633;SNP
East Kilbride and Strathaven;Ayrshire and Lanark;2;787;1903;230;1649;1598;3196;000;637;SNP
Edinburgh East and Musselburgh;Edinburgh area;2;594;1546;427;1275;2081;3552;000;525;SNP
Edinburgh North and Leith;Edinburgh area;2;682;1586;783;1189;2169;2984;000;607;SNP
Edinburgh South;Edinburgh area;2;884;2136;586;1397;2223;1952;000;822;Green
Edinburgh South West;Edinburgh area;2;1241;1528;659;1259;1805;2968;000;540;SNP
Edinburgh West;Edinburgh area;2;564;266;5077;807;905;2056;000;325;LIB
Falkirk;Central;2;864;1634;256;1629;1496;3384;000;738;SNP
Fife North East;Fife;2;399;023;5472;779;764;2405;000;159;LIB
Glasgow East;Glasgow area;2;507;1673;246;1519;1881;3574;000;600;SNP
Glasgow North;Glasgow area;2;418;1592;328;1300;2295;3448;000;618;SNP
Glasgow North East;Glasgow area;2;373;1772;173;1549;1879;3494;000;760;SNP
Glasgow South;Glasgow area;2;406;1571;310;1226;2378;3442;000;666;SNP
Glasgow South West;Glasgow area;2;414;1661;268;1473;1871;3694;000;618;SNP
Glasgow West;Glasgow area;2;458;1811;329;1421;2089;3321;000;571;SNP
Glenrothes and Mid Fife;Fife;2;572;1693;443;1833;1120;3867;000;472;SNP
Gordon and Buchan;Grampian;2;3298;058;1665;1206;415;3184;000;175;CON
Hamilton and Clyde Valley;Ayrshire and Lanark;2;1119;1970;359;1732;1240;3030;000;550;SNP
Inverclyde and Renfrewshire West;Glasgow area;2;736;1823;312;1513;1467;3384;000;765;SNP
Inverness, Skye and West Ross-shire;Highland;2;531;170;3778;965;887;3436;000;232;LIB
Kilmarnock and Loudoun;Ayrshire and Lanark;2;856;1723;200;1684;1424;3542;000;572;SNP
Livingston;Edinburgh area;2;798;1528;451;1689;1429;3542;000;564;SNP
Lothian East;Edinburgh area;2;1179;1923;550;1564;1734;2421;000;630;SNP
Midlothian;Edinburgh area;2;763;1907;586;1669;1212;3294;000;570;SNP
Moray West, Nairn and Strathspey;Grampian;2;3012;401;812;1180;923;3344;000;328;SNP
Motherwell, Wishaw and Carluke;Glasgow area;2;647;1930;210;1704;1530;3378;000;601;SNP
Na h-Eileanan An Iar (Western Isles);Western Isles;2;506;1947;282;1455;1230;2395;000;2184;SNP
Orkney and Shetland;Orkney and Shetland;2;290;018;5505;988;1278;1800;000;122;LIB
Paisley and Renfrewshire North;Glasgow area;2;667;1832;331;1680;1534;3458;000;497;SNP
Paisley and Renfrewshire South;Glasgow area;2;565;1848;318;1624;1605;3436;000;604;SNP
Perth and Kinross-shire;Tayside;2;2969;414;734;1028;569;3911;000;375;SNP
Renfrewshire East;Glasgow area;2;1716;1665;229;1317;1409;2946;000;718;SNP
Rutherglen;Ayrshire and Lanark;2;598;1998;403;1589;1252;3277;000;883;SNP
Stirling and Strathallan;Central;2;1923;1187;508;1321;1368;3314;000;380;SNP