Seat Name;County;Electorate;Area;CON;LAB;LIB;UKIP;Green;NAT;MIN;OTH;Winner
Aldershot;Surrey West and Aldershot;78569;12;2255;1936;1162;2486;1522;0;0;639;Reform
Aldridge-Brownhills;Wolverhampton and Walsall;72009;7;2668;1530;685;3373;866;0;0;878;Reform
Altrincham and Sale West;Manchester Central and Trafford;74025;4;2714;2452;855;1688;1767;0;524;0;CON
Amber Valley;Derbyshire North;71653;8;1910;2085;588;3310;1353;0;0;754;Reform
Arundel and South Downs;Sussex West;77929;12;2581;1068;1456;2953;1324;0;0;618;Reform
Ashfield;Nottinghamshire North;68958;8;879;1508;401;4781;1128;0;1303;0;Reform
Ashford;Kent South;76212;12;1872;1504;850;3195;1844;0;0;735;Reform
Ashton-under-Lyne;Manchester East;71258;4;1078;2254;450;3220;1868;0;1131;0;Reform
Aylesbury;Buckinghamshire North;78712;12;2380;1480;1985;1943;1611;0;491;110;CON
Banbury;Oxfordshire;73194;12;2695;2006;866;2406;1210;0;0;817;CON
Barking;Dagenham and Redbridge;80608;11;1104;2064;363;2268;2723;0;1107;372;Green
Barnsley North;Barnsley and Sheffield West;78364;5;867;2427;478;3803;1443;0;0;982;Reform
Barnsley South;Barnsley and Sheffield West;75839;5;893;2219;449;4118;1338;0;0;984;Reform
Barrow and Furness;Cumbria;75100;4;2396;2290;507;3067;1133;0;0;607;Reform
Basildon and Billericay;Essex South West;76109;9;2551;1440;549;3526;964;0;0;970;Reform
Basildon South and East Thurrock;Essex South West;73673;9;2054;1413;539;3796;1057;0;0;1140;Reform
Basingstoke;Hampshire;79534;12;2176;1974;1072;2375;1826;0;0;577;Reform
Bassetlaw;Nottinghamshire North;78174;8;1882;1951;689;3674;1362;0;0;441;Reform
Bath;Avon South;69656;10;1361;1255;2811;1330;2447;0;84;712;LIB
Battersea;Lambeth and Wandsworth;73388;11;1825;2839;974;964;2713;0;270;415;LAB
Beaconsfield;Buckinghamshire South;73355;12;3094;1018;2094;2236;875;0;0;683;CON
Beckenham and Penge;Croydon;76534;11;2039;2893;957;1440;2014;0;0;657;LAB
Bedford;Bedfordshire;72601;9;1904;2167;963;1975;1956;0;422;612;LAB
Bedfordshire Mid;Bedfordshire;76212;9;2827;1686;828;2729;1102;0;0;827;CON
Bedfordshire North;Bedfordshire;78473;9;2849;1469;1112;2986;1044;0;0;540;Reform
Bermondsey and Old Southwark;South East London;69474;11;842;2416;1317;1313;3408;0;0;704;Green
Bethnal Green and Stepney;Hackney and Tower Hamlets;81921;11;569;1771;726;852;4148;0;0;1935;Green
Beverley and Holderness;East Yorkshire;70560;5;2993;1860;815;2706;1010;0;0;616;CON
Bexhill and Battle;Sussex East;72208;12;2740;1439;747;3149;943;0;0;982;Reform
Bexleyheath and Crayford;Bexley and Bromley;69470;11;2767;1882;593;2777;1089;0;0;892;Reform
Bicester and Woodstock;Oxfordshire;74350;12;2171;945;3030;1941;1422;0;0;491;LIB
Birkenhead;Wirral and Chester North;78091;4;609;2531;496;2376;3277;0;0;710;Green
Birmingham Edgbaston;Birmingham South;71788;7;1836;2360;724;1656;2226;0;0;1198;LAB
Birmingham Erdington;Birmingham North;77919;7;1278;2050;450;2888;1792;0;0;1543;Reform
Birmingham Hall Green and Moseley;Birmingham South;76428;7;928;1869;756;1034;3001;0;0;2413;Green
Birmingham Hodge Hill and Solihull North;Birmingham North;78086;7;1037;1550;360;2634;2059;0;2361;0;Reform
Birmingham Ladywood;Birmingham North;83693;7;627;2093;373;1031;3798;0;0;2078;Green
Birmingham Northfield;Birmingham South;73006;7;1826;1994;615;2764;1738;0;0;1063;Reform
Birmingham Perry Barr;Birmingham North;75895;7;1170;1754;458;1333;2671;0;0;2614;Green
Birmingham Selly Oak;Birmingham South;77228;7;1129;2235;553;2218;2602;0;0;1263;Green
Birmingham Yardley;Birmingham South;73203;7;1123;1468;855;1840;2311;0;2404;0;MIN
Bishop Auckland;County Durham;70414;3;1807;2432;654;3232;1298;0;0;577;Reform
Blackburn;Lancashire East;73256;4;954;1660;383;1902;2415;0;2685;0;MIN
Blackley and Middleton South;Manchester North East;73078;4;919;2605;438;2914;2371;0;0;753;Reform
Blackpool North and Fleetwood;Lancashire West;73036;4;1982;2073;726;3421;1250;0;0;547;Reform
Blackpool South;Lancashire West;77762;4;1189;2348;460;3561;1418;0;0;1023;Reform
Blaydon and Consett;County Durham;71025;3;1121;2840;624;3175;1597;0;0;643;Reform
Blyth and Ashington;Northumberland;76432;3;1091;2680;562;3496;1560;0;0;612;Reform
Bognor Regis and Littlehampton;South Coast;77707;12;2711;1405;864;3335;855;0;0;830;Reform
Bolsover;Derbyshire North;77207;8;1846;2099;537;3312;1566;0;0;640;Reform
Bolton North East;Manchester North West;81016;4;1809;2190;597;2344;2048;0;718;294;Reform
Bolton South and Walkden;Manchester North West;78624;4;1028;2061;430;3003;2153;0;1213;112;Reform
Bolton West;Manchester North West;74927;4;2181;1909;917;2651;1904;0;0;437;Reform
Bootle;Merseyside East and Liverpool;73037;4;607;3633;503;2397;2138;0;722;0;LAB
Boston and Skegness;Lincolnshire South;75813;8;2547;909;442;4747;628;0;0;727;Reform
Bournemouth East;Bournemouth;72354;10;1944;1904;1009;2551;1872;0;0;720;Reform
Bournemouth West;Bournemouth;70258;10;1980;1620;1260;2629;1871;0;0;640;Reform
Bracknell;Berkshire;73125;12;2750;1645;881;2760;1165;0;0;799;Reform
Bradford East;Bradford;75684;5;1003;2034;620;1789;2672;0;0;1883;Green
Bradford South;Bradford;70469;5;1062;1852;417;2980;2202;0;166;1321;Reform
Bradford West;Bradford;77898;5;848;1869;409;1203;3295;0;0;2377;Green
Braintree;Essex North;77779;9;2538;1382;761;3681;926;0;0;713;Reform
Brent East;Brent Harrow Barnet;77258;11;1222;2672;548;1607;2784;0;330;837;Green
Brent West;Brent Harrow Barnet;79936;11;3069;2073;614;1421;1857;0;967;0;CON
Brentford and Isleworth;South West London;79283;11;2009;2335;844;1523;2250;0;882;156;LAB
Brentwood and Ongar;Essex South West;74303;9;2897;1204;1167;3214;814;0;0;705;Reform
Bridgwater;Somerset West and Barnstaple;73137;10;2384;1439;1127;3129;910;0;338;673;Reform
Bridlington and the Wolds;East Yorkshire;73298;5;2795;1459;720;3507;822;0;0;698;Reform
Brigg and Immingham;Lincolnshire North;74009;5;2683;1709;666;3331;921;0;0;690;Reform
Brighton Kemptown and Peacehaven;South Coast;69586;12;1528;2301;825;1540;2940;0;0;865;Green
Brighton Pavilion;South Coast;74164;12;590;1538;348;1004;5931;0;0;589;Green
Bristol Central;Avon North;62735;10;264;1349;252;622;7127;0;0;387;Green
Bristol East;Avon South;75915;10;792;2030;512;1313;4485;0;0;868;Green
Bristol North East;Avon North;70076;10;1006;2206;489;2338;2965;0;0;995;Green
Bristol North West;Avon North;74870;10;1141;2634;852;1706;2879;0;0;788;Green
Bristol South;Avon South;75534;10;837;1955;559;2294;3475;0;0;879;Green
Broadland and Fakenham;Norfolk North;76859;9;2698;1612;989;2872;1117;0;0;712;Reform
Bromley and Biggin Hill;Bexley and Bromley;71209;11;3041;1848;875;2355;1181;0;0;699;CON
Bromsgrove;Worcestershire;76469;7;2853;1434;1119;2866;871;0;72;784;Reform
Broxbourne;Hertfordshire East;75185;9;2638;1536;788;3172;1034;0;0;831;Reform
Broxtowe;Nottinghamshire South;71925;8;1948;2338;955;2332;1811;0;168;448;LAB
Buckingham and Bletchley;Buckinghamshire North;74469;12;2741;1938;808;2503;1241;0;0;768;CON
Buckinghamshire Mid;Buckinghamshire South;74687;12;2830;1142;2047;2260;1032;0;0;688;CON
Burnley;Lancashire East;74952;4;1553;1875;1520;2547;1745;0;0;759;Reform
Burton and Uttoxeter;Staffordshire South;78158;7;2470;1697;478;3262;1015;0;1079;0;Reform
Bury North;Manchester North East;77764;4;2034;2306;742;2523;1732;0;460;203;Reform
Bury South;Manchester North East;75280;4;1802;2537;660;2316;1880;0;483;322;LAB
Bury St Edmunds and Stowmarket;Suffolk West and Ipswich;77598;9;1932;1659;943;2755;1970;0;0;741;Reform
Calder Valley;Huddersfield and Halifax;77289;5;2000;2749;759;2026;1793;0;0;672;LAB
Camborne and Redruth;Cornwall;74420;10;1757;2258;1034;2816;1401;0;0;735;Reform
Cambridge;Cambridgeshire South;70316;9;931;2567;1199;951;3622;0;341;389;Green
Cambridgeshire North East;Cambridgeshire North;71509;9;2736;1031;790;3708;745;0;164;825;Reform
Cambridgeshire North West;Cambridgeshire North;75916;9;2657;1559;704;3147;1208;0;0;726;Reform
Cambridgeshire South;Cambridgeshire South;77327;9;2211;785;3699;1523;1356;0;0;425;LIB
Cannock Chase;Staffordshire South;76973;7;1867;1595;634;3902;1273;0;0;730;Reform
Canterbury;Kent East;71170;12;1840;2176;880;2130;2267;0;0;707;Green
Carlisle;Cumbria;78328;4;1990;1897;951;3126;1522;0;0;514;Reform
Carshalton and Wallington;Wimbledon and Sutton;74364;11;2198;1005;2959;1672;1352;0;474;340;LIB
Castle Point;Essex South East;70093;9;2444;887;519;5087;631;0;0;432;Reform
Chatham and Aylesford;Medway and Maidstone;78274;12;2100;1565;855;3189;1468;0;351;472;Reform
Cheadle;Manchester East;73825;4;2003;1289;3346;1348;1499;0;456;59;LIB
Chelmsford;Essex South East;76974;9;2493;699;3114;1953;1235;0;90;415;LIB
Chelsea and Fulham;West London;78467;11;2831;2244;905;1676;1741;0;538;65;CON
Cheltenham;Gloucestershire;75995;10;2687;551;3508;1524;1274;0;0;456;LIB
Chesham and Amersham;Buckinghamshire South;74500;12;2864;667;3116;1893;874;0;473;113;LIB
Cheshire Mid;Cheshire;70385;4;1813;2570;764;2571;1548;0;0;735;Reform
Chester North and Neston;Wirral and Chester North;70215;4;1829;2897;674;2064;2040;0;0;497;LAB
Chester South and Eddisbury;Cheshire;74286;4;2858;2096;1157;2190;1092;0;0;606;CON
Chesterfield;Derbyshire North;71075;8;1659;2527;710;2725;1723;0;267;390;Reform
Chichester;Sussex West;78273;12;2164;603;3323;2126;1046;0;0;738;LIB
Chingford and Woodford Green;Lea Valley;75240;11;2763;1584;562;1974;1249;0;0;1867;CON
Chippenham;Swindon and Chippenham;74002;10;2212;605;3531;2047;1124;0;0;482;LIB
Chipping Barnet;Brent Harrow Barnet;78038;11;2815;2336;737;2052;1487;0;0;573;CON
Chorley;Lancashire South;74573;4;528;3649;362;2083;2327;0;0;1052;LAB
Christchurch;Bournemouth;71065;10;2618;939;1586;3442;670;0;0;745;Reform
Cities of London and Westminster;Central London;73369;11;2603;2277;933;1317;1992;0;460;419;CON
Clacton;Essex North;78704;9;1944;776;731;5114;713;0;0;722;Reform
Clapham and Brixton Hill;Lambeth and Wandsworth;73505;11;898;2989;816;1143;3610;0;0;543;Green
Colchester;Essex North;78873;9;1869;2163;1199;2098;1874;0;0;796;LAB
Colne Valley;Huddersfield and Halifax;73032;5;2204;2171;856;2387;1964;0;0;417;Reform
Congleton;Cheshire;74241;4;2616;2347;701;2424;1119;0;0;794;CON
Corby and East Northamptonshire;Northamptonshire;78331;8;2030;2218;902;2796;1648;0;0;405;Reform
Cornwall North;Cornwall;76831;10;1952;471;3628;2657;838;0;0;452;LIB
Cornwall South East;Cornwall;72729;10;1908;1669;1742;3110;1114;0;0;458;Reform
Cotswolds North;Gloucestershire;72483;10;2758;1108;1868;2365;1161;0;0;741;CON
Cotswolds South;Swindon and Chippenham;72029;10;3060;663;2874;1919;821;0;0;663;CON
Coventry East;Coventry and Meriden;75818;7;1326;2367;466;2799;1773;0;714;554;Reform
Coventry North West;Coventry and Meriden;75066;7;1620;2484;670;2314;1890;0;0;1022;LAB
Coventry South;Coventry and Meriden;76236;7;1969;2569;738;1754;1985;0;476;508;LAB
Cramlington and Killingworth;Northumberland;76008;3;1399;2807;572;2772;1636;0;0;814;LAB
Crawley;Sussex West;75568;12;2019;1856;798;2684;1709;0;833;101;Reform
Crewe and Nantwich;Cheshire;78424;4;1895;2522;682;2598;1498;0;248;557;Reform
Croydon East;Croydon;76713;11;2098;2200;1002;1952;2180;0;0;568;LAB
Croydon South;Croydon;74969;11;3175;2152;1049;1589;1350;0;534;151;CON
Croydon West;Croydon;77889;11;1365;2699;609;1602;2868;0;416;441;Green
Dagenham and Rainham;Dagenham and Redbridge;75829;11;1480;1854;413;3329;1892;0;0;1033;Reform
Darlington;Teesside;70762;3;2479;2085;495;2957;1421;0;0;563;Reform
Dartford;Kent West;75426;12;2759;1760;564;2710;1311;0;0;896;CON
Daventry;Northamptonshire;79814;8;2832;1701;1063;2727;1127;0;0;550;CON
Derby North;Derbyshire South;73384;8;1914;2559;674;2099;2075;0;0;679;LAB
Derby South;Derbyshire South;71511;8;1218;2003;533;2899;1982;0;1292;72;Reform
Derbyshire Dales;Derbyshire North;72887;8;2850;2030;908;2408;1229;0;0;575;CON
Derbyshire Mid;Derbyshire South;69561;8;2617;2230;649;2471;1397;0;205;431;CON
Derbyshire North East;Derbyshire North;73716;8;2679;2080;551;3026;1117;0;0;548;Reform
Derbyshire South;Derbyshire South;73714;8;2144;2062;819;2900;1486;0;0;588;Reform
Devon Central;Devon Central and East;75630;10;2663;1692;1280;2496;1179;0;0;689;CON
Devon North;Somerset West and Barnstaple;79081;10;2019;539;3225;2609;1060;0;0;548;LIB
Devon South;Devon South;70753;10;2533;678;2817;2329;876;0;0;767;LIB
Devon South West;Devon South;77600;10;2814;1548;946;2979;1013;0;0;700;Reform
Dewsbury and Batley;Wakefield and Dewsbury;71708;5;1103;1485;564;2082;2360;0;2407;0;MIN
Didcot and Wantage;Oxfordshire;80690;12;2154;849;3074;2039;1419;0;0;464;LIB
Doncaster Central;Doncaster and Rotherham;74678;5;1605;2510;562;2928;1591;0;406;397;Reform
Doncaster East and the Isle of Axholme;Doncaster and Rotherham;70154;5;2539;2063;477;3315;996;0;0;610;Reform
Doncaster North;Doncaster and Rotherham;69758;5;1594;2826;644;2090;1795;0;0;1050;LAB
Dorking and Horley;Surrey East;71883;12;2784;660;2647;2224;1025;0;0;659;CON
Dorset Mid and North Poole;Dorset;75175;10;3068;623;3043;1938;837;0;0;491;CON
Dorset North;Dorset;72690;10;2676;730;2432;2675;754;0;0;733;CON
Dorset South;Dorset;76044;10;2128;1476;1664;2842;1296;0;0;595;Reform
Dorset West;Dorset;75997;10;2689;565;3567;1830;849;0;0;501;LIB
Dover and Deal;Kent East;76405;12;1789;2118;762;2913;1314;0;77;1028;Reform
Droitwich and Evesham;Worcestershire;76802;7;2727;1228;1058;3164;1042;0;0;780;Reform
Dudley;Black Country;70137;7;2010;1436;659;3798;1209;0;342;547;Reform
Dulwich and West Norwood;Lambeth and Wandsworth;74868;11;809;3216;595;1158;3715;0;0;507;Green
Dunstable and Leighton Buzzard;Bedfordshire;76743;9;2725;1523;1061;2928;1088;0;0;676;Reform
Durham North;County Durham;72339;3;1154;2287;872;3426;1541;0;536;185;Reform
Durham, City of;County Durham;71080;3;1100;2449;1111;2409;2322;0;0;608;LAB
Ealing Central and Acton;West London;78436;11;1455;2517;978;1275;2870;0;645;260;Green
Ealing North;Southall;74819;11;1491;2526;550;1852;2335;0;1008;237;LAB
Ealing Southall;Southall;78669;11;1391;2657;595;1282;2524;0;961;589;LAB
Earley and Woodley;Berkshire;74577;12;2962;2015;1328;1553;1603;0;0;539;CON
Easington;County Durham;69268;3;874;2589;468;3813;1432;0;0;824;Reform
East Grinstead and Uckfield;Sussex East;75298;12;2490;1295;1680;2076;1519;0;0;940;CON
East Ham;Lea Valley;79090;11;957;2453;410;1091;3346;0;0;1742;Green
Eastbourne;Sussex East;72592;12;2006;677;3569;1851;1092;0;0;805;LIB
Eastleigh;Southampton;69966;12;2823;905;2269;2315;1070;0;0;618;CON
Edmonton and Winchmore Hill;Enfield and Haringey;75793;11;1461;2624;634;1788;2374;0;274;846;LAB
Ellesmere Port and Bromborough;Wirral and Chester North;70798;4;973;2904;584;2754;2094;0;0;690;LAB
Eltham and Chislehurst;Bexley and Bromley;73843;11;2101;2402;716;2134;1778;0;334;535;LAB
Ely and East Cambridgeshire;Cambridgeshire South;79113;9;2789;1132;2173;2102;1055;0;0;749;CON
Enfield North;Enfield and Haringey;78769;11;1644;2640;675;1762;2263;0;321;695;LAB
Epping Forest;Essex South West;72966;9;3066;1446;1187;2272;1126;0;0;903;CON
Epsom and Ewell;Surrey East;77529;12;2763;1000;2418;2258;991;0;0;569;CON
Erewash;Derbyshire South;71497;8;1961;2315;696;2699;1567;0;0;760;Reform
Erith and Thamesmead;Bexley and Bromley;79110;11;1243;2677;451;2379;2332;0;773;144;LAB
Esher and Walton;Runnymede;74044;12;2315;543;4061;1649;1051;0;0;380;LIB
Essex North West;Essex North;79826;9;2666;1661;1199;2794;1037;0;0;644;Reform
Exeter;Devon Central and East;67840;10;1108;2194;759;2246;2852;0;0;841;Green
Exmouth and Exeter East;Devon Central and East;79984;10;2142;1487;1949;2479;1341;0;0;601;Reform
Fareham and Waterlooville;Portsmouth;77796;12;2660;1296;1597;2833;896;0;0;718;Reform
Farnham and Bordon;Surrey West and Aldershot;75857;12;2666;932;2475;2528;926;0;0;473;CON
Faversham and Mid Kent;Medway and Maidstone;74683;12;2522;1403;756;3322;1233;0;0;763;Reform
Feltham and Heston;South West London;76985;11;1937;2114;558;1850;1952;0;691;897;LAB
Filton and Bradley Stoke;Avon North;77584;10;2074;2546;923;1737;1918;0;0;802;LAB
Finchley and Golders Green;Brent Harrow Barnet;77500;11;2597;2489;877;1659;1718;0;0;660;CON
Folkestone and Hythe;Kent South;70055;12;1769;1786;626;3203;1598;0;0;1018;Reform
Forest of Dean;Gloucestershire;72052;10;2297;1670;600;3332;1403;0;0;699;Reform
Frome and East Somerset;Somerset East and Weston;71108;10;1732;1028;2435;2101;1786;0;0;918;LIB
Fylde;Lancashire West;77101;4;2791;1940;633;2667;937;0;0;1032;CON
Gainsborough;Lincolnshire North;75834;8;2760;1462;1094;3279;914;0;0;491;Reform
Gateshead Central and Whickham;Tyne and Wear South;69929;3;1120;2413;975;2762;1931;0;0;801;Reform
Gedling;Nottinghamshire South;77002;8;1909;2720;671;2316;1799;0;0;585;LAB
Gillingham and Rainham;Medway and Maidstone;73868;12;2080;1811;866;2976;1501;0;0;767;Reform
Glastonbury and Somerton;Somerset East and Weston;72574;10;2170;549;3359;2352;1064;0;0;506;LIB
Gloucester;Gloucestershire;79475;10;2161;1619;1245;2618;1605;0;406;346;Reform
Godalming and Ash;Surrey West and Aldershot;74199;12;3239;519;2954;2078;725;0;0;487;CON
Goole and Pocklington;East Yorkshire;77920;5;2827;1659;897;3123;1011;0;0;483;Reform
Gorton and Denton;Manchester East;77902;4;784;2579;440;2203;3047;0;947;0;Green
Gosport;Portsmouth;73266;12;3011;1256;990;3125;881;0;0;736;Reform
Grantham and Bourne;Lincolnshire South;73104;8;2626;1466;699;3465;1014;0;0;730;Reform
Gravesham;Kent West;73088;12;2694;1821;489;3084;1066;0;0;846;Reform
Great Grimsby and Cleethorpes;Lincolnshire North;78875;5;1718;2062;555;3453;1354;0;0;859;Reform
Great Yarmouth;Norfolk North;73318;9;1905;1618;552;3627;1002;0;0;1296;Reform
Greenwich and Woolwich;South East London;73728;11;1058;2913;655;1534;3097;0;401;341;Green
Guildford;Surrey West and Aldershot;70734;12;2271;666;3608;1629;1421;0;0;405;LIB
Hackney North and Stoke Newington;Hackney and Tower Hamlets;77798;11;708;2909;451;1062;4158;0;0;712;Green
Hackney South and Shoreditch;Hackney and Tower Hamlets;78263;11;581;2868;418;1103;4417;0;468;144;Green
Halesowen;Black Country;68480;7;2045;1770;935;3006;1507;0;0;736;Reform
Halifax;Huddersfield and Halifax;77589;5;1371;1955;586;2809;2105;0;764;410;Reform
Hamble Valley;Southampton;80430;12;2863;984;2106;2544;919;0;0;584;CON
Hammersmith and Chiswick;West London;75861;11;1443;2942;793;1319;2672;0;247;584;LAB
Hampshire East;Hampshire;70916;12;2806;768;2521;2401;893;0;0;611;CON
Hampshire North East;Hampshire;76975;12;2801;714;2768;2455;766;0;0;496;CON
Hampshire North West;Hampshire;78627;12;2714;1512;1406;2572;1115;0;0;681;CON
Hampstead and Highgate;Central London;79973;11;1385;2629;1019;1190;3016;0;0;761;Green
Harborough, Oadby and Wigston;Leicestershire East and Rutland;77407;8;3018;1737;1092;2147;1562;0;0;444;CON
Harlow;Essex South West;74995;9;2601;1796;493;3122;1093;0;0;893;Reform
Harpenden and Berkhamsted;Hertfordshire West;72004;9;2419;632;4010;1460;1093;0;0;386;LIB
Harrogate and Knaresborough;York;77534;5;2224;771;3586;1777;1251;0;0;391;LIB
Harrow East;Brent Harrow Barnet;76386;11;4212;1625;716;1292;1161;0;255;740;CON
Harrow West;Brent Harrow Barnet;79903;11;2418;2171;834;1425;2211;0;0;941;CON
Hartlepool;County Durham;71437;3;1704;2326;468;3318;1317;0;178;689;Reform
Harwich and North Essex;Essex North;76368;9;2811;1632;743;3046;1049;0;0;719;Reform
Hastings and Rye;Sussex East;75940;12;1551;2115;718;2531;2161;0;534;391;Reform
Havant;Portsmouth;72347;12;2327;1437;669;3698;1074;0;796;0;Reform
Hayes and Harlington;Southall;74405;11;1983;2549;547;1680;2124;0;1117;0;LAB
Hazel Grove;Manchester East;73397;4;1753;1581;2653;1975;1496;0;0;542;LIB
Hemel Hempstead;Hertfordshire West;71036;9;2139;1796;1393;2467;1626;0;0;578;Reform
Hendon;Brent Harrow Barnet;74866;11;2859;1958;698;1968;1693;0;662;162;CON
Henley and Thame;Oxfordshire;73748;12;2752;634;2766;2138;1060;0;0;651;LIB
Hereford and South Herefordshire;English Marches;72203;7;2640;1438;973;3123;1089;0;0;737;Reform
Herefordshire North;English Marches;72798;7;2390;593;485;2890;2818;0;0;824;Reform
Herne Bay and Sandwich;Kent East;77842;12;2472;1539;751;3568;983;0;0;688;Reform
Hertford and Stortford;Hertfordshire East;78710;9;1982;1871;1091;2465;2030;0;0;562;Reform
Hertfordshire North East;Hertfordshire East;77326;9;2655;1841;909;2617;1300;0;0;678;CON
Hertfordshire South West;Hertfordshire West;71352;9;3110;1185;1694;2087;1126;0;0;799;CON
Hertsmere;Hertfordshire West;73519;9;3299;1481;945;2552;1004;0;0;719;CON
Hexham;Northumberland;75342;3;2734;2754;826;1861;1270;0;0;556;LAB
Heywood and Middleton North;Manchester North East;74392;4;1361;2209;565;3100;1384;0;0;1381;Reform
High Peak;Derbyshire North;74387;8;2027;2485;773;2510;1820;0;0;385;Reform
Hinckley and Bosworth;Leicestershire West;76431;8;2802;1053;1858;2865;939;0;0;482;Reform
Hitchin;Hertfordshire East;75138;9;2182;2261;1280;2113;1662;0;0;502;LAB
Holborn and St Pancras;Central London;71356;11;729;2617;490;1239;3357;0;1381;188;Green
Honiton and Sidmouth;Devon Central and East;74727;10;2680;592;2687;2671;707;0;0;662;LIB
Hornchurch and Upminster;Dagenham and Redbridge;75504;11;2716;1173;529;4125;852;0;0;606;Reform
Hornsey and Friern Barnet;Enfield and Haringey;69886;11;772;3389;963;1033;3294;0;444;105;LAB
Horsham;Sussex West;79148;12;3159;752;2530;1963;961;0;0;635;CON
Houghton and Sunderland South;Tyne and Wear South;78875;3;1140;2437;598;3580;1401;0;0;844;Reform
Hove and Portslade;South Coast;73884;12;1016;2855;606;1751;2803;0;0;969;LAB
Huddersfield;Huddersfield and Halifax;76936;5;1214;2002;531;2146;3425;0;0;682;Green
Hull East;East Yorkshire;70647;5;992;1849;759;3802;1732;0;0;867;Reform
Hull North and Cottingham;East Yorkshire;75279;5;1178;2301;740;2797;2106;0;0;876;Reform
Hull West and Haltemprice;East Yorkshire;73253;5;1517;2262;732;3024;1668;0;0;796;Reform
Huntingdon;Cambridgeshire North;79074;9;2730;1632;1047;2815;1122;0;0;655;Reform
Hyndburn;Lancashire East;76575;4;1919;1691;655;3062;2110;0;0;563;Reform
Ilford North;Dagenham and Redbridge;77835;11;1950;1914;494;1226;1975;0;2442;0;MIN
Ilford South;Dagenham and Redbridge;80792;11;1341;2084;420;1232;2697;0;0;2226;Green
Ipswich;Suffolk West and Ipswich;76317;9;1877;1956;786;2915;1869;0;0;597;Reform
Isle of Wight East;Isle of Wight and the New Forest;55853;12;2447;1050;844;3408;1427;0;0;823;Reform
Isle of Wight West;Isle of Wight and the New Forest;55407;12;1963;1779;1124;3143;1453;0;0;537;Reform
Islington North;Central London;72582;11;501;2106;373;1017;3183;0;0;2819;Green
Islington South and Finsbury;Central London;74121;11;778;2837;664;1403;3595;0;0;723;Green
Jarrow and Gateshead East;Tyne and Wear South;70179;3;891;2596;566;3541;1594;0;0;813;Reform
Keighley and Ilkley;Bradford;74684;5;2501;2058;526;2712;1571;0;0;632;Reform
Kenilworth and Southam;Warwickshire;75472;7;2750;1377;1697;2428;1145;0;0;604;CON
Kensington and Bayswater;West London;77304;11;2746;2279;700;1471;1889;0;641;274;CON
Kettering;Northamptonshire;79379;8;1698;1842;701;2777;2475;0;0;508;Reform
Kingston and Surbiton;South West London;77461;11;1594;1007;3315;1385;1864;0;183;652;LIB
Kingswinford and South Staffordshire;Staffordshire South;71662;7;2918;1381;745;3310;767;0;0;879;Reform
Knowsley;Merseyside East and Warrington;72086;4;585;3173;451;2879;2217;0;448;247;LAB
Lancashire West;Lancashire South;74113;4;1644;2791;678;2551;1756;0;0;579;LAB
Lancaster and Wyre;Lancashire West;75015;4;1508;2318;569;2146;2817;0;0;642;Green
Leeds Central and Headingley;Leeds;70555;5;609;2373;516;1333;4600;0;369;199;Green
Leeds East;Leeds;75658;5;1258;2388;456;2900;2147;0;0;851;Reform
Leeds North East;Leeds;70178;5;1301;3150;572;1249;2883;0;541;303;LAB
Leeds North West;Leeds;71592;5;1845;2964;1114;1621;1868;0;0;588;LAB
Leeds South;Leeds;76501;5;1014;2479;449;1880;3247;0;208;722;Green
Leeds South West and Morley;Leeds;71853;5;1771;2285;647;2887;1782;0;0;628;Reform
Leeds West and Pudsey;Leeds;70069;5;1285;2651;548;2340;2321;0;485;370;LAB
Leicester East;Leicestershire East and Rutland;76815;8;3000;1445;960;942;1779;0;942;932;CON
Leicester South;Leicestershire East and Rutland;70613;8;917;1952;399;1086;3551;0;0;2094;Green
Leicester West;Leicestershire East and Rutland;74103;8;1629;2345;664;1977;2613;0;0;772;Green
Leicestershire Mid;Leicestershire West;76861;8;2815;1847;749;2752;1309;0;0;528;CON
Leicestershire North West;Leicestershire West;77752;8;2672;1881;494;3057;1187;0;0;708;Reform
Leicestershire South;Leicestershire West;77612;8;2784;1498;1320;2804;1073;0;0;522;Reform
Leigh and Atherton;Manchester North West;80249;4;1213;2384;459;3758;1409;0;0;777;Reform
Lewes;Sussex East;76164;12;1659;660;3673;2232;1310;0;0;466;LIB
Lewisham East;South East London;73377;11;999;3054;496;1801;2909;0;397;344;LAB
Lewisham North;South East London;74203;11;653;3009;507;1111;4140;0;257;322;Green
Lewisham West and East Dulwich;South East London;70099;11;744;3332;575;1170;3626;0;324;230;Green
Leyton and Wanstead;Lea Valley;73365;11;1006;2619;553;1340;3189;0;349;945;Green
Lichfield;Staffordshire South;75887;7;2772;1800;747;3028;860;0;0;794;Reform
Lincoln;Lincolnshire North;72755;8;1813;2372;727;2344;1969;0;343;431;LAB
Liverpool Garston;Merseyside East and Warrington;69326;4;883;3095;813;2027;2253;0;0;929;LAB
Liverpool Riverside;Merseyside East and Liverpool;70652;4;513;2886;409;1847;3666;0;0;679;Green
Liverpool Walton;Merseyside East and Liverpool;69411;4;552;3540;405;2742;2097;0;0;665;LAB
Liverpool Wavertree;Merseyside East and Liverpool;70932;4;596;2877;603;1515;3757;0;0;653;Green
Liverpool West Derby;Merseyside East and Liverpool;70544;4;589;3461;443;2551;2135;0;0;820;LAB
Loughborough;Leicestershire West;69143;8;2079;2196;887;2313;2092;0;0;434;Reform
Louth and Horncastle;Lincolnshire South;76880;8;2581;1226;680;4070;795;0;0;648;Reform
Lowestoft;Suffolk East;74332;9;1870;1605;730;3616;1439;0;0;740;Reform
Luton North;Bedfordshire;74325;9;1597;1880;565;1940;1980;0;2038;0;MIN
Luton South and South Bedfordshire;Bedfordshire;77510;9;1532;1693;607;2113;2035;0;0;2020;Reform
Macclesfield;Cheshire;76416;4;2165;2664;954;2151;1638;0;0;428;LAB
Maidenhead;Buckinghamshire South;74220;12;2996;817;2995;1543;1056;0;0;594;CON
Maidstone and Malling;Medway and Maidstone;78095;12;2234;1291;1476;2680;1672;0;0;648;Reform
Makerfield;Lancashire South;76681;4;980;2287;541;4088;1332;0;0;772;Reform
Maldon;Essex South East;78280;9;2839;1017;1101;3708;735;0;0;600;Reform
Manchester Central;Manchester Central and Trafford;85055;4;755;2425;517;1863;3655;0;588;197;Green
Manchester Rusholme;Manchester Central and Trafford;72604;4;553;2376;231;997;5009;0;732;102;Green
Manchester Withington;Manchester Central and Trafford;70548;4;567;3032;773;920;4179;0;487;42;Green
Mansfield;Nottinghamshire North;73784;8;1984;1846;582;3707;1327;0;0;553;Reform
Melksham and Devizes;Wiltshire South;71882;10;2933;726;2574;2231;884;0;0;653;CON
Melton and Syston;Leicestershire East and Rutland;74170;8;2528;1473;711;3327;1339;0;0;621;Reform
Meriden and Solihull East;Coventry and Meriden;73286;7;2719;1493;893;3002;1134;0;0;759;Reform
Middlesbrough and Thornaby East;Teesside;74909;3;1298;2204;444;3204;1842;0;847;162;Reform
Middlesbrough South and East Cleveland;Teesside;70328;3;2762;2039;767;2794;1108;0;0;531;Reform
Milton Keynes Central;Buckinghamshire North;82149;12;2233;1931;1191;2014;2121;0;0;509;CON
Milton Keynes North;Buckinghamshire North;69689;12;2291;2037;1034;2314;1814;0;0;510;Reform
Mitcham and Morden;Wimbledon and Sutton;77273;11;1245;2877;655;1802;2532;0;667;222;LAB
Morecambe and Lunesdale;Lancashire West;76162;4;2067;2021;1311;2729;1492;0;0;379;Reform
New Forest East;Isle of Wight and the New Forest;70618;12;2823;1060;1391;3077;946;0;0;703;Reform
New Forest West;Isle of Wight and the New Forest;68644;12;2624;1361;1525;2892;892;0;0;707;Reform
Newark;Nottinghamshire North;79982;8;2785;1772;831;3051;1048;0;53;460;Reform
Newbury;Berkshire;71900;12;2779;585;2851;2259;994;0;0;533;LIB
Newcastle upon Tyne Central and West;Tyne and Wear North;77461;3;954;2387;559;2589;2269;0;0;1242;Reform
Newcastle upon Tyne East and Wallsend;Tyne and Wear North;76309;3;836;2552;636;2677;2535;0;331;434;Reform
Newcastle upon Tyne North;Tyne and Wear North;75966;3;1328;2709;1052;1766;2534;0;0;611;LAB
Newcastle-under-Lyme;Staffordshire North;67841;7;1969;1928;885;3123;1409;0;0;686;Reform
Newton Abbot;Devon Central and East;73886;10;2010;862;2631;2757;1078;0;0;662;Reform
Newton Aycliffe and Spennymoor;County Durham;72559;3;1564;2502;683;3211;1470;0;274;294;Reform
Norfolk Mid;Norfolk South;75238;9;2514;1567;841;3414;936;0;0;728;Reform
Norfolk North;Norfolk North;71433;9;2529;543;2881;2877;645;0;0;525;LIB
Norfolk North West;Norfolk North;74414;9;2424;1149;1154;3902;799;0;0;573;Reform
Norfolk South;Norfolk South;74134;9;2234;1863;1444;2263;1605;0;0;592;Reform
Norfolk South West;Norfolk South;74725;9;1988;1466;768;3020;1004;0;1608;147;Reform
Normanton and Hemsworth;Wakefield and Dewsbury;75551;5;1063;2327;467;3957;1387;0;0;799;Reform
Northampton North;Northamptonshire;76187;8;1695;2491;685;2421;1952;0;447;309;LAB
Northampton South;Northamptonshire;69755;8;2032;2136;1023;2633;1775;0;0;401;Reform
Northamptonshire South;Northamptonshire;78606;8;2674;1774;1056;2770;1153;0;70;503;Reform
Northumberland North;Northumberland;74265;3;1940;2511;1151;2170;1294;0;0;935;LAB
Norwich North;Norfolk North;73723;9;1649;2392;682;2430;1909;0;0;938;Reform
Norwich South;Norfolk South;76381;9;868;2234;656;1972;3433;0;0;836;Green
Nottingham East;Nottinghamshire South;69395;8;864;2734;450;1569;3513;0;644;226;Green
Nottingham North and Kimberley;Nottinghamshire South;73767;8;1425;2369;450;2913;2101;0;0;743;Reform
Nottingham South;Nottinghamshire South;64255;8;1251;2407;566;2317;2610;0;606;243;Green
Nuneaton;Warwickshire;71718;7;1981;1692;706;3331;1502;0;787;0;Reform
Old Bexley and Sidcup;Bexley and Bromley;72291;11;2919;1646;717;2888;1017;0;0;813;CON
Oldham East and Saddleworth;Manchester North East;72796;4;1474;1948;822;2587;1739;0;1018;412;Reform
Oldham West, Chadderton and Royton;Manchester North East;73136;4;1024;1941;441;2581;2073;0;0;1941;Reform
Orpington;Bexley and Bromley;71047;11;2957;1592;1083;2573;1005;0;0;791;CON
Ossett and Denby Dale;Wakefield and Dewsbury;72329;5;1966;2198;768;2987;1520;0;0;561;Reform
Oxford East;Oxfordshire;71845;12;965;2478;716;1271;3268;0;473;828;Green
Oxford West and Abingdon;Oxfordshire;71319;12;1527;1049;3209;1500;1981;0;0;734;LIB
Peckham;South East London;72124;11;663;3014;465;1279;3913;0;0;665;Green
Pendle and Clitheroe;Lancashire East;78796;4;2795;1808;628;2692;1186;0;80;812;CON
Penistone and Stocksbridge;Barnsley and Sheffield West;70537;5;2079;2261;864;2746;1461;0;0;589;Reform
Penrith and Solway;Cumbria;77794;4;2092;2150;1161;2771;1387;0;0;440;Reform
Peterborough;Cambridgeshire North;73379;9;2528;1498;492;2696;1344;0;1328;115;Reform
Plymouth Moor View;Devon South;74691;10;1872;1807;735;3670;1285;0;0;632;Reform
Plymouth Sutton and Devonport;Devon South;75347;10;1210;2362;553;2842;1997;0;242;794;Reform
Pontefract, Castleford and Knottingley;Wakefield and Dewsbury;74210;5;1147;2300;462;3870;1386;0;0;836;Reform
Poole;Bournemouth;72508;10;2758;1483;1026;2986;1026;0;0;721;Reform
Poplar and Limehouse;Hackney and Tower Hamlets;84468;11;1058;2092;757;1186;3651;0;920;335;Green
Portsmouth North;Portsmouth;70447;12;2749;1505;728;3303;1051;0;0;664;Reform
Portsmouth South;Portsmouth;73710;12;1284;2200;1026;2205;2364;0;0;922;Green
Preston;Lancashire West;77400;4;1175;1920;644;2264;2186;0;1563;247;Reform
Putney;Lambeth and Wandsworth;71856;11;1867;2931;1146;936;2425;0;415;280;LAB
Queen's Park and Maida Vale;West London;75558;11;1011;2728;618;1479;3195;0;725;243;Green
Rawmarsh and Conisbrough;Doncaster and Rotherham;69132;5;1046;2406;453;3860;1461;0;774;0;Reform
Rayleigh and Wickford;Essex South East;77180;9;2710;1071;887;4050;762;0;0;519;Reform
Reading Central;Berkshire;73724;12;1525;2526;815;1419;3007;0;0;709;Green
Reading West and Mid Berkshire;Berkshire;68850;12;2836;1841;1008;2250;1312;0;0;753;CON
Redcar;Teesside;70242;3;2387;2042;506;3421;1075;0;0;569;Reform
Redditch;Worcestershire;71017;7;2566;1669;536;3388;995;0;847;0;Reform
Reigate;Surrey East;77103;12;2546;1646;1201;2559;1482;0;0;566;Reform
Ribble Valley;Lancashire West;80484;4;2863;2061;862;2503;1044;0;0;668;CON
Richmond and Northallerton;North Yorkshire;73887;5;3276;1468;1014;2718;919;0;51;554;CON
Richmond Park;South West London;68004;11;1892;922;3970;904;1758;0;0;554;LIB
Rochdale;Manchester North East;70676;4;1019;1993;617;2298;2042;0;2030;0;Reform
Rochester and Strood;Medway and Maidstone;70506;12;2080;1560;793;3576;1393;0;337;261;Reform
Romford;Dagenham and Redbridge;72977;11;2721;1531;687;3187;1032;0;691;150;Reform
Romsey and Southampton North;Southampton;71992;12;3046;719;2587;2201;898;0;0;549;CON
Rossendale and Darwen;Lancashire East;73993;4;1930;2095;685;3124;1637;0;529;0;Reform
Rother Valley;Doncaster and Rotherham;69461;5;2516;1992;576;3344;1075;0;0;497;Reform
Rotherham;Doncaster and Rotherham;75929;5;510;2170;608;3612;1880;0;577;643;Reform
Rugby;Warwickshire;74848;7;2688;1990;710;2662;1159;0;0;791;CON
Ruislip, Northwood and Pinner;Southall;71682;11;3644;1790;1125;1536;1186;0;0;719;CON
Runcorn and Helsby;Cheshire;71955;4;1257;2872;597;2725;1800;0;0;748;LAB
Runnymede and Weybridge;Runnymede;73611;12;2876;1186;1745;2561;991;0;0;641;CON
Rushcliffe;Nottinghamshire South;79206;8;2609;2745;700;1757;1688;0;0;501;LAB
Rutland and Stamford;Leicestershire East and Rutland;71713;8;3261;1331;1245;2689;1041;0;0;435;CON
Salford;Manchester North West;83634;4;847;2584;513;2253;3083;0;560;161;Green
Salisbury;Wiltshire South;71553;10;2876;1619;1715;2044;1016;0;0;730;CON
Scarborough and Whitby;North Yorkshire;74558;5;1964;2100;857;3176;1355;0;0;548;Reform
Scunthorpe;Lincolnshire North;74551;5;2053;1962;654;3250;1407;0;0;674;Reform
Sefton Central;Merseyside East and Liverpool;73909;4;1401;3420;658;2353;1586;0;0;582;LAB
Selby;York;78051;5;1998;2672;659;2609;1447;0;0;615;LAB
Sevenoaks;Kent West;73709;12;2811;898;1986;2737;839;0;0;729;CON
Sheffield Brightside and Hillsborough;Sheffield;70453;5;862;2485;449;1851;3113;0;649;591;Green
Sheffield Central;Sheffield;60778;5;435;2186;377;746;5681;0;155;420;Green
Sheffield Hallam;Barnsley and Sheffield West;73033;5;1068;2876;2124;812;2684;0;91;345;LAB
Sheffield Heeley;Sheffield;73563;5;1009;2717;769;1577;3167;0;207;554;Green
Sheffield South East;Sheffield;73992;5;1382;2542;804;2013;2233;0;352;673;LAB
Sherwood Forest;Nottinghamshire North;78894;8;1994;1936;816;3289;1459;0;0;507;Reform
Shipley;Bradford;73828;5;1874;2527;784;2185;2115;0;111;404;LAB
Shrewsbury;English Marches;76490;7;1915;2236;1373;2195;1533;0;0;748;LAB
Shropshire North;English Marches;77712;7;1961;601;3408;2305;951;0;0;774;LIB
Shropshire South;English Marches;76334;7;2802;885;1951;3039;721;0;0;602;Reform
Sittingbourne and Sheppey;Medway and Maidstone;79067;12;1956;1312;707;3814;1177;0;0;1034;Reform
Skipton and Ripon;North Yorkshire;78768;5;2570;1809;968;2943;1207;0;0;503;Reform
Sleaford and North Hykeham;Lincolnshire South;75544;8;2629;1522;718;3423;977;0;0;730;Reform
Slough;Runnymede;81374;12;1578;1780;594;1176;2056;0;2817;0;MIN
Smethwick;Black Country;73065;7;1171;2309;447;2475;1940;0;948;710;Reform
Solihull West and Shirley;Birmingham South;71835;7;2652;1432;1381;2484;1324;0;727;0;CON
Somerset North;Avon South;74429;10;2602;2034;1113;2399;1284;0;568;0;CON
Somerset North East and Hanham;Avon South;73889;10;2282;1982;1223;2380;1575;0;0;558;Reform
South Holland and The Deepings;Lincolnshire South;78471;8;2634;1070;633;3982;752;0;0;928;Reform
South Ribble;Lancashire South;73420;4;2122;2250;970;2814;1393;0;0;451;Reform
South Shields;Tyne and Wear South;68356;3;872;2155;502;3230;2224;0;0;1018;Reform
Southampton Itchen;Southampton;68832;12;1881;2140;744;2495;1753;0;0;988;Reform
Southampton Test;Southampton;64943;12;1323;2174;704;2451;2267;0;734;347;Reform
Southend East and Rochford;Essex South East;70218;9;2005;1785;918;3021;1597;0;0;673;Reform
Southend West and Leigh;Essex South East;75154;9;2565;1819;684;2840;1271;0;0;820;Reform
Southgate and Wood Green;Enfield and Haringey;77541;11;1376;2843;752;1479;2637;0;470;443;LAB
Southport;Merseyside East and Liverpool;73610;4;2094;2276;1207;2243;1465;0;0;715;LAB
Spelthorne;Runnymede;73783;12;2332;1363;1737;2548;1382;0;0;637;Reform
Spen Valley;Wakefield and Dewsbury;72756;5;1918;2300;709;2412;1626;0;0;1035;Reform
St Albans;Hertfordshire West;72980;9;1608;894;3668;1366;1768;0;0;696;LIB
St Austell and Newquay;Cornwall;76154;10;1779;1761;1260;3289;1326;0;0;585;Reform
St Helens North;Lancashire South;75564;4;935;2656;513;3298;1858;0;0;740;Reform
St Helens South and Whiston;Merseyside East and Warrington;71540;4;758;2492;565;2987;2030;0;0;1168;Reform
St Ives;Cornwall;69980;10;1848;633;3652;2194;1013;0;0;660;LIB
St Neots and Mid Cambridgeshire;Cambridgeshire South;78115;9;2177;848;2974;1926;1416;0;0;659;LIB
Stafford;Staffordshire North;70609;7;2041;1981;805;2951;1570;0;0;652;Reform
Staffordshire Moorlands;Staffordshire North;69892;7;2389;1495;571;4137;809;0;0;599;Reform
Stalybridge and Hyde;Manchester East;72231;4;1362;2387;470;2861;1830;0;549;543;Reform
Stevenage;Hertfordshire East;70260;9;2136;2110;842;2530;1574;0;0;807;Reform
Stockport;Manchester East;76629;4;936;2650;736;2298;2594;0;702;83;LAB
Stockton North;Teesside;70073;3;1703;2440;525;2998;1560;0;0;773;Reform
Stockton West;Teesside;72252;3;3038;2162;672;2592;1046;0;0;490;CON
Stoke-on-Trent Central;Staffordshire North;74902;7;1262;1884;408;3458;1471;0;0;1517;Reform
Stoke-on-Trent North;Staffordshire North;68842;7;1909;1955;525;3180;1174;0;0;1257;Reform
Stoke-on-Trent South;Staffordshire North;68002;7;2639;1746;564;3115;865;0;0;1070;Reform
Stone, Great Wyrley and Penkridge;Staffordshire South;71560;7;3128;1652;914;2527;926;0;0;853;CON
Stourbridge;Black Country;68263;7;2537;1869;559;3005;1034;0;996;0;Reform
Stratford and Bow;Lea Valley;80439;11;702;2141;403;1081;4025;0;559;1089;Green
Stratford-on-Avon;Warwickshire;75162;7;2727;634;2740;2397;794;0;0;708;LIB
Streatham and Croydon North;Croydon;82911;11;1034;2756;709;1401;3385;0;486;229;Green
Stretford and Urmston;Manchester Central and Trafford;75154;4;1159;2847;495;2050;2441;0;943;65;LAB
Stroud;Gloucestershire;77885;10;1721;2543;722;2153;2123;0;0;737;LAB
Suffolk Central and North Ipswich;Suffolk East;73045;9;2426;1290;875;3057;1493;0;0;859;Reform
Suffolk Coastal;Suffolk East;74522;9;2020;1519;1496;2822;1630;0;0;513;Reform
Suffolk South;Suffolk West and Ipswich;73387;9;2448;1412;1016;3193;1246;0;0;686;Reform
Suffolk West;Suffolk West and Ipswich;77151;9;2727;1328;775;3374;993;0;0;802;Reform
Sunderland Central;Tyne and Wear South;75731;3;1245;2332;794;3002;1737;0;0;890;Reform
Surrey East;Surrey East;73308;12;2672;1097;1473;3119;1025;0;0;614;Reform
Surrey Heath;Surrey West and Aldershot;71936;12;3059;588;2755;2089;845;0;0;663;CON
Sussex Mid;Sussex West;76061;12;2113;1060;3174;1800;1364;0;0;489;LIB
Sussex Weald;Sussex East;72903;12;2712;1008;1377;2907;1123;0;0;875;Reform
Sutton and Cheam;Wimbledon and Sutton;72302;11;2288;1130;3018;1594;1399;0;0;570;LIB
Sutton Coldfield;Birmingham North;74081;7;2965;1912;820;2518;1012;0;773;0;CON
Swindon North;Swindon and Chippenham;72973;10;2459;2070;521;2980;1203;0;0;766;Reform
Swindon South;Swindon and Chippenham;72882;10;2015;2386;789;2493;1724;0;0;594;Reform
Tamworth;Staffordshire South;75129;7;2524;1613;484;3679;853;0;313;534;Reform
Tatton;Cheshire;75123;4;2910;2152;1099;2311;1161;0;0;368;CON
Taunton and Wellington;Somerset West and Barnstaple;78911;10;2042;697;3324;2118;1080;0;0;739;LIB
Telford;English Marches;73795;7;1688;2117;554;3339;1370;0;0;932;Reform
Tewkesbury;Gloucestershire;73592;10;2163;638;3206;2230;1273;0;0;490;LIB
Thanet East;Kent East;74939;12;1771;1993;561;2913;1680;0;0;1081;Reform
Thirsk and Malton;North Yorkshire;78151;5;2801;1419;1088;3207;966;0;0;518;Reform
Thornbury and Yate;Avon North;78195;10;2919;719;2559;2287;915;0;0;601;CON
Thurrock;Essex South West;73439;9;1854;2001;511;3058;1452;0;684;439;Reform
Tipton and Wednesbury;Black Country;73875;7;1901;1687;451;3379;1262;0;0;1319;Reform
Tiverton and Minehead;Somerset West and Barnstaple;71610;10;2632;675;2374;2743;862;0;0;714;Reform
Tonbridge;Kent West;71875;12;2751;1084;915;2885;1600;0;0;765;Reform
Tooting;Lambeth and Wandsworth;76218;11;1404;3119;723;1074;2988;0;412;280;LAB
Torbay;Devon South;76181;10;2065;558;3088;2761;923;0;603;0;LIB
Torridge and Tavistock;Devon Central and East;74725;10;2499;1184;1593;3199;859;0;0;666;Reform
Tottenham;Enfield and Haringey;75905;11;620;2852;411;1371;3756;0;181;809;Green
Truro and Falmouth;Cornwall;73051;10;1886;2295;1273;2088;1767;0;0;690;LAB
Tunbridge Wells;Kent South;78575;12;2216;764;3362;1924;1239;0;0;495;LIB
Twickenham;South West London;74980;11;1420;1082;3801;1199;1863;0;636;0;LIB
Tynemouth;Tyne and Wear North;73278;3;1424;3049;646;2262;1867;0;0;752;LAB
Uxbridge and South Ruislip;Southall;74746;11;2822;1956;699;2062;1616;0;0;845;CON
Vauxhall and Camberwell Green;Lambeth and Wandsworth;69901;11;741;3047;671;1300;3691;0;0;549;Green
Wakefield and Rothwell;Wakefield and Dewsbury;74786;5;1404;2319;711;2951;1714;0;425;477;Reform
Wallasey;Wirral and Chester North;74057;4;971;3195;522;2473;2082;0;530;226;LAB
Walsall and Bloxwich;Wolverhampton and Walsall;76995;7;1438;1669;519;2604;1634;0;0;2137;Reform
Walthamstow;Lea Valley;76275;11;619;3005;409;1164;3837;0;414;553;Green
Warrington North;Merseyside East and Warrington;70600;4;1257;2496;601;3349;1504;0;0;793;Reform
Warrington South;Merseyside East and Warrington;79255;4;2014;2599;899;2248;1662;0;0;578;LAB
Warwick and Leamington;Warwickshire;76293;7;1796;2463;907;1744;2388;0;0;701;LAB
Warwickshire North and Bedworth;Warwickshire;69752;7;2462;1713;481;3569;881;0;0;894;Reform
Washington and Gateshead South;Tyne and Wear South;70963;3;1036;2496;515;3678;1403;0;0;872;Reform
Watford;Hertfordshire West;72999;9;2395;1720;1511;1517;1850;0;946;60;CON
Waveney Valley;Suffolk East;73057;9;1804;661;639;2878;3395;0;0;624;Green
Weald of Kent;Kent South;75297;12;2716;1329;948;3217;1084;0;0;705;Reform
Wellingborough and Rushden;Northamptonshire;78741;8;1928;2028;820;3186;1636;0;0;403;Reform
Wells and Mendip Hills;Somerset East and Weston;69933;10;2010;737;3255;1971;1134;0;0;893;LIB
Welwyn Hatfield;Hertfordshire East;75259;9;2933;1963;697;2381;1398;0;0;628;CON
West Bromwich;Black Country;74095;7;1757;2291;564;2516;1601;0;0;1270;Reform
West Ham and Beckton;Lea Valley;78906;11;1011;2181;403;1715;2965;0;1582;143;Green
Westmorland and Lonsdale;Cumbria;71996;4;1629;731;4097;1783;1222;0;0;539;LIB
Weston-super-Mare;Somerset East and Weston;71397;10;2003;1820;1155;2920;1501;0;0;601;Reform
Wetherby and Easingwold;York;75587;5;2859;1944;940;2390;1302;0;0;564;CON
Whitehaven and Workington;Cumbria;72795;4;1604;2785;548;3155;1301;0;0;607;Reform
Widnes and Halewood;Merseyside East and Warrington;71180;4;849;3114;478;3093;1770;0;696;0;LAB
Wigan;Lancashire South;77514;4;982;2437;466;3471;1470;0;0;1175;Reform
Wiltshire East;Wiltshire South;73856;10;2633;1475;1496;2801;930;0;0;665;Reform
Wiltshire South West;Wiltshire South;72809;10;2793;1392;1202;2876;981;0;0;756;Reform
Wimbledon;Wimbledon and Sutton;76329;11;2061;1432;3258;909;1764;0;317;258;LIB
Winchester;Hampshire;78291;12;2099;562;4056;1524;1327;0;0;430;LIB
Windsor;Runnymede;73470;12;2900;1219;1721;2261;1158;0;205;537;CON
Wirral West;Wirral and Chester North;72863;4;2095;3047;891;1701;1684;0;0;582;LAB
Witham;Essex North;79073;9;2584;1428;835;3262;1085;0;0;806;Reform
Witney;Oxfordshire;75447;12;2694;773;2445;2307;1029;0;0;752;CON
Woking;Surrey West and Aldershot;72976;12;2199;635;3779;1656;1313;0;0;419;LIB
Wokingham;Berkshire;73952;12;3028;698;3029;1626;1011;0;0;609;LIB
Wolverhampton North East;Wolverhampton and Walsall;70270;7;1874;1822;659;3487;1405;0;0;753;Reform
Wolverhampton South East;Wolverhampton and Walsall;78243;7;1357;2099;409;3388;1486;0;1262;0;Reform
Wolverhampton West;Wolverhampton and Walsall;78349;7;2272;2325;621;1920;1662;0;242;958;LAB
Worcester;Worcestershire;74932;7;1721;2020;840;2421;2143;0;0;854;Reform
Worcestershire West;Worcestershire;79086;7;2469;953;1818;3070;1126;0;0;564;Reform
Worsley and Eccles;Manchester North West;78344;4;1273;2594;507;2889;1851;0;357;528;Reform
Worthing East and Shoreham;South Coast;74737;12;1961;2501;816;2334;1560;0;0;829;LAB
Worthing West;South Coast;77037;12;2598;2168;635;2644;1196;0;0;759;Reform
Wrekin, The;English Marches;79365;7;2755;1532;822;3051;1063;0;0;777;Reform
Wycombe;Buckinghamshire South;75128;12;2185;1959;1189;1562;1774;0;747;585;CON
Wyre Forest;Worcestershire;77394;7;2519;1579;645;3286;902;0;0;1068;Reform
Wythenshawe and Sale East;Manchester Central and Trafford;77765;4;1068;2718;494;2475;2445;0;549;251;LAB
Yeovil;Somerset East and Weston;79931;10;1973;629;3331;2142;1067;0;0;857;LIB
York Central;York;79559;5;985;3001;585;1912;2930;0;0;587;LAB
York Outer;York;76228;5;2251;2281;1518;1885;1710;0;0;356;LAB
Aberafan Maesteg;West Glamorgan;72363;6;724;1393;547;2790;1338;2582;0;625;Reform
Alyn and Deeside;Clwyd;75790;6;1294;1274;760;2952;1230;1872;0;618;Reform
Bangor Aberconwy;Gogledd Cymru;69022;6;1367;1053;813;2013;1274;3027;0;453;Plaid
Blaenau Gwent and Rhymney;Gwent;70154;6;869;1450;601;1959;1589;2721;141;670;Plaid
Brecon, Radnor and Cwm Tawe;Gorllewin Cymru a'r Canolbarth;73116;6;1741;814;2396;2018;1002;1596;0;431;LIB
Bridgend;Cardiff and Bridgend;72999;6;1199;1278;690;2510;1325;2259;0;739;Reform
Caerfyrddin (Carmarthen);Gorllewin Cymru a'r Canolbarth;74002;6;920;645;580;2432;987;3978;198;259;Plaid
Caerphilly;The Valleys;71666;6;712;982;605;2612;1341;3214;0;535;Plaid
Cardiff East;Cardiff and Bridgend;72872;6;866;1296;1261;1532;2315;2242;0;487;Green
Cardiff North;Cardiff and Bridgend;71336;6;1637;1778;1031;1321;1828;1949;0;456;Plaid
Cardiff South and Penarth;Cardiff and Bridgend;72613;6;957;1340;721;1420;2544;2579;0;440;Plaid
Cardiff West;Cardiff and Bridgend;75800;6;1049;1245;620;1628;1702;3184;0;573;Plaid
Ceredigion Preseli;Gorllewin Cymru a'r Canolbarth;75550;6;628;452;1108;1830;1063;4548;371;0;Plaid
Clwyd East;Clwyd;76639;6;1894;1142;1045;2565;1197;1838;0;319;Reform
Clwyd North;Clwyd;75028;6;2352;1080;689;2819;967;1650;0;442;Reform
Dwyfor Meirionnydd;Gogledd Cymru;73045;6;607;447;499;1976;966;5114;0;391;Plaid
Gower;West Glamorgan;75779;6;1385;1579;836;2214;1438;1992;0;557;Reform
Llanelli;Gorllewin Cymru a'r Canolbarth;71535;6;745;888;527;2994;1062;3208;0;576;Plaid
Merthyr Tydfil and Aberdare;The Valleys;74407;6;693;1256;567;2854;1339;2646;307;339;Reform
Monmouthshire;Gwent;74824;6;2512;1577;993;2315;1123;1067;0;413;CON
Montgomeryshire and Glyndwr;Gogledd Cymru;74048;6;1248;1052;1405;2557;1176;1967;0;595;Reform
Neath and Swansea East;West Glamorgan;77271;6;792;1188;718;2906;1409;2457;0;530;Reform
Newport East;Gwent;76844;6;1183;1293;706;2441;1543;2070;0;764;Reform
Newport West and Islwyn;Gwent;76758;6;1174;1361;676;2440;1377;2263;0;710;Reform
Pembrokeshire Mid and South;Gorllewin Cymru a'r Canolbarth;79169;6;2398;1093;787;2868;908;1497;0;449;Reform
Pontypridd;The Valleys;75601;6;768;1258;581;2382;1505;2736;0;771;Plaid
Rhondda and Ogmore;The Valleys;74571;6;573;1310;475;2868;1403;2784;0;588;Reform
Swansea West;West Glamorgan;73970;6;866;1204;977;2122;1815;2443;0;573;Plaid
Torfaen;Gwent;71737;6;1117;1265;631;2845;1272;2213;0;658;Reform
Vale of Glamorgan;Cardiff and Bridgend;74375;6;1903;1165;1025;2268;1415;1846;0;378;Reform
Wrexham;Clwyd;70267;6;1688;1235;904;2321;1242;2090;0;520;Reform
Ynys Mon (Anglesey);Gogledd Cymru;53140;6;1451;585;707;2350;991;3665;0;252;Plaid
Aberdeen North;Moray and Aberdeenshire;76202;2;1416;1015;613;1531;1131;3643;0;650;SNP
Aberdeen South;Moray and Aberdeenshire;77049;2;2454;741;630;1233;1057;3446;0;439;SNP
Aberdeenshire North and Moray East;Moray and Aberdeenshire;70876;2;3286;32;728;1765;403;3616;0;170;SNP
Aberdeenshire West and Kincardine;Moray and Aberdeenshire;75384;2;3570;174;1294;1070;676;2964;0;252;CON
Airdrie and Shotts;Lanarkshire;68418;2;492;2044;198;1783;1272;3382;0;830;SNP
Alloa and Grangemouth;Forth Valley;71473;2;784;1670;279;1772;1455;3149;114;777;SNP
Angus and Perthshire Glens;Heart of Scotland;74723;2;3026;237;666;1062;492;4156;0;362;SNP
Arbroath and Broughty Ferry;Heart of Scotland;77915;2;1571;1163;509;1543;891;3737;0;585;SNP
Argyll, Bute and South Lochaber;Highlands and Islands;72056;2;2098;469;1639;1132;592;3610;0;459;SNP
Ayr, Carrick and Cumnock;South West Scotland;70295;2;2281;1314;264;1597;1173;2853;0;518;SNP
Ayrshire Central;South West Scotland;69525;2;1509;1665;237;1673;1359;2965;0;592;SNP
Ayrshire North and Arran;South West Scotland;72154;2;1432;1476;238;1593;1341;3377;0;544;SNP
Bathgate and Linlithgow;Forth Valley;72139;2;774;1827;516;1739;1509;2994;0;642;SNP
Berwickshire, Roxburgh and Selkirk;Southern Scotland;75951;2;4064;198;791;1081;803;2746;0;318;CON
Caithness, Sutherland and Easter Ross;Highlands and Islands;75793;2;411;18;4936;956;653;2728;0;298;LIB
Coatbridge and Bellshill;Lanarkshire;73831;2;385;1964;173;1617;1554;3628;0;679;SNP
Cowdenbeath and Kirkcaldy;Fife;71668;2;811;1765;390;1647;1532;3062;0;793;SNP
Cumbernauld and Kirkintilloch;Lanarkshire;71473;2;499;1738;315;1644;1553;3770;0;480;SNP
Dumfries and Galloway;South West Scotland;79554;2;2972;789;457;1501;1003;2920;0;358;CON
Dumfriesshire, Clydesdale and Tweeddale;Southern Scotland;71322;2;3408;654;633;1378;1009;2588;0;330;CON
Dunbartonshire Mid;Dunbartonshire and Glasgow North;72474;2;479;553;4237;878;955;2549;0;350;LIB
Dunbartonshire West;Dunbartonshire and Glasgow North;68781;2;400;1914;212;1629;1593;3641;0;611;SNP
Dundee Central;Heart of Scotland;72961;2;427;1402;618;1369;995;4231;88;872;SNP
Dunfermline and Dollar;Fife;71269;2;767;1762;713;1527;1617;2981;0;633;SNP
East Kilbride and Strathaven;Clyde Valley;76415;2;787;1903;230;1649;1598;3196;0;637;SNP
Edinburgh East and Musselburgh;Edinburgh;76094;2;594;1546;427;1275;2081;3552;0;525;SNP
Edinburgh North and Leith;Edinburgh;82933;2;682;1586;783;1189;2169;2984;0;607;SNP
Edinburgh South;Edinburgh;69057;2;884;2136;586;1397;2223;1952;0;822;Green
Edinburgh South West;Edinburgh;74691;2;1241;1528;659;1259;1805;2968;0;540;SNP
Edinburgh West;Edinburgh;73236;2;564;266;5077;807;905;2056;0;325;LIB
Falkirk;Forth Valley;74200;2;864;1634;256;1629;1496;3384;0;738;SNP
Fife North East;Fife;69762;2;399;23;5472;779;764;2405;0;159;LIB
Glasgow East;Clyde Valley;69492;2;507;1673;246;1519;1881;3574;0;600;SNP
Glasgow North;Dunbartonshire and Glasgow North;69255;2;418;1592;328;1300;2295;3448;0;618;SNP
Glasgow North East;Dunbartonshire and Glasgow North;70329;2;373;1772;173;1549;1879;3494;0;760;SNP
Glasgow South;Renfrewshire and Glasgow South;70608;2;406;1571;310;1226;2378;3442;0;666;SNP
Glasgow South West;Renfrewshire and Glasgow South;68078;2;414;1661;268;1473;1871;3694;0;618;SNP
Glasgow West;Dunbartonshire and Glasgow North;69874;2;458;1811;329;1421;2089;3321;0;571;SNP
Glenrothes and Mid Fife;Fife;70980;2;572;1693;443;1833;1120;3867;0;472;SNP
Gordon and Buchan;Moray and Aberdeenshire;66002;2;3298;58;1665;1206;415;3184;0;175;CON
Hamilton and Clyde Valley;Clyde Valley;75044;2;1119;1970;359;1732;1240;3030;0;550;SNP
Inverclyde and Renfrewshire West;Renfrewshire and Glasgow South;69070;2;736;1823;312;1513;1467;3384;0;765;SNP
Inverness, Skye and West Ross-shire;Highlands and Islands;77708;2;531;170;3778;965;887;3436;0;232;LIB
Kilmarnock and Loudoun;South West Scotland;74586;2;856;1723;200;1684;1424;3542;0;572;SNP
Livingston;Forth Valley;78088;2;798;1528;451;1689;1429;3542;0;564;SNP
Lothian East;Southern Scotland;75157;2;1179;1923;550;1564;1734;2421;0;630;SNP
Midlothian;Southern Scotland;73916;2;763;1907;586;1669;1212;3294;0;570;SNP
Moray West, Nairn and Strathspey;Moray and Aberdeenshire;76222;2;3012;401;812;1180;923;3344;0;328;SNP
Motherwell, Wishaw and Carluke;Lanarkshire;72884;2;647;1930;210;1704;1530;3378;0;601;SNP
Na h-Eileanan An Iar (Western Isles);Highlands and Islands;21236;2;506;1947;282;1455;1230;2395;0;2184;SNP
Orkney and Shetland;Highlands and Islands;34235;2;290;18;5505;988;1278;1800;0;122;LIB
Paisley and Renfrewshire North;Renfrewshire and Glasgow South;71361;2;667;1832;331;1680;1534;3458;0;497;SNP
Paisley and Renfrewshire South;Renfrewshire and Glasgow South;72316;2;565;1848;318;1624;1605;3436;0;604;SNP
Perth and Kinross-shire;Heart of Scotland;78299;2;2969;414;734;1028;569;3911;0;375;SNP
Renfrewshire East;Renfrewshire and Glasgow South;73380;2;1716;1665;229;1317;1409;2946;0;718;SNP
Rutherglen;Clyde Valley;72674;2;598;1998;403;1589;1252;3277;0;883;SNP
Stirling and Strathallan;Heart of Scotland;76687;2;1923;1187;508;1321;1368;3314;0;380;SNP
Antrim East;Antrim and the Lagan Valley;73302;1;9497;886;11479;10142;4102;2969;0;599;UNK
Antrim North;Antrim and the Lagan Valley;74697;1;3926;1650;11212;4474;11608;7690;0;624;UNK
Antrim South;Antrim and the Lagan Valley;77058;1;16333;1579;8816;4559;2671;8009;0;941;UNK
Belfast East;Belfast;72917;1;1829;615;19902;17203;1902;0;0;1255;UNK
Belfast North;Belfast;74240;1;21;1404;12079;4260;2853;17651;0;2184;UNK
Belfast South and Mid Down;Belfast;74749;1;2672;21317;6874;8824;2200;0;0;1605;UNK
Belfast West;Belfast;75346;1;482;4293;4321;1073;1993;20986;5048;1547;UNK
Down North;Armagh and Down;73885;1;6760;653;5;13593;0;0;20913;1373;UNK
Down South;Armagh and Down;76248;1;1436;10389;7369;3176;1877;19672;0;1324;UNK
Fermanagh and South Tyrone;Ulster West;77828;1;20289;2371;13;2412;0;24815;0;1177;UNK
Foyle;Ulster West;73496;1;1438;15623;3927;1264;0;11459;0;4648;UNK
Lagan Valley;Antrim and the Lagan Valley;82201;1;11170;1021;15669;18601;2168;0;0;452;UNK
Londonderry East;Ulster West;75707;1;3442;5234;11529;3721;4329;11303;0;1719;UNK
Newry and Armagh;Armagh and Down;78244;1;3205;6777;5924;2683;4065;22273;0;1016;UNK
Strangford;Armagh and Down;74525;1;3961;1772;15575;10414;3117;2777;0;1292;UNK
Tyrone West;Ulster West;74269;1;2708;5793;6814;2279;2509;22686;0;906;UNK
Ulster Mid;Ulster West;74000;1;2294;3698;9182;1994;2954;24059;0;1265;UNK
Upper Bann;Armagh and Down;81249;1;3678;1486;21655;6305;0;14209;0;24;UNK
