Seat Name;County;Area;Electorate;CON;LAB;LIB;UKIP;Green;NAT;MIN;OTH;Turnout;Predicted Winner (with TV);Winner 2024
Aldershot;Surrey West and Aldershot;12;78569;2255;1936;1162;2486;1522;000;000;639;62%;Reform;LAB
Aldridge-Brownhills;Wolverhampton and Walsall;7;72009;3825;861;330;3568;538;000;000;878;59%;CON;CON
Altrincham and Sale West;Manchester Central and Trafford;4;74025;2714;2452;855;1688;1767;000;524;000;68%;CON;LAB
Amber Valley;Derbyshire North;8;71653;1910;2085;588;3310;1353;000;000;754;59%;Reform;LAB
Arundel and South Downs;Sussex West;12;77929;4034;601;702;3222;823;000;000;618;71%;CON;CON
Ashfield;Nottinghamshire North;8;68958;879;1508;401;4781;1128;000;1303;000;58%;Reform;Reform
Ashford;Kent South;12;76212;1872;1504;850;3195;1844;000;000;735;64%;Reform;LAB
Ashton-under-Lyne;Manchester East;4;71258;1078;2254;450;3220;1868;000;1131;000;50%;Reform;LAB
Aylesbury;Buckinghamshire North;12;78712;2380;1480;1985;1943;1611;000;491;110;64%;CON;LAB
Banbury;Oxfordshire;12;73194;2695;2006;866;2406;1210;000;000;817;65%;CON;LAB
Barking;Dagenham and Redbridge;11;80608;1104;2064;363;2268;2723;000;1107;372;45%;Green;LAB
Barnsley North;Barnsley and Sheffield West;5;78364;341;3743;136;4330;467;000;000;982;53%;Reform;LAB
Barnsley South;Barnsley and Sheffield West;5;75839;466;3190;196;4538;625;000;000;984;52%;Reform;LAB
Barrow and Furness;Cumbria;4;75100;2396;2290;507;3067;1133;000;000;607;58%;Reform;LAB
Basildon and Billericay;Essex South West;9;76109;3651;810;265;3705;599;000;000;970;58%;Reform;CON
Basildon South and East Thurrock;Essex South West;9;73673;2369;1239;461;3847;944;000;000;1140;57%;Reform;Reform
Basingstoke;Hampshire;12;79534;2176;1974;1072;2375;1826;000;000;577;64%;Reform;LAB
Bassetlaw;Nottinghamshire North;8;78174;1882;1951;689;3674;1362;000;000;441;58%;Reform;LAB
Bath;Avon South;10;69656;1361;1255;2811;1330;2447;000;084;712;71%;LIB;LIB
Battersea;Lambeth and Wandsworth;11;73388;1825;2839;974;964;2713;000;270;415;65%;LAB;LAB
Beaconsfield;Buckinghamshire South;12;73355;3094;1018;2094;2236;875;000;000;683;66%;CON;CON
Beckenham and Penge;Croydon;11;76534;2039;2893;957;1440;2014;000;000;657;67%;LAB;LAB
Bedford;Bedfordshire;9;72601;1904;2167;963;1975;1956;000;422;612;56%;LAB;LAB
Bedfordshire Mid;Bedfordshire;9;76212;4182;949;399;2958;685;000;000;827;66%;CON;CON
Bedfordshire North;Bedfordshire;9;78473;4218;827;536;3230;649;000;000;540;65%;CON;CON
Bermondsey and Old Southwark;South East London;11;69474;842;2416;1317;1313;3408;000;000;704;56%;Green;LAB
Bethnal Green and Stepney;Hackney and Tower Hamlets;11;81921;569;1771;726;852;4148;000;000;1935;51%;Green;LAB
Beverley and Holderness;East Yorkshire;5;70560;3953;1295;522;2869;745;000;000;616;64%;CON;CON
Bexhill and Battle;Sussex East;12;72208;3914;810;360;3348;586;000;000;982;67%;CON;CON
Bexleyheath and Crayford;Bexley and Bromley;11;69470;3789;1249;357;2942;772;000;000;892;62%;CON;LAB
Bicester and Woodstock;Oxfordshire;12;74350;2171;945;3030;1941;1422;000;000;491;70%;LIB;LIB
Birkenhead;Wirral and Chester North;4;78091;609;2531;496;2376;3277;000;000;710;61%;Green;LAB
Birmingham Edgbaston;Birmingham South;7;71788;1836;2360;724;1656;2226;000;000;1198;52%;LAB;LAB
Birmingham Erdington;Birmingham North;7;77919;1278;2050;450;2888;1792;000;000;1543;48%;Reform;LAB
Birmingham Hall Green and Moseley;Birmingham South;7;76428;928;1869;756;1034;3001;000;000;2413;48%;Green;LAB
Birmingham Hodge Hill and Solihull North;Birmingham North;7;78086;1037;1550;360;2634;2059;000;2361;000;44%;Reform;LAB
Birmingham Ladywood;Birmingham North;7;83693;627;2093;373;1031;3798;000;000;2078;40%;Green;LAB
Birmingham Northfield;Birmingham South;7;73006;1826;1994;615;2764;1738;000;000;1063;53%;Reform;LAB
Birmingham Perry Barr;Birmingham North;7;75895;1170;1754;458;1333;2671;000;000;2614;44%;Green;MIN
Birmingham Selly Oak;Birmingham South;7;77228;1129;2235;553;2218;2602;000;000;1263;55%;Green;LAB
Birmingham Yardley;Birmingham South;7;73203;1123;1468;855;1840;2311;000;2404;000;46%;MIN;LAB
Bishop Auckland;County Durham;3;70414;1523;2803;533;3495;1070;000;000;577;54%;Reform;LAB
Blackburn;Lancashire East;4;73256;954;1660;383;1902;2415;000;2685;000;45%;MIN;MIN
Blackley and Middleton South;Manchester North East;4;73078;919;2605;438;2914;2371;000;000;753;44%;Reform;LAB
Blackpool North and Fleetwood;Lancashire West;4;73036;1982;2073;726;3421;1250;000;000;547;58%;Reform;LAB
Blackpool South;Lancashire West;4;77762;548;3523;168;4172;566;000;000;1023;51%;Reform;LAB
Blaydon and Consett;County Durham;3;71025;418;4426;163;3871;480;000;000;643;60%;LAB;LAB
Blyth and Ashington;Northumberland;3;76432;406;4197;146;4169;469;000;000;612;53%;LAB;LAB
Bognor Regis and Littlehampton;South Coast;12;77707;3890;790;416;3542;532;000;000;830;63%;CON;CON
Bolsover;Derbyshire North;8;77207;1846;2099;537;3312;1566;000;000;640;55%;Reform;LAB
Bolton North East;Manchester North West;4;81016;1809;2190;597;2344;2048;000;718;294;52%;Reform;LAB
Bolton South and Walkden;Manchester North West;4;78624;1028;2061;430;3003;2153;000;1213;112;46%;Reform;LAB
Bolton West;Manchester North West;4;74927;2181;1909;917;2651;1904;000;000;437;59%;Reform;LAB
Bootle;Merseyside East and Liverpool;4;73037;607;3633;503;2397;2138;000;722;000;55%;LAB;LAB
Boston and Skegness;Lincolnshire South;8;75813;3288;511;213;4871;391;000;000;727;57%;Reform;Reform
Bournemouth East;Bournemouth;10;72354;1944;1904;1009;2551;1872;000;000;720;64%;Reform;LAB
Bournemouth West;Bournemouth;10;70258;1980;1620;1260;2629;1871;000;000;640;60%;Reform;LAB
Bracknell;Berkshire;12;73125;4133;926;425;2994;724;000;000;799;62%;CON;LAB
Bradford East;Bradford;5;75684;1003;2034;620;1789;2672;000;000;1883;44%;Green;LAB
Bradford South;Bradford;5;70469;1062;1852;417;2980;2202;000;166;1321;48%;Reform;LAB
Bradford West;Bradford;5;77898;848;1869;409;1203;3295;000;000;2377;39%;Green;LAB
Braintree;Essex North;9;77779;3690;777;367;3878;576;000;000;713;63%;Reform;CON
Brent East;Brent Harrow Barnet;11;77258;1222;2672;548;1607;2784;000;330;837;48%;Green;LAB
Brent West;Brent Harrow Barnet;11;79936;3069;2073;614;1421;1857;000;967;000;49%;CON;LAB
Brentford and Isleworth;South West London;11;79283;2009;2335;844;1523;2250;000;882;156;55%;LAB;LAB
Brentwood and Ongar;Essex South West;9;74303;4110;677;562;3440;506;000;000;705;65%;CON;CON
Bridgwater;Somerset West and Barnstaple;10;73137;3556;879;608;3341;604;000;338;673;59%;CON;CON
Bridlington and the Wolds;East Yorkshire;5;73298;3924;821;347;3700;511;000;000;698;60%;CON;CON
Brigg and Immingham;Lincolnshire North;5;74009;3854;1001;339;3526;591;000;000;690;58%;CON;CON
Brighton Kemptown and Peacehaven;South Coast;12;69586;1528;2301;825;1540;2940;000;000;865;60%;Green;LAB
Brighton Pavilion;South Coast;12;74164;590;1538;348;1004;5931;000;000;589;77%;Green;Green
Bristol Central;Avon North;10;62735;264;1349;252;622;7127;000;000;387;81%;Green;Green
Bristol East;Avon South;10;75915;792;2030;512;1313;4485;000;000;868;67%;Green;LAB
Bristol North East;Avon North;10;70076;1006;2206;489;2338;2965;000;000;995;63%;Green;LAB
Bristol North West;Avon North;10;74870;1141;2634;852;1706;2879;000;000;788;68%;Green;LAB
Bristol South;Avon South;10;75534;837;1955;559;2294;3475;000;000;879;64%;Green;LAB
Broadland and Fakenham;Norfolk North;9;76859;4096;907;477;3114;695;000;000;712;66%;CON;CON
Bromley and Biggin Hill;Bexley and Bromley;11;71209;3062;1837;869;2358;1175;000;000;699;67%;CON;CON
Bromsgrove;Worcestershire;7;76469;4153;807;540;3103;542;000;072;784;67%;CON;CON
Broxbourne;Hertfordshire East;9;75185;3897;864;380;3385;643;000;000;831;58%;CON;CON
Broxtowe;Nottinghamshire South;8;71925;1948;2338;955;2332;1811;000;168;448;64%;LAB;LAB
Buckingham and Bletchley;Buckinghamshire North;12;74469;2936;1828;753;2536;1180;000;000;768;63%;CON;LAB
Buckinghamshire Mid;Buckinghamshire South;12;74687;2830;1142;2047;2260;1032;000;000;688;70%;CON;CON
Burnley;Lancashire East;4;74952;1553;1875;1520;2547;1745;000;000;759;50%;Reform;LAB
Burton and Uttoxeter;Staffordshire South;7;78158;3119;1290;342;3365;804;000;1079;000;59%;Reform;LAB
Bury North;Manchester North East;4;77764;2034;2306;742;2523;1732;000;460;203;57%;Reform;LAB
Bury South;Manchester North East;4;75280;1802;2537;660;2316;1880;000;483;322;56%;LAB;LAB
Bury St Edmunds and Stowmarket;Suffolk West and Ipswich;9;77598;1932;1659;943;2755;1970;000;000;741;69%;Reform;LAB
Calder Valley;Huddersfield and Halifax;5;77289;2000;2749;759;2026;1793;000;000;672;62%;LAB;LAB
Camborne and Redruth;Cornwall;10;74420;1754;2263;1032;2818;1398;000;000;735;61%;Reform;LAB
Cambridge;Cambridgeshire South;9;70316;931;2567;1199;951;3622;000;341;389;65%;Green;LAB
Cambridgeshire North East;Cambridgeshire North;9;71509;3706;580;381;3881;463;000;164;825;58%;Reform;CON
Cambridgeshire North West;Cambridgeshire North;9;75916;3949;877;339;3358;751;000;000;726;61%;CON;LAB
Cambridgeshire South;Cambridgeshire South;9;77327;2453;550;4284;1272;1015;000;000;425;72%;LIB;LIB
Cannock Chase;Staffordshire South;7;76973;1867;1595;634;3902;1273;000;000;730;60%;Reform;LAB
Canterbury;Kent East;12;71170;1840;2176;880;2130;2267;000;000;707;66%;Green;LAB
Carlisle;Cumbria;4;78328;1990;1897;951;3126;1522;000;000;514;61%;Reform;LAB
Carshalton and Wallington;Wimbledon and Sutton;11;74364;2235;964;3048;1634;1306;000;474;340;61%;LIB;LIB
Castle Point;Essex South East;9;70093;3208;499;250;5218;392;000;000;432;61%;Reform;CON
Chatham and Aylesford;Medway and Maidstone;12;78274;2199;1518;825;3206;1430;000;351;472;58%;Reform;LAB
Cheadle;Manchester East;4;73825;2007;1282;3359;1344;1493;000;456;059;65%;LIB;LIB
Chelmsford;Essex South East;9;76974;2556;655;3232;1884;1169;000;090;415;68%;LIB;LIB
Chelsea and Fulham;West London;11;78467;2831;2244;905;1676;1741;000;538;065;60%;CON;LAB
Cheltenham;Gloucestershire;10;75995;3308;113;4841;858;425;000;000;456;65%;LIB;LIB
Chesham and Amersham;Buckinghamshire South;12;74500;3555;168;4252;1114;325;000;473;113;71%;LIB;LIB
Cheshire Mid;Cheshire;4;70385;1228;3452;473;3119;992;000;000;735;59%;LAB;LAB
Chester North and Neston;Wirral and Chester North;4;70215;1829;2897;674;2064;2040;000;000;497;62%;LAB;LAB
Chester South and Eddisbury;Cheshire;4;74286;2858;2096;1157;2190;1092;000;000;606;68%;CON;CON
Chesterfield;Derbyshire North;8;71075;1026;3610;391;3326;990;000;267;390;57%;LAB;LAB
Chichester;Sussex West;12;78273;2164;603;3323;2126;1046;000;000;738;68%;LIB;LIB
Chingford and Woodford Green;Lea Valley;11;75240;2763;1584;562;1974;1249;000;000;1867;59%;CON;CON
Chippenham;Swindon and Chippenham;10;74002;2212;605;3531;2047;1124;000;000;482;69%;LIB;LIB
Chipping Barnet;Brent Harrow Barnet;11;78038;2815;2336;737;2052;1487;000;000;573;62%;CON;LAB
Chorley;Lancashire South;4;74573;528;3649;362;2083;2327;000;000;1052;53%;LAB;LAB
Christchurch;Bournemouth;10;71065;3853;528;764;3693;417;000;000;745;67%;CON;CON
Cities of London and Westminster;Central London;11;73369;2603;2277;933;1317;1992;000;460;419;56%;CON;LAB
Clacton;Essex North;9;78704;2782;437;352;5265;444;000;000;722;62%;Reform;Reform
Clapham and Brixton Hill;Lambeth and Wandsworth;11;73505;898;2989;816;1143;3610;000;000;543;60%;Green;LAB
Colchester;Essex North;9;78873;1869;2163;1199;2098;1874;000;000;796;59%;LAB;LAB
Colne Valley;Huddersfield and Halifax;5;73032;2204;2171;856;2387;1964;000;000;417;62%;Reform;LAB
Congleton;Cheshire;4;74241;2616;2347;701;2424;1119;000;000;794;66%;CON;LAB
Corby and East Northamptonshire;Northamptonshire;8;78331;2030;2218;902;2796;1648;000;000;405;60%;Reform;LAB
Cornwall North;Cornwall;10;76831;1406;317;4210;3023;592;000;000;452;68%;LIB;LIB
Cornwall South East;Cornwall;10;72729;1908;1669;1742;3110;1114;000;000;458;66%;Reform;LAB
Cotswolds North;Gloucestershire;10;72483;2758;1108;1868;2365;1161;000;000;741;70%;CON;CON
Cotswolds South;Swindon and Chippenham;10;72029;3734;183;3943;1155;322;000;000;663;72%;LIB;LIB
Coventry East;Coventry and Meriden;7;75818;1170;2671;401;2948;1541;000;714;554;51%;Reform;LAB
Coventry North West;Coventry and Meriden;7;75066;1620;2484;670;2314;1890;000;000;1022;57%;LAB;LAB
Coventry South;Coventry and Meriden;7;76236;1969;2569;738;1754;1985;000;476;508;56%;LAB;LAB
Cramlington and Killingworth;Northumberland;3;76008;521;4414;149;3610;492;000;000;814;61%;LAB;LAB
Crawley;Sussex West;12;75568;2019;1856;798;2684;1709;000;833;101;59%;Reform;LAB
Crewe and Nantwich;Cheshire;4;78424;1595;2936;555;2876;1233;000;248;557;59%;LAB;LAB
Croydon East;Croydon;11;76713;2098;2200;1002;1952;2180;000;000;568;57%;LAB;LAB
Croydon South;Croydon;11;74969;3175;2152;1049;1589;1350;000;534;151;64%;CON;CON
Croydon West;Croydon;11;77889;1365;2699;609;1602;2868;000;416;441;50%;Green;LAB
Dagenham and Rainham;Dagenham and Redbridge;11;75829;1480;1854;413;3329;1892;000;000;1033;52%;Reform;LAB
Darlington;Teesside;3;70762;2479;2085;495;2957;1421;000;000;563;59%;Reform;LAB
Dartford;Kent West;12;75426;3969;1068;301;2900;865;000;000;896;60%;CON;LAB
Daventry;Northamptonshire;8;79814;4298;957;513;2983;701;000;000;550;64%;CON;CON
Derby North;Derbyshire South;8;73384;1914;2559;674;2099;2075;000;000;679;56%;LAB;LAB
Derby South;Derbyshire South;8;71511;1218;2003;533;2899;1982;000;1292;072;49%;Reform;LAB
Derbyshire Dales;Derbyshire North;8;72887;2850;2030;908;2408;1229;000;000;575;69%;CON;LAB
Derbyshire Mid;Derbyshire South;8;69561;2617;2230;649;2471;1397;000;205;431;67%;CON;LAB
Derbyshire North East;Derbyshire North;8;73716;2956;1900;494;3070;1033;000;000;548;62%;Reform;LAB
Derbyshire South;Derbyshire South;8;73714;2144;2062;819;2900;1486;000;000;588;62%;Reform;LAB
Devon Central;Devon Central and East;10;75630;3617;1243;877;2667;908;000;000;689;71%;CON;CON
Devon North;Somerset West and Barnstaple;10;79081;1769;460;3522;2778;922;000;000;548;67%;LIB;LIB
Devon South;Devon South;10;70753;2533;678;2817;2329;876;000;000;767;69%;LIB;LIB
Devon South West;Devon South;10;77600;4135;871;456;3209;630;000;000;700;68%;CON;CON
Dewsbury and Batley;Wakefield and Dewsbury;5;71708;1103;1485;564;2082;2360;000;2407;000;46%;MIN;MIN
Didcot and Wantage;Oxfordshire;12;80690;2154;849;3074;2039;1419;000;000;464;70%;LIB;LIB
Doncaster Central;Doncaster and Rotherham;5;74678;788;3803;225;3694;688;000;406;397;49%;LAB;LAB
Doncaster East and the Isle of Axholme;Doncaster and Rotherham;5;70154;2539;2063;477;3315;996;000;000;610;56%;Reform;LAB
Doncaster North;Doncaster and Rotherham;5;69758;1594;2826;644;2090;1795;000;000;1050;43%;LAB;LAB
Dorking and Horley;Surrey East;12;71883;2784;660;2647;2224;1025;000;000;659;70%;CON;LIB
Dorset Mid and North Poole;Dorset;10;75175;3812;128;4199;1091;279;000;000;491;67%;LIB;LIB
Dorset North;Dorset;10;72690;2676;730;2432;2675;754;000;000;733;68%;CON;CON
Dorset South;Dorset;10;76044;2128;1476;1664;2842;1296;000;000;595;67%;Reform;LAB
Dorset West;Dorset;10;75997;3195;242;4365;1255;442;000;000;501;69%;LIB;LIB
Dover and Deal;Kent East;12;76405;1789;2118;762;2913;1314;000;077;1028;63%;Reform;LAB
Droitwich and Evesham;Worcestershire;7;76802;3982;691;510;3389;648;000;000;780;66%;CON;CON
Dudley;Black Country;7;70137;2192;1343;608;3827;1141;000;342;547;54%;Reform;LAB
Dulwich and West Norwood;Lambeth and Wandsworth;11;74868;809;3216;595;1158;3715;000;000;507;63%;Green;LAB
Dunstable and Leighton Buzzard;Bedfordshire;9;76743;4108;857;511;3172;676;000;000;676;62%;CON;LAB
Durham North;County Durham;3;72339;798;3130;554;3787;1010;000;536;185;56%;Reform;LAB
Durham, City of;County Durham;3;71080;1100;2449;1111;2409;2322;000;000;608;60%;LAB;LAB
Ealing Central and Acton;West London;11;78436;1455;2517;978;1275;2870;000;645;260;62%;Green;LAB
Ealing North;Southall;11;74819;1491;2526;550;1852;2335;000;1008;237;56%;LAB;LAB
Ealing Southall;Southall;11;78669;1391;2657;595;1282;2524;000;961;589;56%;LAB;LAB
Earley and Woodley;Berkshire;12;74577;2962;2015;1328;1553;1603;000;000;539;61%;CON;LAB
Easington;County Durham;3;69268;326;3937;122;4361;430;000;000;824;49%;Reform;LAB
East Grinstead and Uckfield;Sussex East;12;75298;2490;1295;1680;2076;1519;000;000;940;67%;CON;CON
East Ham;Lea Valley;11;79090;957;2453;410;1091;3346;000;000;1742;43%;Green;LAB
Eastbourne;Sussex East;12;72592;2006;677;3569;1851;1092;000;000;805;63%;LIB;LIB
Eastleigh;Southampton;12;69966;2823;905;2269;2315;1070;000;000;618;66%;CON;LIB
Edmonton and Winchmore Hill;Enfield and Haringey;11;75793;1461;2624;634;1788;2374;000;274;846;54%;LAB;LAB
Ellesmere Port and Bromborough;Wirral and Chester North;4;70798;778;3504;446;2956;1626;000;000;690;62%;LAB;LAB
Eltham and Chislehurst;Bexley and Bromley;11;73843;2101;2402;716;2134;1778;000;334;535;61%;LAB;LAB
Ely and East Cambridgeshire;Cambridgeshire South;9;79113;2789;1132;2173;2102;1055;000;000;749;67%;CON;LIB
Enfield North;Enfield and Haringey;11;78769;1644;2640;675;1762;2263;000;321;695;53%;LAB;LAB
Epping Forest;Essex South West;9;72966;3994;1032;785;2439;847;000;000;903;60%;CON;CON
Epsom and Ewell;Surrey East;12;77529;2763;1000;2418;2258;991;000;000;569;69%;CON;LIB
Erewash;Derbyshire South;8;71497;1961;2315;696;2699;1567;000;000;760;59%;Reform;LAB
Erith and Thamesmead;Bexley and Bromley;11;79110;1243;2677;451;2379;2332;000;773;144;52%;LAB;LAB
Esher and Walton;Runnymede;12;74044;2531;400;4460;1410;818;000;000;380;73%;LIB;LIB
Essex North West;Essex North;9;79826;4141;934;578;3058;645;000;000;644;67%;CON;CON
Exeter;Devon Central and East;10;67840;1108;2194;759;2246;2852;000;000;841;65%;Green;LAB
Exmouth and Exeter East;Devon Central and East;10;79984;2142;1487;1949;2479;1341;000;000;601;66%;Reform;CON
Fareham and Waterlooville;Portsmouth;12;77796;4112;729;770;3113;557;000;000;718;65%;CON;CON
Farnham and Bordon;Surrey West and Aldershot;12;75857;2666;932;2475;2528;926;000;000;473;69%;CON;CON
Faversham and Mid Kent;Medway and Maidstone;12;74683;3785;789;365;3531;767;000;000;763;65%;CON;CON
Feltham and Heston;South West London;11;76985;1937;2114;558;1850;1952;000;691;897;47%;LAB;LAB
Filton and Bradley Stoke;Avon North;10;77584;2074;2546;923;1737;1918;000;000;802;65%;LAB;LAB
Finchley and Golders Green;Brent Harrow Barnet;11;77500;2597;2489;877;1659;1718;000;000;660;61%;CON;LAB
Folkestone and Hythe;Kent South;12;70055;1769;1786;626;3203;1598;000;000;1018;64%;Reform;LAB
Forest of Dean;Gloucestershire;10;72052;2641;1485;521;3386;1268;000;000;699;69%;Reform;LAB
Frome and East Somerset;Somerset East and Weston;10;71108;1732;1028;2435;2101;1786;000;000;918;67%;LIB;LIB
Fylde;Lancashire West;4;77101;3387;1555;484;2765;776;000;000;1032;63%;CON;CON
Gainsborough;Lincolnshire North;8;75834;4074;823;527;3516;568;000;000;491;61%;CON;CON
Gateshead Central and Whickham;Tyne and Wear South;3;69929;1120;2413;975;2762;1931;000;000;801;59%;Reform;LAB
Gedling;Nottinghamshire South;8;77002;1909;2720;671;2316;1799;000;000;585;61%;LAB;LAB
Gillingham and Rainham;Medway and Maidstone;12;73868;2080;1811;866;2976;1501;000;000;767;58%;Reform;LAB
Glastonbury and Somerton;Somerset East and Weston;10;72574;2170;549;3359;2352;1064;000;000;506;68%;LIB;LIB
Gloucester;Gloucestershire;10;79475;2302;1559;1190;2642;1554;000;406;346;60%;Reform;LAB
Godalming and Ash;Surrey West and Aldershot;12;74199;3824;209;3725;1394;361;000;000;487;72%;CON;CON
Goole and Pocklington;East Yorkshire;5;77920;4169;933;432;3354;629;000;000;483;63%;CON;CON
Gorton and Denton;Manchester East;4;77902;784;2579;440;2203;3047;000;947;000;45%;Green;LAB
Gosport;Portsmouth;12;73266;4194;707;477;3338;548;000;000;736;62%;CON;CON
Grantham and Bourne;Lincolnshire South;8;73104;3814;825;337;3664;630;000;000;730;61%;CON;CON
Gravesham;Kent West;12;73088;3629;1228;300;3232;765;000;000;846;60%;CON;LAB
Great Grimsby and Cleethorpes;Lincolnshire North;5;78875;1718;2062;555;3453;1354;000;000;859;48%;Reform;LAB
Great Yarmouth;Norfolk North;9;73318;1905;1618;552;3627;1002;000;000;1296;58%;Reform;Reform
Greenwich and Woolwich;South East London;11;73728;1058;2913;655;1534;3097;000;401;341;59%;Green;LAB
Guildford;Surrey West and Aldershot;12;70734;2461;517;4038;1427;1153;000;000;405;70%;LIB;LIB
Hackney North and Stoke Newington;Hackney and Tower Hamlets;11;77798;708;2909;451;1062;4158;000;000;712;58%;Green;LAB
Hackney South and Shoreditch;Hackney and Tower Hamlets;11;78263;581;2868;418;1103;4417;000;468;144;56%;Green;LAB
Halesowen;Black Country;7;68480;2045;1770;935;3006;1507;000;000;736;58%;Reform;LAB
Halifax;Huddersfield and Halifax;5;77589;1371;1955;586;2809;2105;000;764;410;53%;Reform;LAB
Hamble Valley;Southampton;12;80430;2863;984;2106;2544;919;000;000;584;67%;CON;CON
Hammersmith and Chiswick;West London;11;75861;1443;2942;793;1319;2672;000;247;584;62%;LAB;LAB
Hampshire East;Hampshire;12;70916;2806;768;2521;2401;893;000;000;611;70%;CON;CON
Hampshire North East;Hampshire;12;76975;2801;714;2768;2455;766;000;000;496;71%;CON;LIB
Hampshire North West;Hampshire;12;78627;4244;851;678;2853;693;000;000;681;65%;CON;CON
Hampstead and Highgate;Central London;11;79973;1385;2629;1019;1190;3016;000;000;761;64%;Green;LAB
Harborough, Oadby and Wigston;Leicestershire East and Rutland;8;77407;3018;1737;1092;2147;1562;000;000;444;62%;CON;CON
Harlow;Essex South West;9;74995;3368;1317;337;3244;841;000;000;893;59%;CON;LAB
Harpenden and Berkhamsted;Hertfordshire West;9;72004;2967;170;5180;873;423;000;000;386;77%;LIB;LIB
Harrogate and Knaresborough;York;5;77534;2224;771;3586;1777;1251;000;000;391;67%;LIB;LIB
Harrow East;Brent Harrow Barnet;11;76386;4212;1625;716;1292;1161;000;255;740;59%;CON;CON
Harrow West;Brent Harrow Barnet;11;79903;2418;2171;834;1425;2211;000;000;941;54%;CON;LAB
Hartlepool;County Durham;3;71437;1444;2657;384;3555;1093;000;178;689;50%;Reform;LAB
Harwich and North Essex;Essex North;9;76368;4092;918;358;3261;652;000;000;719;64%;CON;CON
Hastings and Rye;Sussex East;12;75940;1551;2115;718;2531;2161;000;534;391;63%;Reform;LAB
Havant;Portsmouth;12;72347;3250;947;399;3850;757;000;796;000;61%;Reform;CON
Hayes and Harlington;Southall;11;74405;1983;2549;547;1680;2124;000;1117;000;47%;LAB;LAB
Hazel Grove;Manchester East;4;73397;1753;1581;2653;1975;1496;000;000;542;62%;LIB;LIB
Hemel Hempstead;Hertfordshire West;9;71036;2139;1796;1393;2467;1626;000;000;578;64%;Reform;LAB
Hendon;Brent Harrow Barnet;11;74866;2859;1958;698;1968;1693;000;662;162;53%;CON;LAB
Henley and Thame;Oxfordshire;12;73748;2939;519;3066;1925;899;000;000;651;73%;LIB;LIB
Hereford and South Herefordshire;English Marches;7;72203;3956;809;469;3352;677;000;000;737;65%;CON;CON
Herefordshire North;English Marches;7;72798;2390;593;485;2890;2818;000;000;824;69%;Reform;Green
Herne Bay and Sandwich;Kent East;12;77842;3535;956;414;3748;660;000;000;688;63%;Reform;CON
Hertford and Stortford;Hertfordshire East;9;78710;1982;1871;1091;2465;2030;000;000;562;71%;Reform;LAB
Hertfordshire North East;Hertfordshire East;9;77326;3489;1397;650;2756;1029;000;000;678;68%;CON;LAB
Hertfordshire South West;Hertfordshire West;9;71352;3110;1185;1694;2087;1126;000;000;799;68%;CON;CON
Hertsmere;Hertfordshire West;9;73519;4591;833;456;2778;624;000;000;719;65%;CON;CON
Hexham;Northumberland;3;75342;2734;2754;826;1861;1270;000;000;556;65%;LAB;LAB
Heywood and Middleton North;Manchester North East;4;74392;805;3141;293;3626;754;000;000;1381;51%;Reform;LAB
High Peak;Derbyshire North;8;74387;2027;2485;773;2510;1820;000;000;385;65%;Reform;LAB
Hinckley and Bosworth;Leicestershire West;8;76431;4116;645;1005;3128;624;000;000;482;62%;CON;CON
Hitchin;Hertfordshire East;9;75138;2182;2261;1280;2113;1662;000;000;502;69%;LAB;LAB
Holborn and St Pancras;Central London;11;71356;729;2617;490;1239;3357;000;1381;188;54%;Green;LAB
Honiton and Sidmouth;Devon Central and East;10;74727;2680;592;2687;2671;707;000;000;662;68%;LIB;LIB
Hornchurch and Upminster;Dagenham and Redbridge;11;75504;3668;660;255;4282;530;000;000;606;63%;Reform;CON
Hornsey and Friern Barnet;Enfield and Haringey;11;69886;772;3389;963;1033;3294;000;444;105;69%;LAB;LAB
Horsham;Sussex West;12;79148;3261;673;2706;1850;876;000;000;635;70%;CON;LIB
Houghton and Sunderland South;Tyne and Wear South;3;78875;425;3878;156;4276;421;000;000;844;55%;Reform;LAB
Hove and Portslade;South Coast;12;73884;1016;2855;606;1751;2803;000;000;969;70%;LAB;LAB
Huddersfield;Huddersfield and Halifax;5;76936;1214;2002;531;2146;3425;000;000;682;53%;Green;LAB
Hull East;East Yorkshire;5;70647;992;1849;759;3802;1732;000;000;867;48%;Reform;LAB
Hull North and Cottingham;East Yorkshire;5;75279;1178;2301;740;2797;2106;000;000;876;53%;Reform;LAB
Hull West and Haltemprice;East Yorkshire;5;73253;1339;2590;631;3195;1449;000;000;796;55%;Reform;LAB
Huntingdon;Cambridgeshire North;9;79074;4160;918;505;3064;697;000;000;655;65%;CON;CON
Hyndburn;Lancashire East;4;76575;1919;1691;655;3062;2110;000;000;563;50%;Reform;LAB
Ilford North;Dagenham and Redbridge;11;77835;1950;1914;494;1226;1975;000;2442;000;53%;MIN;LAB
Ilford South;Dagenham and Redbridge;11;80792;1341;2084;420;1232;2697;000;000;2226;46%;Green;LAB
Ipswich;Suffolk West and Ipswich;9;76317;1877;1956;786;2915;1869;000;000;597;59%;Reform;LAB
Isle of Wight East;Isle of Wight and the New Forest;12;55853;3679;591;407;3614;887;000;000;823;62%;CON;CON
Isle of Wight West;Isle of Wight and the New Forest;12;55407;1963;1779;1124;3143;1453;000;000;537;65%;Reform;LAB
Islington North;Central London;11;72582;501;2106;373;1017;3183;000;000;2819;64%;Green;MIN
Islington South and Finsbury;Central London;11;74121;778;2837;664;1403;3595;000;000;723;60%;Green;LAB
Jarrow and Gateshead East;Tyne and Wear South;3;70179;332;4117;147;4112;479;000;000;813;55%;LAB;LAB
Keighley and Ilkley;Bradford;5;74684;2501;2058;526;2712;1571;000;000;632;57%;Reform;CON
Kenilworth and Southam;Warwickshire;7;75472;3493;1098;1291;2569;944;000;000;604;71%;CON;CON
Kensington and Bayswater;West London;11;77304;2746;2279;700;1471;1889;000;641;274;56%;CON;LAB
Kettering;Northamptonshire;8;79379;1414;1499;563;3046;2970;000;000;508;63%;Reform;LAB
Kingston and Surbiton;South West London;11;77461;1594;1007;3315;1385;1864;000;183;652;66%;LIB;LIB
Kingswinford and South Staffordshire;Staffordshire South;7;71662;4009;777;359;3500;477;000;000;879;65%;CON;CON
Knowsley;Merseyside East and Warrington;4;72086;466;3765;343;3015;1715;000;448;247;53%;LAB;LAB
Lancashire West;Lancashire South;4;74113;1037;3840;383;3127;1033;000;000;579;60%;LAB;LAB
Lancaster and Wyre;Lancashire West;4;75015;1508;2318;569;2146;2817;000;000;642;63%;Green;LAB
Leeds Central and Headingley;Leeds;5;70555;609;2373;516;1333;4600;000;369;199;52%;Green;LAB
Leeds East;Leeds;5;75658;1258;2388;456;2900;2147;000;000;851;52%;Reform;LAB
Leeds North East;Leeds;5;70178;1301;3150;572;1249;2883;000;541;303;63%;LAB;LAB
Leeds North West;Leeds;5;71592;1845;2964;1114;1621;1868;000;000;588;67%;LAB;LAB
Leeds South;Leeds;5;76501;1014;2479;449;1880;3247;000;208;722;46%;Green;LAB
Leeds South West and Morley;Leeds;5;71853;1764;2296;645;2893;1774;000;000;628;57%;Reform;LAB
Leeds West and Pudsey;Leeds;5;70069;1285;2651;548;2340;2321;000;485;370;58%;LAB;LAB
Leicester East;Leicestershire East and Rutland;8;76815;3000;1445;960;942;1779;000;942;932;50%;CON;CON
Leicester South;Leicestershire East and Rutland;8;70613;917;1952;399;1086;3551;000;000;2094;52%;Green;MIN
Leicester West;Leicestershire East and Rutland;8;74103;1629;2345;664;1977;2613;000;000;772;47%;Green;LAB
Leicestershire Mid;Leicestershire West;8;76861;3990;1194;435;2943;908;000;000;528;61%;CON;CON
Leicestershire North West;Leicestershire West;8;77752;3438;1404;346;3178;926;000;000;708;62%;CON;LAB
Leicestershire South;Leicestershire West;8;77612;4259;843;636;3073;667;000;000;522;64%;CON;CON
Leigh and Atherton;Manchester North West;4;80249;490;3680;136;4445;472;000;000;777;55%;Reform;LAB
Lewes;Sussex East;12;76164;1495;584;3934;2346;1174;000;000;466;71%;LIB;LIB
Lewisham East;South East London;11;73377;999;3054;496;1801;2909;000;397;344;54%;LAB;LAB
Lewisham North;South East London;11;74203;653;3009;507;1111;4140;000;257;322;60%;Green;LAB
Lewisham West and East Dulwich;South East London;11;70099;744;3332;575;1170;3626;000;324;230;65%;Green;LAB
Leyton and Wanstead;Lea Valley;11;73365;1006;2619;553;1340;3189;000;349;945;57%;Green;LAB
Lichfield;Staffordshire South;7;75887;3981;1057;382;3233;553;000;000;794;66%;CON;LAB
Lincoln;Lincolnshire North;8;72755;1813;2372;727;2344;1969;000;343;431;58%;LAB;LAB
Liverpool Garston;Merseyside East and Warrington;4;69326;883;3095;813;2027;2253;000;000;929;61%;LAB;LAB
Liverpool Riverside;Merseyside East and Liverpool;4;70652;513;2886;409;1847;3666;000;000;679;50%;Green;LAB
Liverpool Walton;Merseyside East and Liverpool;4;69411;452;4037;318;2857;1671;000;000;665;55%;LAB;LAB
Liverpool Wavertree;Merseyside East and Liverpool;4;70932;596;2877;603;1515;3757;000;000;653;60%;Green;LAB
Liverpool West Derby;Merseyside East and Liverpool;4;70544;589;3461;443;2551;2135;000;000;820;55%;LAB;LAB
Loughborough;Leicestershire West;8;69143;2079;2196;887;2313;2092;000;000;434;61%;Reform;LAB
Louth and Horncastle;Lincolnshire South;8;76880;3596;690;328;4244;494;000;000;648;60%;Reform;CON
Lowestoft;Suffolk East;9;74332;1870;1605;730;3616;1439;000;000;740;60%;Reform;LAB
Luton North;Bedfordshire;9;74325;1597;1880;565;1940;1980;000;2038;000;50%;MIN;LAB
Luton South and South Bedfordshire;Bedfordshire;9;77510;1532;1693;607;2113;2035;000;000;2020;50%;Reform;LAB
Macclesfield;Cheshire;4;76416;2165;2664;954;2151;1638;000;000;428;68%;LAB;LAB
Maidenhead;Buckinghamshire South;12;74220;3632;168;4386;869;352;000;000;594;67%;LIB;LIB
Maidstone and Malling;Medway and Maidstone;12;78095;2441;1221;1381;2717;1593;000;000;648;64%;Reform;CON
Makerfield;Lancashire South;4;76681;420;3508;177;4640;483;000;000;772;56%;Reform;LAB
Maldon;Essex South East;9;78280;3927;572;531;3913;457;000;000;600;65%;CON;CON
Manchester Central;Manchester Central and Trafford;4;85055;755;2425;517;1863;3655;000;588;197;49%;Green;LAB
Manchester Rusholme;Manchester Central and Trafford;4;72604;553;2376;231;997;5009;000;732;102;42%;Green;LAB
Manchester Withington;Manchester Central and Trafford;4;70548;567;3032;773;920;4179;000;487;042;61%;Green;LAB
Mansfield;Nottinghamshire North;8;73784;1984;1846;582;3707;1327;000;000;553;56%;Reform;LAB
Melksham and Devizes;Wiltshire South;10;71882;2933;726;2574;2231;884;000;000;653;70%;CON;LIB
Melton and Syston;Leicestershire East and Rutland;8;74170;3835;829;343;3540;833;000;000;621;62%;CON;CON
Meriden and Solihull East;Coventry and Meriden;7;73286;4038;840;430;3228;705;000;000;759;61%;CON;CON
Middlesbrough and Thornaby East;Teesside;3;74909;1298;2204;444;3204;1842;000;847;162;48%;Reform;LAB
Middlesbrough South and East Cleveland;Teesside;3;70328;3417;1640;589;2902;920;000;000;531;55%;CON;LAB
Milton Keynes Central;Buckinghamshire North;12;82149;2233;1931;1191;2014;2121;000;000;509;59%;CON;LAB
Milton Keynes North;Buckinghamshire North;12;69689;2291;2037;1034;2314;1814;000;000;510;64%;Reform;LAB
Mitcham and Morden;Wimbledon and Sutton;11;77273;1245;2877;655;1802;2532;000;667;222;57%;LAB;LAB
Morecambe and Lunesdale;Lancashire West;4;76162;2067;2021;1311;2729;1492;000;000;379;64%;Reform;LAB
New Forest East;Isle of Wight and the New Forest;12;70618;4118;596;671;3324;588;000;000;703;65%;CON;CON
New Forest West;Isle of Wight and the New Forest;12;68644;4070;766;735;3168;554;000;000;707;68%;CON;CON
Newark;Nottinghamshire North;8;79982;4155;997;401;3283;651;000;053;460;65%;CON;CON
Newbury;Berkshire;12;71900;2814;566;2902;2218;967;000;000;533;68%;LIB;LIB
Newcastle upon Tyne Central and West;Tyne and Wear North;3;77461;954;2387;559;2589;2269;000;000;1242;54%;Reform;LAB
Newcastle upon Tyne East and Wallsend;Tyne and Wear North;3;76309;836;2552;636;2677;2535;000;331;434;57%;Reform;LAB
Newcastle upon Tyne North;Tyne and Wear North;3;75966;1328;2709;1052;1766;2534;000;000;611;65%;LAB;LAB
Newcastle-under-Lyme;Staffordshire North;7;67841;1969;1928;885;3123;1409;000;000;686;61%;Reform;LAB
Newton Abbot;Devon Central and East;10;73886;1679;695;3088;2985;892;000;000;662;67%;LIB;LIB
Newton Aycliffe and Spennymoor;County Durham;3;72559;705;3891;241;4024;570;000;274;294;53%;Reform;LAB
Norfolk Mid;Norfolk South;9;75238;3640;953;451;3608;619;000;000;728;62%;CON;CON
Norfolk North;Norfolk North;9;71433;2529;543;2881;2877;645;000;000;525;65%;LIB;LIB
Norfolk North West;Norfolk North;9;74414;3605;646;556;4123;496;000;000;573;61%;Reform;CON
Norfolk South;Norfolk South;9;74134;2234;1863;1444;2263;1605;000;000;592;68%;Reform;LAB
Norfolk South West;Norfolk South;9;74725;1988;1466;768;3020;1004;000;1608;147;60%;Reform;LAB
Normanton and Hemsworth;Wakefield and Dewsbury;5;75551;476;3505;163;4524;533;000;000;799;54%;Reform;LAB
Northampton North;Northamptonshire;8;76187;1695;2491;685;2421;1952;000;447;309;51%;LAB;LAB
Northampton South;Northamptonshire;8;69755;2032;2136;1023;2633;1775;000;000;401;58%;Reform;LAB
Northamptonshire South;Northamptonshire;8;78606;3872;1154;619;2978;805;000;070;503;64%;CON;CON
Northumberland North;Northumberland;3;74265;1940;2511;1151;2170;1294;000;000;935;63%;LAB;LAB
Norwich North;Norfolk North;9;73723;1649;2392;682;2430;1909;000;000;938;63%;Reform;LAB
Norwich South;Norfolk South;9;76381;868;2234;656;1972;3433;000;000;836;65%;Green;LAB
Nottingham East;Nottinghamshire South;8;69395;864;2734;450;1569;3513;000;644;226;52%;Green;LAB
Nottingham North and Kimberley;Nottinghamshire South;8;73767;1425;2369;450;2913;2101;000;000;743;49%;Reform;LAB
Nottingham South;Nottinghamshire South;8;64255;1251;2407;566;2317;2610;000;606;243;52%;Green;LAB
Nuneaton;Warwickshire;7;71718;1981;1692;706;3331;1502;000;787;000;60%;Reform;LAB
Old Bexley and Sidcup;Bexley and Bromley;11;72291;4184;926;346;3099;632;000;000;813;64%;CON;CON
Oldham East and Saddleworth;Manchester North East;4;72796;1474;1948;822;2587;1739;000;1018;412;54%;Reform;LAB
Oldham West, Chadderton and Royton;Manchester North East;4;73136;1024;1941;441;2581;2073;000;000;1941;48%;Reform;LAB
Orpington;Bexley and Bromley;11;71047;4296;921;543;2811;639;000;000;791;64%;CON;CON
Ossett and Denby Dale;Wakefield and Dewsbury;5;72329;1966;2198;768;2987;1520;000;000;561;60%;Reform;LAB
Oxford East;Oxfordshire;12;71845;965;2478;716;1271;3268;000;473;828;59%;Green;LAB
Oxford West and Abingdon;Oxfordshire;12;71319;1527;1049;3209;1500;1981;000;000;734;69%;LIB;LIB
Peckham;South East London;11;72124;663;3014;465;1279;3913;000;000;665;54%;Green;LAB
Pendle and Clitheroe;Lancashire East;4;78796;3830;1200;378;2859;842;000;080;812;57%;CON;LAB
Penistone and Stocksbridge;Barnsley and Sheffield West;5;70537;2079;2261;864;2746;1461;000;000;589;61%;Reform;LAB
Penrith and Solway;Cumbria;4;77794;2092;2150;1161;2771;1387;000;000;440;64%;Reform;LAB
Peterborough;Cambridgeshire North;9;73379;3756;843;237;2887;835;000;1328;115;54%;CON;LAB
Plymouth Moor View;Devon South;10;74691;1872;1807;735;3670;1285;000;000;632;59%;Reform;LAB
Plymouth Sutton and Devonport;Devon South;10;75347;1210;2362;553;2842;1997;000;242;794;59%;Reform;LAB
Pontefract, Castleford and Knottingley;Wakefield and Dewsbury;5;74210;551;3411;179;4439;584;000;000;836;53%;Reform;LAB
Poole;Bournemouth;10;72508;4091;834;494;3221;638;000;000;721;63%;CON;LAB
Poplar and Limehouse;Hackney and Tower Hamlets;11;84468;1058;2092;757;1186;3651;000;920;335;51%;Green;LAB
Portsmouth North;Portsmouth;12;70447;3976;846;351;3508;654;000;000;664;61%;CON;LAB
Portsmouth South;Portsmouth;12;73710;1284;2200;1026;2205;2364;000;000;922;57%;Green;LAB
Preston;Lancashire West;4;77400;1175;1920;644;2264;2186;000;1563;247;51%;Reform;LAB
Putney;Lambeth and Wandsworth;11;71856;1867;2931;1146;936;2425;000;415;280;67%;LAB;LAB
Queen's Park and Maida Vale;West London;11;75558;1011;2728;618;1479;3195;000;725;243;52%;Green;LAB
Rawmarsh and Conisbrough;Doncaster and Rotherham;5;69132;461;3633;154;4428;550;000;774;000;52%;Reform;LAB
Rayleigh and Wickford;Essex South East;9;77180;3740;603;428;4236;474;000;000;519;65%;Reform;CON
Reading Central;Berkshire;12;73724;1525;2526;815;1419;3007;000;000;709;62%;Green;LAB
Reading West and Mid Berkshire;Berkshire;12;68850;2836;1841;1008;2250;1312;000;000;753;67%;CON;LAB
Redcar;Teesside;3;70242;2387;2042;506;3421;1075;000;000;569;54%;Reform;LAB
Redditch;Worcestershire;7;71017;3512;1089;316;3541;696;000;847;000;61%;Reform;LAB
Reigate;Surrey East;12;77103;3845;1069;703;2784;1033;000;000;566;68%;CON;CON
Ribble Valley;Lancashire West;4;80484;2863;2061;862;2503;1044;000;000;668;64%;CON;LAB
Richmond and Northallerton;North Yorkshire;5;73887;4562;826;489;2947;571;000;051;554;65%;CON;CON
Richmond Park;South West London;11;68004;1892;922;3970;904;1758;000;000;554;75%;LIB;LIB
Rochdale;Manchester North East;4;70676;1019;1993;617;2298;2042;000;2030;000;49%;Reform;LAB
Rochester and Strood;Medway and Maidstone;12;70506;2135;1533;777;3585;1372;000;337;261;59%;Reform;LAB
Romford;Dagenham and Redbridge;11;72977;3936;861;331;3389;642;000;691;150;59%;CON;CON
Romsey and Southampton North;Southampton;12;71992;3046;719;2587;2201;898;000;000;549;68%;CON;CON
Rossendale and Darwen;Lancashire East;4;73993;1930;2095;685;3124;1637;000;529;000;60%;Reform;LAB
Rother Valley;Doncaster and Rotherham;5;69461;2582;1950;562;3354;1055;000;000;497;58%;Reform;LAB
Rotherham;Doncaster and Rotherham;5;75929;510;2170;608;3612;1880;000;577;643;49%;Reform;LAB
Rugby;Warwickshire;7;74848;3185;1690;583;2744;1008;000;000;791;65%;CON;LAB
Ruislip, Northwood and Pinner;Southall;11;71682;3644;1790;1125;1536;1186;000;000;719;64%;CON;CON
Runcorn and Helsby;Cheshire;4;71955;588;4330;222;3380;732;000;000;748;61%;LAB;LAB
Runnymede and Weybridge;Runnymede;12;73611;3825;859;1175;2746;754;000;000;641;65%;CON;CON
Rushcliffe;Nottinghamshire South;8;79206;2609;2745;700;1757;1688;000;000;501;70%;LAB;LAB
Rutland and Stamford;Leicestershire East and Rutland;8;71713;4631;749;600;2939;647;000;000;435;66%;CON;CON
Salford;Manchester North West;4;83634;847;2584;513;2253;3083;000;560;161;51%;Green;LAB
Salisbury;Wiltshire South;10;71553;2876;1619;1715;2044;1016;000;000;730;69%;CON;CON
Scarborough and Whitby;North Yorkshire;5;74558;1964;2100;857;3176;1355;000;000;548;60%;Reform;LAB
Scunthorpe;Lincolnshire North;5;74551;2053;1962;654;3250;1407;000;000;674;54%;Reform;LAB
Sefton Central;Merseyside East and Liverpool;4;73909;932;4290;398;2803;994;000;000;582;65%;LAB;LAB
Selby;York;5;78051;1721;3026;551;2864;1223;000;000;615;62%;LAB;LAB
Sevenoaks;Kent West;12;73709;3535;701;1469;2886;680;000;000;729;68%;CON;CON
Sheffield Brightside and Hillsborough;Sheffield;5;70453;862;2485;449;1851;3113;000;649;591;47%;Green;LAB
Sheffield Central;Sheffield;5;60778;435;2186;377;746;5681;000;155;420;62%;Green;LAB
Sheffield Hallam;Barnsley and Sheffield West;5;73033;1068;2876;2124;812;2684;000;091;345;71%;LAB;LAB
Sheffield Heeley;Sheffield;5;73563;1009;2717;769;1577;3167;000;207;554;55%;Green;LAB
Sheffield South East;Sheffield;5;73992;1382;2542;804;2013;2233;000;352;673;50%;LAB;LAB
Sherwood Forest;Nottinghamshire North;8;78894;1994;1936;816;3289;1459;000;000;507;62%;Reform;LAB
Shipley;Bradford;5;73828;1874;2527;784;2185;2115;000;111;404;64%;LAB;LAB
Shrewsbury;English Marches;7;76490;1915;2236;1373;2195;1533;000;000;748;67%;LAB;LAB
Shropshire North;English Marches;7;77712;1961;601;3408;2305;951;000;000;774;67%;LIB;LIB
Shropshire South;English Marches;7;76334;3773;613;1241;3242;529;000;000;602;67%;CON;CON
Sittingbourne and Sheppey;Medway and Maidstone;12;79067;2299;1146;601;3870;1048;000;000;1034;56%;Reform;LAB
Skipton and Ripon;North Yorkshire;5;78768;3351;1396;706;3076;968;000;000;503;66%;CON;CON
Sleaford and North Hykeham;Lincolnshire South;8;75544;3834;856;346;3625;608;000;000;730;62%;CON;CON
Slough;Runnymede;12;81374;1578;1780;594;1176;2056;000;2817;000;51%;MIN;LAB
Smethwick;Black Country;7;73065;1171;2309;447;2475;1940;000;948;710;48%;Reform;LAB
Solihull West and Shirley;Birmingham South;7;71835;4213;805;666;2765;823;000;727;000;64%;CON;CON
Somerset North;Avon South;10;74429;2602;2034;1113;2399;1284;000;568;000;72%;CON;LAB
Somerset North East and Hanham;Avon South;10;73889;2282;1982;1223;2380;1575;000;000;558;70%;Reform;LAB
South Holland and The Deepings;Lincolnshire South;8;78471;3556;602;305;4141;467;000;000;928;58%;Reform;CON
South Ribble;Lancashire South;4;73420;2122;2250;970;2814;1393;000;000;451;64%;Reform;LAB
South Shields;Tyne and Wear South;3;68356;872;2155;502;3230;2224;000;000;1018;58%;Reform;LAB
Southampton Itchen;Southampton;12;68832;1881;2140;744;2495;1753;000;000;988;57%;Reform;LAB
Southampton Test;Southampton;12;64943;1323;2174;704;2451;2267;000;734;347;58%;Reform;LAB
Southend East and Rochford;Essex South East;9;70218;2005;1785;918;3021;1597;000;000;673;58%;Reform;LAB
Southend West and Leigh;Essex South East;9;75154;3257;1427;510;2952;1034;000;000;820;63%;CON;LAB
Southgate and Wood Green;Enfield and Haringey;11;77541;1376;2843;752;1479;2637;000;470;443;60%;LAB;LAB
Southport;Merseyside East and Liverpool;4;73610;2094;2276;1207;2243;1465;000;000;715;61%;LAB;LAB
Spelthorne;Runnymede;12;73783;2658;1249;1564;2609;1282;000;000;637;64%;CON;CON
Spen Valley;Wakefield and Dewsbury;5;72756;1918;2300;709;2412;1626;000;000;1035;56%;Reform;LAB
St Albans;Hertfordshire West;9;72980;1608;894;3668;1366;1768;000;000;696;72%;LIB;LIB
St Austell and Newquay;Cornwall;10;76154;1779;1761;1260;3289;1326;000;000;585;61%;Reform;LAB
St Helens North;Lancashire South;4;75564;585;3652;287;3655;1082;000;000;740;57%;Reform;LAB
St Helens South and Whiston;Merseyside East and Warrington;4;71540;758;2492;565;2987;2030;000;000;1168;57%;Reform;LAB
St Ives;Cornwall;10;69980;1848;633;3652;2194;1013;000;000;660;68%;LIB;LIB
St Neots and Mid Cambridgeshire;Cambridgeshire South;9;78115;2177;848;2974;1926;1416;000;000;659;69%;LIB;LIB
Stafford;Staffordshire North;7;70609;2041;1981;805;2951;1570;000;000;652;67%;Reform;LAB
Staffordshire Moorlands;Staffordshire North;7;69892;3238;979;338;4278;568;000;000;599;63%;Reform;CON
Stalybridge and Hyde;Manchester East;4;72231;1265;2576;430;2953;1684;000;549;543;54%;Reform;LAB
Stevenage;Hertfordshire East;9;70260;2136;2110;842;2530;1574;000;000;807;61%;Reform;LAB
Stockport;Manchester East;4;76629;936;2650;736;2298;2594;000;702;083;59%;LAB;LAB
Stockton North;Teesside;3;70073;1199;3175;342;3466;1045;000;000;773;53%;Reform;LAB
Stockton West;Teesside;3;72252;3038;2162;672;2592;1046;000;000;490;64%;CON;CON
Stoke-on-Trent Central;Staffordshire North;7;74902;1262;1884;408;3458;1471;000;000;1517;52%;Reform;LAB
Stoke-on-Trent North;Staffordshire North;7;68842;1909;1955;525;3180;1174;000;000;1257;53%;Reform;LAB
Stoke-on-Trent South;Staffordshire North;7;68002;3573;1146;335;3268;608;000;000;1070;61%;CON;LAB
Stone, Great Wyrley and Penkridge;Staffordshire South;7;71560;4117;1109;558;2700;663;000;000;853;63%;CON;CON
Stourbridge;Black Country;7;68263;2969;1595;462;3075;903;000;996;000;59%;Reform;LAB
Stratford and Bow;Lea Valley;11;80439;702;2141;403;1081;4025;000;559;1089;53%;Green;LAB
Stratford-on-Avon;Warwickshire;7;75162;2727;634;2740;2397;794;000;000;708;71%;LIB;LIB
Streatham and Croydon North;Croydon;11;82911;1034;2756;709;1401;3385;000;486;229;56%;Green;LAB
Stretford and Urmston;Manchester Central and Trafford;4;75154;1159;2847;495;2050;2441;000;943;065;59%;LAB;LAB
Stroud;Gloucestershire;10;77885;1721;2543;722;2153;2123;000;000;737;72%;LAB;LAB
Suffolk Central and North Ipswich;Suffolk East;9;73045;3603;801;482;3252;1003;000;000;859;66%;CON;CON
Suffolk Coastal;Suffolk East;9;74522;2020;1519;1496;2822;1630;000;000;513;69%;Reform;LAB
Suffolk South;Suffolk West and Ipswich;9;73387;3825;794;490;3431;775;000;000;686;68%;CON;CON
Suffolk West;Suffolk West and Ipswich;9;77151;3887;747;374;3572;618;000;000;802;62%;CON;CON
Sunderland Central;Tyne and Wear South;3;75731;1096;2676;682;3151;1505;000;000;890;55%;Reform;LAB
Surrey East;Surrey East;12;73308;4042;617;710;3380;637;000;000;614;67%;CON;CON
Surrey Heath;Surrey West and Aldershot;12;71936;3321;434;3136;1787;659;000;000;663;68%;CON;LIB
Sussex Mid;Sussex West;12;76061;2113;1060;3174;1800;1364;000;000;489;72%;LIB;LIB
Sussex Weald;Sussex East;12;72903;4042;567;664;3155;698;000;000;875;69%;CON;CON
Sutton and Cheam;Wimbledon and Sutton;11;72302;2558;782;3730;1324;1037;000;000;570;65%;LIB;LIB
Sutton Coldfield;Birmingham North;7;74081;3264;1734;729;2569;930;000;773;000;65%;CON;CON
Swindon North;Swindon and Chippenham;10;72973;2459;2070;521;2980;1203;000;000;766;60%;Reform;LAB
Swindon South;Swindon and Chippenham;10;72882;2015;2386;789;2493;1724;000;000;594;60%;Reform;LAB
Tamworth;Staffordshire South;7;75129;3428;1034;278;3825;588;000;313;534;61%;Reform;LAB
Tatton;Cheshire;4;75123;2910;2152;1099;2311;1161;000;000;368;67%;CON;CON
Taunton and Wellington;Somerset West and Barnstaple;10;78911;2042;697;3324;2118;1080;000;000;739;65%;LIB;LIB
Telford;English Marches;7;73795;1688;2117;554;3339;1370;000;000;932;56%;Reform;LAB
Tewkesbury;Gloucestershire;10;73592;2163;638;3206;2230;1273;000;000;490;69%;LIB;LIB
Thanet East;Kent East;12;74939;1771;1993;561;2913;1680;000;000;1081;59%;Reform;LAB
Thirsk and Malton;North Yorkshire;5;78151;4115;798;525;3443;600;000;000;518;63%;CON;CON
Thornbury and Yate;Avon North;10;78195;2919;719;2559;2287;915;000;000;601;68%;CON;LIB
Thurrock;Essex South West;9;73439;1854;2001;511;3058;1452;000;684;439;52%;Reform;LAB
Tipton and Wednesbury;Black Country;7;73875;1901;1687;451;3379;1262;000;000;1319;46%;Reform;LAB
Tiverton and Minehead;Somerset West and Barnstaple;10;71610;2632;675;2374;2743;862;000;000;714;68%;Reform;LIB
Tonbridge;Kent West;12;71875;4083;610;441;3106;995;000;000;765;69%;CON;CON
Tooting;Lambeth and Wandsworth;11;76218;1404;3119;723;1074;2988;000;412;280;68%;LAB;LAB
Torbay;Devon South;10;76181;1512;383;3706;3133;664;000;603;000;63%;LIB;LIB
Torridge and Tavistock;Devon Central and East;10;74725;3631;764;924;3420;596;000;000;666;68%;CON;CON
Tottenham;Enfield and Haringey;11;75905;620;2852;411;1371;3756;000;181;809;54%;Green;LAB
Truro and Falmouth;Cornwall;10;73051;1886;2295;1273;2088;1767;000;000;690;68%;LAB;LAB
Tunbridge Wells;Kent South;12;78575;2216;764;3362;1924;1239;000;000;495;71%;LIB;LIB
Twickenham;South West London;11;74980;1420;1082;3801;1199;1863;000;636;000;73%;LIB;LIB
Tynemouth;Tyne and Wear North;3;73278;1424;3049;646;2262;1867;000;000;752;66%;LAB;LAB
Uxbridge and South Ruislip;Southall;11;74746;2822;1956;699;2062;1616;000;000;845;58%;CON;LAB
Vauxhall and Camberwell Green;Lambeth and Wandsworth;11;69901;741;3047;671;1300;3691;000;000;549;55%;Green;LAB
Wakefield and Rothwell;Wakefield and Dewsbury;5;74786;1220;2685;601;3130;1463;000;425;477;56%;Reform;LAB
Wallasey;Wirral and Chester North;4;74057;971;3195;522;2473;2082;000;530;226;59%;LAB;LAB
Walsall and Bloxwich;Wolverhampton and Walsall;7;76995;1438;1669;519;2604;1634;000;000;2137;50%;Reform;LAB
Walthamstow;Lea Valley;11;76275;619;3005;409;1164;3837;000;414;553;57%;Green;LAB
Warrington North;Merseyside East and Warrington;4;70600;481;3995;164;4098;469;000;000;793;59%;Reform;LAB
Warrington South;Merseyside East and Warrington;4;79255;2014;2599;899;2248;1662;000;000;578;62%;LAB;LAB
Warwick and Leamington;Warwickshire;7;76293;1796;2463;907;1744;2388;000;000;701;67%;LAB;LAB
Warwickshire North and Bedworth;Warwickshire;7;69752;3034;1340;357;3661;715;000;000;894;61%;Reform;LAB
Washington and Gateshead South;Tyne and Wear South;3;70963;386;3873;134;4313;422;000;000;872;55%;Reform;LAB
Watford;Hertfordshire West;9;72999;2395;1720;1511;1517;1850;000;946;060;60%;CON;LAB
Waveney Valley;Suffolk East;9;73057;672;199;166;3899;4440;000;000;624;70%;Green;Green
Weald of Kent;Kent South;12;75297;3979;747;457;3437;674;000;000;705;67%;CON;CON
Wellingborough and Rushden;Northamptonshire;8;78741;1928;2028;820;3186;1636;000;000;403;55%;Reform;LAB
Wells and Mendip Hills;Somerset East and Weston;10;69933;2010;737;3255;1971;1134;000;000;893;69%;LIB;LIB
Welwyn Hatfield;Hertfordshire East;9;75259;2933;1963;697;2381;1398;000;000;628;64%;CON;LAB
West Bromwich;Black Country;7;74095;1683;2401;536;2585;1525;000;000;1270;48%;Reform;LAB
West Ham and Beckton;Lea Valley;11;78906;1011;2181;403;1715;2965;000;1582;143;46%;Green;LAB
Westmorland and Lonsdale;Cumbria;4;71996;1629;731;4097;1783;1222;000;000;539;69%;LIB;LIB
Weston-super-Mare;Somerset East and Weston;10;71397;2003;1820;1155;2920;1501;000;000;601;61%;Reform;LAB
Wetherby and Easingwold;York;5;75587;2859;1944;940;2390;1302;000;000;564;69%;CON;CON
Whitehaven and Workington;Cumbria;4;72795;598;4175;143;4086;391;000;000;607;57%;LAB;LAB
Widnes and Halewood;Merseyside East and Warrington;4;71180;316;4691;124;3640;532;000;696;000;56%;LAB;LAB
Wigan;Lancashire South;4;77514;406;3730;144;4036;509;000;000;1175;55%;Reform;LAB
Wiltshire East;Wiltshire South;10;73856;4124;830;721;3082;578;000;000;665;63%;CON;CON
Wiltshire South West;Wiltshire South;10;72809;4149;783;580;3123;610;000;000;756;64%;CON;CON
Wimbledon;Wimbledon and Sutton;11;76329;2061;1432;3258;909;1764;000;317;258;71%;LIB;LIB
Winchester;Hampshire;12;78291;2193;495;4262;1425;1195;000;000;430;75%;LIB;LIB
Windsor;Runnymede;12;73470;3026;1176;1649;2285;1122;000;205;537;61%;CON;CON
Wirral West;Wirral and Chester North;4;72863;2095;3047;891;1701;1684;000;000;582;68%;LAB;LAB
Witham;Essex North;9;79073;3838;803;403;3476;674;000;000;806;65%;CON;CON
Witney;Oxfordshire;12;75447;2694;773;2445;2307;1029;000;000;752;68%;CON;LIB
Woking;Surrey West and Aldershot;12;72976;2256;592;3901;1594;1238;000;000;419;67%;LIB;LIB
Wokingham;Berkshire;12;73952;3680;143;4316;915;337;000;000;609;72%;LIB;LIB
Wolverhampton North East;Wolverhampton and Walsall;7;70270;1874;1822;659;3487;1405;000;000;753;51%;Reform;LAB
Wolverhampton South East;Wolverhampton and Walsall;7;78243;1165;2414;340;3568;1251;000;1262;000;48%;Reform;LAB
Wolverhampton West;Wolverhampton and Walsall;7;78349;2272;2325;621;1920;1662;000;242;958;55%;LAB;LAB
Worcester;Worcestershire;7;74932;1721;2020;840;2421;2143;000;000;854;64%;Reform;LAB
Worcestershire West;Worcestershire;7;79086;2921;827;1533;3159;997;000;000;564;69%;Reform;CON
Worsley and Eccles;Manchester North West;4;78344;885;3418;325;3265;1222;000;357;528;56%;LAB;LAB
Worthing East and Shoreham;South Coast;12;74737;1961;2501;816;2334;1560;000;000;829;65%;LAB;LAB
Worthing West;South Coast;12;77037;2598;2168;635;2644;1196;000;000;759;66%;Reform;LAB
Wrekin, The;English Marches;7;79365;4036;862;396;3268;661;000;000;777;63%;CON;CON
Wycombe;Buckinghamshire South;12;75128;2185;1959;1189;1562;1774;000;747;585;58%;CON;LAB
Wyre Forest;Worcestershire;7;77394;3551;971;351;3458;602;000;000;1068;61%;CON;CON
Wythenshawe and Sale East;Manchester Central and Trafford;4;77765;1068;2718;494;2475;2445;000;549;251;53%;LAB;LAB
Yeovil;Somerset East and Weston;10;79931;1973;629;3331;2142;1067;000;000;857;63%;LIB;LIB
York Central;York;5;79559;985;3001;585;1912;2930;000;000;587;58%;LAB;LAB
York Outer;York;5;76228;2251;2281;1518;1885;1710;000;000;356;67%;LAB;LAB
Aberafan Maesteg;West Glamorgan;6;72363;284;234;547;3382;1338;3590;000;625;53%;Plaid;LAB
Alyn and Deeside;Clwyd;6;75790;1171;1108;760;3082;1230;2030;000;618;59%;Reform;LAB
Bangor Aberconwy;Gogledd Cymru;6;69022;1124;797;813;2255;1274;3284;000;453;61%;Plaid;LAB
Blaenau Gwent and Rhymney;Gwent;6;70154;869;1450;601;1959;1589;2721;141;670;48%;Plaid;LAB
Brecon, Radnor and Cwm Tawe;Gorllewin Cymru a'r Canolbarth;6;73116;1741;814;2396;2018;1002;1596;000;431;62%;LIB;LIB
Bridgend;Cardiff and Bridgend;6;72999;566;355;690;3198;1325;3128;000;739;59%;Reform;LAB
Caerfyrddin (Carmarthen);Gorllewin Cymru a'r Canolbarth;6;74002;361;108;580;2978;987;4529;198;259;66%;Plaid;Plaid
Caerphilly;The Valleys;6;71666;279;165;605;3123;1341;3952;000;535;57%;Plaid;LAB
Cardiff East;Cardiff and Bridgend;6;72872;866;1296;1261;1532;2315;2242;000;487;56%;Green;LAB
Cardiff North;Cardiff and Bridgend;6;71336;1637;1778;1031;1321;1828;1949;000;456;64%;Plaid;LAB
Cardiff South and Penarth;Cardiff and Bridgend;6;72613;957;1340;721;1420;2544;2579;000;440;58%;Plaid;LAB
Cardiff West;Cardiff and Bridgend;6;75800;1049;1245;620;1628;1702;3184;000;573;61%;Plaid;LAB
Ceredigion Preseli;Gorllewin Cymru a'r Canolbarth;6;75550;458;285;1108;1996;1063;4719;371;000;65%;Plaid;Plaid
Clwyd East;Clwyd;6;76639;1894;1142;1045;2565;1197;1838;000;319;62%;Reform;LAB
Clwyd North;Clwyd;6;75028;2352;1080;689;2819;967;1650;000;442;56%;Reform;LAB
Dwyfor Meirionnydd;Gogledd Cymru;6;73045;238;075;499;2340;966;5490;000;391;63%;Plaid;Plaid
Gower;West Glamorgan;6;75779;1385;1579;836;2214;1438;1992;000;557;63%;Reform;LAB
Llanelli;Gorllewin Cymru a'r Canolbarth;6;71535;292;149;527;3503;1062;3890;000;576;60%;Plaid;LAB
Merthyr Tydfil and Aberdare;The Valleys;6;74407;271;211;567;3406;1339;3560;307;339;52%;Plaid;LAB
Monmouthshire;Gwent;6;74824;2512;1577;993;2315;1123;1067;000;413;63%;CON;LAB
Montgomeryshire and Glyndwr;Gogledd Cymru;6;74048;1155;944;1405;2652;1176;2073;000;595;60%;Reform;LAB
Neath and Swansea East;West Glamorgan;6;77271;310;200;718;3492;1409;3341;000;530;56%;Reform;LAB
Newport East;Gwent;6;76844;1145;1235;706;2483;1543;2124;000;764;52%;Reform;LAB
Newport West and Islwyn;Gwent;6;76758;623;487;676;3053;1377;3074;000;710;58%;Plaid;LAB
Pembrokeshire Mid and South;Gorllewin Cymru a'r Canolbarth;6;79169;2398;1093;787;2868;908;1497;000;449;59%;Reform;LAB
Pontypridd;The Valleys;6;75601;416;469;581;2825;1505;3434;000;771;55%;Plaid;LAB
Rhondda and Ogmore;The Valleys;6;74571;224;220;475;3374;1403;3716;000;588;52%;Plaid;LAB
Swansea West;West Glamorgan;6;73970;866;1204;977;2122;1815;2443;000;573;52%;Plaid;LAB
Torfaen;Gwent;6;71737;517;336;631;3507;1272;3078;000;658;54%;Reform;LAB
Vale of Glamorgan;Cardiff and Bridgend;6;74375;1903;1165;1025;2268;1415;1846;000;378;62%;Reform;LAB
Wrexham;Clwyd;6;70267;1688;1235;904;2321;1242;2090;000;520;57%;Reform;LAB
Ynys Mon (Anglesey);Gogledd Cymru;6;53140;748;197;707;2972;991;4133;000;252;63%;Plaid;Plaid
Aberdeen North;Moray and Aberdeenshire;2;76202;1416;1015;613;1531;1131;3643;000;650;60%;SNP;SNP
Aberdeen South;Moray and Aberdeenshire;2;77049;3303;200;217;574;1057;4211;000;439;63%;SNP;SNP
Aberdeenshire North and Moray East;Moray and Aberdeenshire;2;70876;4210;009;250;822;403;4136;000;170;58%;CON;SNP
Aberdeenshire West and Kincardine;Moray and Aberdeenshire;2;75384;4495;047;445;498;676;3587;000;252;65%;CON;CON
Airdrie and Shotts;Lanarkshire;2;68418;492;2044;198;1783;1272;3382;000;830;57%;SNP;LAB
Alloa and Grangemouth;Forth Valley;2;71473;784;1670;279;1772;1455;3149;114;777;61%;SNP;LAB
Angus and Perthshire Glens;Heart of Scotland;2;74723;3717;064;229;495;492;4642;000;362;65%;SNP;SNP
Arbroath and Broughty Ferry;Heart of Scotland;2;77915;1571;1163;509;1543;891;3737;000;585;63%;SNP;SNP
Argyll, Bute and South Lochaber;Highlands and Islands;2;72056;2098;469;1639;1132;592;3610;000;459;64%;SNP;SNP
Ayr, Carrick and Cumnock;South West Scotland;2;70295;2634;961;200;1284;1173;3229;000;518;60%;SNP;LAB
Ayrshire Central;South West Scotland;2;69525;1509;1665;237;1673;1359;2965;000;592;63%;SNP;LAB
Ayrshire North and Arran;South West Scotland;2;72154;1432;1476;238;1593;1341;3377;000;544;62%;SNP;LAB
Bathgate and Linlithgow;Forth Valley;2;72139;774;1827;516;1739;1509;2994;000;642;62%;SNP;LAB
Berwickshire, Roxburgh and Selkirk;Southern Scotland;2;75951;4802;053;272;504;803;3248;000;318;61%;CON;CON
Caithness, Sutherland and Easter Ross;Highlands and Islands;2;75793;155;003;5431;591;653;2869;000;298;64%;LIB;LIB
Coatbridge and Bellshill;Lanarkshire;2;73831;385;1964;173;1617;1554;3628;000;679;58%;SNP;LAB
Cowdenbeath and Kirkcaldy;Fife;2;71668;811;1765;390;1647;1532;3062;000;793;60%;SNP;LAB
Cumbernauld and Kirkintilloch;Lanarkshire;2;71473;499;1738;315;1644;1553;3770;000;480;62%;SNP;LAB
Dumfries and Galloway;South West Scotland;2;79554;3860;213;157;699;1003;3710;000;358;62%;CON;CON
Dumfriesshire, Clydesdale and Tweeddale;Southern Scotland;2;71322;4291;176;218;642;1009;3334;000;330;63%;CON;CON
Dunbartonshire Mid;Dunbartonshire and Glasgow North;2;72474;181;097;5022;543;955;2853;000;350;72%;LIB;LIB
Dunbartonshire West;Dunbartonshire and Glasgow North;2;68781;400;1914;212;1629;1593;3641;000;611;60%;SNP;LAB
Dundee Central;Heart of Scotland;2;72961;427;1402;618;1369;995;4231;088;872;58%;SNP;SNP
Dunfermline and Dollar;Fife;2;71269;767;1762;713;1527;1617;2981;000;633;63%;SNP;LAB
East Kilbride and Strathaven;Clyde Valley;2;76415;787;1903;230;1649;1598;3196;000;637;64%;SNP;LAB
Edinburgh East and Musselburgh;Edinburgh;2;76094;594;1546;427;1275;2081;3552;000;525;65%;SNP;LAB
Edinburgh North and Leith;Edinburgh;2;82933;682;1586;783;1189;2169;2984;000;607;68%;SNP;LAB
Edinburgh South;Edinburgh;2;69057;884;2136;586;1397;2223;1952;000;822;69%;Green;LAB
Edinburgh South West;Edinburgh;2;74691;1241;1528;659;1259;1805;2968;000;540;67%;SNP;LAB
Edinburgh West;Edinburgh;2;73236;213;047;5751;499;905;2260;000;325;69%;LIB;LIB
Falkirk;Forth Valley;2;74200;864;1634;256;1629;1496;3384;000;738;61%;SNP;LAB
Fife North East;Fife;2;69762;151;004;5917;481;764;2524;000;159;65%;LIB;LIB
Glasgow East;Clyde Valley;2;69492;507;1673;246;1519;1881;3574;000;600;55%;SNP;LAB
Glasgow North;Dunbartonshire and Glasgow North;2;69255;418;1592;328;1300;2295;3448;000;618;59%;SNP;LAB
Glasgow North East;Dunbartonshire and Glasgow North;2;70329;373;1772;173;1549;1879;3494;000;760;53%;SNP;LAB
Glasgow South;Renfrewshire and Glasgow South;2;70608;406;1571;310;1226;2378;3442;000;666;62%;SNP;LAB
Glasgow South West;Renfrewshire and Glasgow South;2;68078;414;1661;268;1473;1871;3694;000;618;56%;SNP;LAB
Glasgow West;Dunbartonshire and Glasgow North;2;69874;458;1811;329;1421;2089;3321;000;571;62%;SNP;LAB
Glenrothes and Mid Fife;Fife;2;70980;572;1693;443;1833;1120;3867;000;472;57%;SNP;LAB
Gordon and Buchan;Moray and Aberdeenshire;2;66002;4389;016;573;562;415;3871;000;175;64%;CON;CON
Hamilton and Clyde Valley;Clyde Valley;2;75044;1119;1970;359;1732;1240;3030;000;550;59%;SNP;LAB
Inverclyde and Renfrewshire West;Renfrewshire and Glasgow South;2;69070;736;1823;312;1513;1467;3384;000;765;61%;SNP;LAB
Inverness, Skye and West Ross-shire;Highlands and Islands;2;77708;201;030;4423;596;887;3630;000;232;65%;LIB;LIB
Kilmarnock and Loudoun;South West Scotland;2;74586;856;1723;200;1684;1424;3542;000;572;61%;SNP;LAB
Livingston;Forth Valley;2;78088;798;1528;451;1689;1429;3542;000;564;61%;SNP;LAB
Lothian East;Southern Scotland;2;75157;1179;1923;550;1564;1734;2421;000;630;66%;SNP;LAB
Midlothian;Southern Scotland;2;73916;763;1907;586;1669;1212;3294;000;570;62%;SNP;LAB
Moray West, Nairn and Strathspey;Moray and Aberdeenshire;2;76222;3838;108;279;550;923;3974;000;328;63%;SNP;SNP
Motherwell, Wishaw and Carluke;Lanarkshire;2;72884;647;1930;210;1704;1530;3378;000;601;58%;SNP;LAB
Na h-Eileanan An Iar (Western Isles);Highlands and Islands;2;21236;506;1947;282;1455;1230;2395;000;2184;64%;SNP;LAB
Orkney and Shetland;Highlands and Islands;2;34235;282;017;5524;971;1278;1806;000;122;62%;LIB;LIB
Paisley and Renfrewshire North;Renfrewshire and Glasgow South;2;71361;667;1832;331;1680;1534;3458;000;497;61%;SNP;LAB
Paisley and Renfrewshire South;Renfrewshire and Glasgow South;2;72316;565;1848;318;1624;1605;3436;000;604;62%;SNP;LAB
Perth and Kinross-shire;Heart of Scotland;2;78299;3713;112;253;479;569;4500;000;375;67%;SNP;SNP
Renfrewshire East;Renfrewshire and Glasgow South;2;73380;1716;1665;229;1317;1409;2946;000;718;70%;SNP;LAB
Rutherglen;Clyde Valley;2;72674;598;1998;403;1589;1252;3277;000;883;61%;SNP;LAB
Stirling and Strathallan;Heart of Scotland;2;76687;2025;1092;471;1244;1368;3421;000;380;69%;SNP;LAB
Antrim East;Antrim and the Lagan Valley;73302;1;9497;886;11479;10142;4102;2969;0;599;UNK
Antrim North;Antrim and the Lagan Valley;74697;1;3926;1650;11212;4474;11608;7690;0;624;UNK
Antrim South;Antrim and the Lagan Valley;77058;1;16333;1579;8816;4559;2671;8009;0;941;UNK
Belfast East;Belfast;72917;1;1829;615;19902;17203;1902;0;0;1255;UNK
Belfast North;Belfast;74240;1;21;1404;12079;4260;2853;17651;0;2184;UNK
Belfast South and Mid Down;Belfast;74749;1;2672;21317;6874;8824;2200;0;0;1605;UNK
Belfast West;Belfast;75346;1;482;4293;4321;1073;1993;20986;5048;1547;UNK
Down North;Armagh and Down;73885;1;6760;653;5;13593;0;0;20913;1373;UNK
Down South;Armagh and Down;76248;1;1436;10389;7369;3176;1877;19672;0;1324;UNK
Fermanagh and South Tyrone;Ulster West;77828;1;20289;2371;13;2412;0;24815;0;1177;UNK
Foyle;Ulster West;73496;1;1438;15623;3927;1264;0;11459;0;4648;UNK
Lagan Valley;Antrim and the Lagan Valley;82201;1;11170;1021;15669;18601;2168;0;0;452;UNK
Londonderry East;Ulster West;75707;1;3442;5234;11529;3721;4329;11303;0;1719;UNK
Newry and Armagh;Armagh and Down;78244;1;3205;6777;5924;2683;4065;22273;0;1016;UNK
Strangford;Armagh and Down;74525;1;3961;1772;15575;10414;3117;2777;0;1292;UNK
Tyrone West;Ulster West;74269;1;2708;5793;6814;2279;2509;22686;0;906;UNK
Ulster Mid;Ulster West;74000;1;2294;3698;9182;1994;2954;24059;0;1265;UNK
Upper Bann;Armagh and Down;81249;1;3678;1486;21655;6305;0;14209;0;24;UNK